{"type":"FeatureCollection","features":[{"type":"Feature","geometry":{"type":"Point","coordinates":[33.828,31.0553]},"properties":{"iata":"AAC","icao":"HEAR","name":"El Arish","tier":1}},{"type":"Feature","geometry":{"type":"Point","coordinates":[7.8133,36.8268]},"properties":{"iata":"AAE","icao":"DABB","name":"Annaba","tier":1}},{"type":"Feature","geometry":{"type":"Point","coordinates":[9.8499,57.0948]},"properties":{"iata":"AAL","icao":"EKYT","name":"Aalborg","tier":1}},{"type":"Feature","geometry":{"type":"Point","coordinates":[55.6092,24.2617]},"properties":{"iata":"AAN","icao":"OMAL","name":"Al Ain","tier":1}},{"type":"Feature","geometry":{"type":"Point","coordinates":[10.6183,56.3033]},"properties":{"iata":"AAR","icao":"EKAH","name":"Aarhus","tier":1}},{"type":"Feature","geometry":{"type":"Point","coordinates":[91.385,53.74]},"properties":{"iata":"ABA","icao":"UNAA","name":"Abakan","tier":1}},{"type":"Feature","geometry":{"type":"Point","coordinates":[6.6653,6.2042]},"properties":{"iata":"ABB","icao":"DNAS","name":"Asaba","tier":1}},{"type":"Feature","geometry":{"type":"Point","coordinates":[48.2301,30.3679]},"properties":{"iata":"ABD","icao":"OIAA","name":"Abadan","tier":1}},{"type":"Feature","geometry":{"type":"Point","coordinates":[-3.9263,5.2614]},"properties":{"iata":"ABJ","icao":"DIAP","name":"Abidjan","tier":1}},{"type":"Feature","geometry":{"type":"Point","coordinates":[-106.6089,35.04]},"properties":{"iata":"ABQ","icao":"KABQ","name":"Albuquerque","tier":1}},{"type":"Feature","geometry":{"type":"Point","coordinates":[7.2632,9.0068]},"properties":{"iata":"ABV","icao":"DNAA","name":"Abuja","tier":1}},{"type":"Feature","geometry":{"type":"Point","coordinates":[-2.1978,57.2019]},"properties":{"iata":"ABZ","icao":"EGPD","name":"Aberdeen","tier":1}},{"type":"Feature","geometry":{"type":"Point","coordinates":[-99.7531,16.7571]},"properties":{"iata":"ACA","icao":"MMAA","name":"Acapulco","tier":1}},{"type":"Feature","geometry":{"type":"Point","coordinates":[-0.1668,5.6052]},"properties":{"iata":"ACC","icao":"DGAA","name":"Accra","tier":1}},{"type":"Feature","geometry":{"type":"Point","coordinates":[-13.6052,28.9455]},"properties":{"iata":"ACE","icao":"GCRR","name":"San Bartolomé","tier":1}},{"type":"Feature","geometry":{"type":"Point","coordinates":[27.157,38.2924]},"properties":{"iata":"ADB","icao":"LTBJ","name":"Gaziemir","tier":1}},{"type":"Feature","geometry":{"type":"Point","coordinates":[38.7993,8.9779]},"properties":{"iata":"ADD","icao":"HAAB","name":"Addis Ababa","tier":1}},{"type":"Feature","geometry":{"type":"Point","coordinates":[45.03,12.8296]},"properties":{"iata":"ADE","icao":"OYAA","name":"Aden","tier":1}},{"type":"Feature","geometry":{"type":"Point","coordinates":[35.9916,31.9727]},"properties":{"iata":"ADJ","icao":"OJAM","name":"Amman","tier":1}},{"type":"Feature","geometry":{"type":"Point","coordinates":[138.5334,-34.9475]},"properties":{"iata":"ADL","icao":"YPAD","name":"Adelaide","tier":1}},{"type":"Feature","geometry":{"type":"Point","coordinates":[-81.7112,12.5836]},"properties":{"iata":"ADZ","icao":"SKSP","name":"San Andrés","tier":1}},{"type":"Feature","geometry":{"type":"Point","coordinates":[-58.4155,-34.5594]},"properties":{"iata":"AEP","icao":"SABE","name":"Buenos Aires","tier":1}},{"type":"Feature","geometry":{"type":"Point","coordinates":[39.9566,43.4499]},"properties":{"iata":"AER","icao":"URSS","name":"Sochi","tier":1}},{"type":"Feature","geometry":{"type":"Point","coordinates":[6.1108,62.5604]},"properties":{"iata":"AES","icao":"ENAL","name":"Ålesund","tier":1}},{"type":"Feature","geometry":{"type":"Point","coordinates":[-18.072,65.6566]},"properties":{"iata":"AEY","icao":"BIAR","name":"Akureyri","tier":1}},{"type":"Feature","geometry":{"type":"Point","coordinates":[-9.412,30.3225]},"properties":{"iata":"AGA","icao":"GMAD","name":"Agadir (Temsia)","tier":1}},{"type":"Feature","geometry":{"type":"Point","coordinates":[-4.4991,36.6749]},"properties":{"iata":"AGP","icao":"LEMG","name":"Málaga","tier":1}},{"type":"Feature","geometry":{"type":"Point","coordinates":[-54.8395,-25.4572]},"properties":{"iata":"AGT","icao":"SGES","name":"Ciudad del Este","tier":1}},{"type":"Feature","geometry":{"type":"Point","coordinates":[-102.3184,21.6996]},"properties":{"iata":"AGU","icao":"MMAS","name":"Aguascalientes","tier":1}},{"type":"Feature","geometry":{"type":"Point","coordinates":[42.6566,18.2404]},"properties":{"iata":"AHB","icao":"OEAB","name":"Abha","tier":1}},{"type":"Feature","geometry":{"type":"Point","coordinates":[40.1009,29.7833]},"properties":{"iata":"AJF","icao":"OESK","name":"Al-Jawf","tier":1}},{"type":"Feature","geometry":{"type":"Point","coordinates":[174.7863,-37.012]},"properties":{"iata":"AKL","icao":"NZAA","name":"Auckland","tier":1}},{"type":"Feature","geometry":{"type":"Point","coordinates":[57.2041,50.2481]},"properties":{"iata":"AKX","icao":"UATT","name":"Aktobe","tier":1}},{"type":"Feature","geometry":{"type":"Point","coordinates":[77.0428,43.3543]},"properties":{"iata":"ALA","icao":"UAAA","name":"Almaty","tier":1}},{"type":"Feature","geometry":{"type":"Point","coordinates":[-73.8017,42.7483]},"properties":{"iata":"ALB","icao":"KALB","name":"Albany","tier":1}},{"type":"Feature","geometry":{"type":"Point","coordinates":[-0.5582,38.2822]},"properties":{"iata":"ALC","icao":"LEAL","name":"Alicante","tier":1}},{"type":"Feature","geometry":{"type":"Point","coordinates":[3.2145,36.6939]},"properties":{"iata":"ALG","icao":"DAAG","name":"Algiers","tier":1}},{"type":"Feature","geometry":{"type":"Point","coordinates":[37.2269,36.1813]},"properties":{"iata":"ALP","icao":"OSAP","name":"Aleppo","tier":1}},{"type":"Feature","geometry":{"type":"Point","coordinates":[72.6347,23.0772]},"properties":{"iata":"AMD","icao":"VAAH","name":"Ahmedabad","tier":1}},{"type":"Feature","geometry":{"type":"Point","coordinates":[35.9932,31.7226]},"properties":{"iata":"AMM","icao":"OJAI","name":"Amman","tier":1}},{"type":"Feature","geometry":{"type":"Point","coordinates":[128.089,-3.7103]},"properties":{"iata":"AMQ","icao":"WAPP","name":"Ambon","tier":1}},{"type":"Feature","geometry":{"type":"Point","coordinates":[4.7639,52.3086]},"properties":{"iata":"AMS","icao":"EHAM","name":"Amsterdam","tier":1}},{"type":"Feature","geometry":{"type":"Point","coordinates":[-149.9926,61.179]},"properties":{"iata":"ANC","icao":"PANC","name":"Anchorage","tier":1}},{"type":"Feature","geometry":{"type":"Point","coordinates":[-70.4452,-23.4453]},"properties":{"iata":"ANF","icao":"SCFA","name":"Antofagasta","tier":1}},{"type":"Feature","geometry":{"type":"Point","coordinates":[-61.7927,17.1367]},"properties":{"iata":"ANU","icao":"TAPA","name":"Osbourn","tier":1}},{"type":"Feature","geometry":{"type":"Point","coordinates":[30.5193,39.8116]},"properties":{"iata":"AOE","icao":"LTBY","name":"Eskişehir","tier":1}},{"type":"Feature","geometry":{"type":"Point","coordinates":[140.6895,40.7338]},"properties":{"iata":"AOJ","icao":"RJSA","name":"Aomori","tier":1}},{"type":"Feature","geometry":{"type":"Point","coordinates":[39.2818,-15.1056]},"properties":{"iata":"APL","icao":"FQNP","name":"Nampula","tier":1}},{"type":"Feature","geometry":{"type":"Point","coordinates":[-172.008,-13.83]},"properties":{"iata":"APW","icao":"NSFA","name":"Apia","tier":1}},{"type":"Feature","geometry":{"type":"Point","coordinates":[46.1271,28.3357]},"properties":{"iata":"AQI","icao":"OEPA","name":"Qaisumah","tier":1}},{"type":"Feature","geometry":{"type":"Point","coordinates":[35.0181,29.6116]},"properties":{"iata":"AQJ","icao":"OJAQ","name":"Aqaba","tier":1}},{"type":"Feature","geometry":{"type":"Point","coordinates":[-71.5695,-16.3408]},"properties":{"iata":"AQP","icao":"SPQU","name":"Arequipa","tier":1}},{"type":"Feature","geometry":{"type":"Point","coordinates":[17.9288,59.6485]},"properties":{"iata":"ARN","icao":"ESSA","name":"Stockholm","tier":1}},{"type":"Feature","geometry":{"type":"Point","coordinates":[58.361,37.9868]},"properties":{"iata":"ASB","icao":"UTAA","name":"Ashgabat","tier":1}},{"type":"Feature","geometry":{"type":"Point","coordinates":[48.0105,46.2828]},"properties":{"iata":"ASF","icao":"URWA","name":"Astrakhan","tier":1}},{"type":"Feature","geometry":{"type":"Point","coordinates":[35.4954,38.7704]},"properties":{"iata":"ASR","icao":"LTAU","name":"Kayseri","tier":1}},{"type":"Feature","geometry":{"type":"Point","coordinates":[-57.5192,-25.2402]},"properties":{"iata":"ASU","icao":"SGAS","name":"Asunción","tier":1}},{"type":"Feature","geometry":{"type":"Point","coordinates":[32.8204,23.9611]},"properties":{"iata":"ASW","icao":"HESN","name":"Aswan","tier":1}},{"type":"Feature","geometry":{"type":"Point","coordinates":[23.9445,37.9364]},"properties":{"iata":"ATH","icao":"LGAV","name":"Spata-Artemida","tier":1}},{"type":"Feature","geometry":{"type":"Point","coordinates":[-84.4281,33.6367]},"properties":{"iata":"ATL","icao":"KATL","name":"Atlanta","tier":1}},{"type":"Feature","geometry":{"type":"Point","coordinates":[74.7973,31.7096]},"properties":{"iata":"ATQ","icao":"VIAR","name":"Amritsar","tier":1}},{"type":"Feature","geometry":{"type":"Point","coordinates":[31.0128,27.046]},"properties":{"iata":"ATZ","icao":"HEAT","name":"Asyut","tier":1}},{"type":"Feature","geometry":{"type":"Point","coordinates":[-70.0143,12.5011]},"properties":{"iata":"AUA","icao":"TNCA","name":"Oranjestad","tier":1}},{"type":"Feature","geometry":{"type":"Point","coordinates":[54.6492,24.441]},"properties":{"iata":"AUH","icao":"OMAA","name":"Abu Dhabi","tier":1}},{"type":"Feature","geometry":{"type":"Point","coordinates":[-97.662,30.1975]},"properties":{"iata":"AUS","icao":"KAUS","name":"Austin","tier":1}},{"type":"Feature","geometry":{"type":"Point","coordinates":[144.4672,-38.0403]},"properties":{"iata":"AVV","icao":"YMAV","name":"Geelong/Melbourne","tier":1}},{"type":"Feature","geometry":{"type":"Point","coordinates":[38.3965,7.1006]},"properties":{"iata":"AWA","icao":"HALA","name":"Hawassa","tier":1}},{"type":"Feature","geometry":{"type":"Point","coordinates":[48.7638,31.3364]},"properties":{"iata":"AWZ","icao":"OIAW","name":"Ahvaz","tier":1}},{"type":"Feature","geometry":{"type":"Point","coordinates":[30.8005,36.8987]},"properties":{"iata":"AYT","icao":"LTAI","name":"Antalya","tier":1}},{"type":"Feature","geometry":{"type":"Point","coordinates":[50.6376,26.2673]},"properties":{"iata":"BAH","icao":"OBBI","name":"Manama","tier":1}},{"type":"Feature","geometry":{"type":"Point","coordinates":[-74.7808,10.8896]},"properties":{"iata":"BAQ","icao":"SKBQ","name":"Barranquilla","tier":1}},{"type":"Feature","geometry":{"type":"Point","coordinates":[109.997,40.56]},"properties":{"iata":"BAV","icao":"ZBOW","name":"Baotou","tier":1}},{"type":"Feature","geometry":{"type":"Point","coordinates":[83.5397,53.3613]},"properties":{"iata":"BAX","icao":"UNBB","name":"Barnaul","tier":1}},{"type":"Feature","geometry":{"type":"Point","coordinates":[85.8147,20.251]},"properties":{"iata":"BBI","icao":"VEBS","name":"Bhubaneswar","tier":1}},{"type":"Feature","geometry":{"type":"Point","coordinates":[25.1662,-17.8317]},"properties":{"iata":"BBK","icao":"FBKE","name":"Kasane","tier":1}},{"type":"Feature","geometry":{"type":"Point","coordinates":[26.1029,44.5031]},"properties":{"iata":"BBU","icao":"LRBS","name":"Bucharest","tier":1}},{"type":"Feature","geometry":{"type":"Point","coordinates":[123.0189,10.7762]},"properties":{"iata":"BCD","icao":"RPVB","name":"Bacolod City","tier":1}},{"type":"Feature","geometry":{"type":"Point","coordinates":[26.9103,46.5219]},"properties":{"iata":"BCM","icao":"LRBC","name":"Bacău","tier":1}},{"type":"Feature","geometry":{"type":"Point","coordinates":[2.0785,41.2971]},"properties":{"iata":"BCN","icao":"LEBL","name":"Barcelona","tier":1}},{"type":"Feature","geometry":{"type":"Point","coordinates":[9.744,10.4828]},"properties":{"iata":"BCU","icao":"DNBC","name":"Bauchi","tier":1}},{"type":"Feature","geometry":{"type":"Point","coordinates":[-64.6782,32.3638]},"properties":{"iata":"BDA","icao":"TXKF","name":"Hamilton","tier":1}},{"type":"Feature","geometry":{"type":"Point","coordinates":[114.7612,-3.4401]},"properties":{"iata":"BDJ","icao":"WAOO","name":"Banjarbaru","tier":1}},{"type":"Feature","geometry":{"type":"Point","coordinates":[-72.688,41.9386]},"properties":{"iata":"BDL","icao":"KBDL","name":"Hartford","tier":1}},{"type":"Feature","geometry":{"type":"Point","coordinates":[73.2263,22.3362]},"properties":{"iata":"BDQ","icao":"VABO","name":"Vadodara","tier":1}},{"type":"Feature","geometry":{"type":"Point","coordinates":[17.947,40.6576]},"properties":{"iata":"BDS","icao":"LIBR","name":"Brindisi","tier":1}},{"type":"Feature","geometry":{"type":"Point","coordinates":[20.3091,44.8184]},"properties":{"iata":"BEG","icao":"LYBE","name":"Belgrade","tier":1}},{"type":"Feature","geometry":{"type":"Point","coordinates":[-48.4762,-1.3793]},"properties":{"iata":"BEL","icao":"SBBE","name":"Belém","tier":1}},{"type":"Feature","geometry":{"type":"Point","coordinates":[-6.3159,32.4019]},"properties":{"iata":"BEM","icao":"GMMD","name":"Oulad Yaich","tier":1}},{"type":"Feature","geometry":{"type":"Point","coordinates":[20.2695,32.0968]},"properties":{"iata":"BEN","icao":"HLLB","name":"Benina","tier":1}},{"type":"Feature","geometry":{"type":"Point","coordinates":[13.5023,52.3617]},"properties":{"iata":"BER","icao":"EDDB","name":"Berlin","tier":1}},{"type":"Feature","geometry":{"type":"Point","coordinates":[-4.4185,48.4479]},"properties":{"iata":"BES","icao":"LFRB","name":"Brest","tier":1}},{"type":"Feature","geometry":{"type":"Point","coordinates":[34.9076,-19.7964]},"properties":{"iata":"BEW","icao":"FQBR","name":"Beira","tier":1}},{"type":"Feature","geometry":{"type":"Point","coordinates":[35.4874,33.8198]},"properties":{"iata":"BEY","icao":"OLBA","name":"Beirut","tier":1}},{"type":"Feature","geometry":{"type":"Point","coordinates":[26.3024,-29.0927]},"properties":{"iata":"BFN","icao":"FABL","name":"Bloemfontein","tier":1}},{"type":"Feature","geometry":{"type":"Point","coordinates":[-6.2158,54.6575]},"properties":{"iata":"BFS","icao":"EGAA","name":"Belfast","tier":1}},{"type":"Feature","geometry":{"type":"Point","coordinates":[18.5188,4.3985]},"properties":{"iata":"BGF","icao":"FEFF","name":"Bangui","tier":1}},{"type":"Feature","geometry":{"type":"Point","coordinates":[-59.491,13.0747]},"properties":{"iata":"BGI","icao":"TBPB","name":"Bridgetown","tier":1}},{"type":"Feature","geometry":{"type":"Point","coordinates":[5.2181,60.2934]},"properties":{"iata":"BGO","icao":"ENBR","name":"Bergen","tier":1}},{"type":"Feature","geometry":{"type":"Point","coordinates":[44.2346,33.2625]},"properties":{"iata":"BGW","icao":"ORBI","name":"Baghdad","tier":1}},{"type":"Feature","geometry":{"type":"Point","coordinates":[9.7089,45.6694]},"properties":{"iata":"BGY","icao":"LIME","name":"Orio al Serio (BG)","tier":1}},{"type":"Feature","geometry":{"type":"Point","coordinates":[64.4823,39.7753]},"properties":{"iata":"BHK","icao":"UZSB","name":"Bukhara","tier":1}},{"type":"Feature","geometry":{"type":"Point","coordinates":[-86.7507,33.5629]},"properties":{"iata":"BHM","icao":"KBHM","name":"Birmingham","tier":1}},{"type":"Feature","geometry":{"type":"Point","coordinates":[77.3374,23.2875]},"properties":{"iata":"BHO","icao":"VABP","name":"Bhopal","tier":1}},{"type":"Feature","geometry":{"type":"Point","coordinates":[-1.748,52.4539]},"properties":{"iata":"BHX","icao":"EGBB","name":"Birmingham, West Midlands","tier":1}},{"type":"Feature","geometry":{"type":"Point","coordinates":[9.4837,42.5527]},"properties":{"iata":"BIA","icao":"LFKB","name":"Bastia","tier":1}},{"type":"Feature","geometry":{"type":"Point","coordinates":[-2.9106,43.3011]},"properties":{"iata":"BIO","icao":"LEBB","name":"Bilbao","tier":1}},{"type":"Feature","geometry":{"type":"Point","coordinates":[5.0699,36.7125]},"properties":{"iata":"BJA","icao":"DAAE","name":"Béjaïa","tier":1}},{"type":"Feature","geometry":{"type":"Point","coordinates":[-16.6522,13.338]},"properties":{"iata":"BJL","icao":"GBYD","name":"Banjul (Yundum)","tier":1}},{"type":"Feature","geometry":{"type":"Point","coordinates":[29.3185,-3.324]},"properties":{"iata":"BJM","icao":"HBBA","name":"Bujumbura","tier":1}},{"type":"Feature","geometry":{"type":"Point","coordinates":[27.664,37.2493]},"properties":{"iata":"BJV","icao":"LTFE","name":"Bodrum","tier":1}},{"type":"Feature","geometry":{"type":"Point","coordinates":[-101.4803,20.9927]},"properties":{"iata":"BJX","icao":"MMLO","name":"Silao","tier":1}},{"type":"Feature","geometry":{"type":"Point","coordinates":[116.0493,5.9327]},"properties":{"iata":"BKI","icao":"WBKK","name":"Kota Kinabalu","tier":1}},{"type":"Feature","geometry":{"type":"Point","coordinates":[100.747,13.6811]},"properties":{"iata":"BKK","icao":"VTBS","name":"Bangkok","tier":1}},{"type":"Feature","geometry":{"type":"Point","coordinates":[-7.9499,12.5335]},"properties":{"iata":"BKO","icao":"GABS","name":"Bamako","tier":1}},{"type":"Feature","geometry":{"type":"Point","coordinates":[-64.6922,10.1111]},"properties":{"iata":"BLA","icao":"SVBC","name":"Barcelona","tier":1}},{"type":"Feature","geometry":{"type":"Point","coordinates":[6.3086,35.7521]},"properties":{"iata":"BLJ","icao":"DABT","name":"Batna","tier":1}},{"type":"Feature","geometry":{"type":"Point","coordinates":[9.157,55.7403]},"properties":{"iata":"BLL","icao":"EKBI","name":"Billund","tier":1}},{"type":"Feature","geometry":{"type":"Point","coordinates":[11.2887,44.5354]},"properties":{"iata":"BLQ","icao":"LIPE","name":"Bologna","tier":1}},{"type":"Feature","geometry":{"type":"Point","coordinates":[77.7063,13.1979]},"properties":{"iata":"BLR","icao":"VOBL","name":"Bengaluru","tier":1}},{"type":"Feature","geometry":{"type":"Point","coordinates":[34.9723,-15.6772]},"properties":{"iata":"BLZ","icao":"FWCL","name":"Blantyre","tier":1}},{"type":"Feature","geometry":{"type":"Point","coordinates":[122.2283,-17.9492]},"properties":{"iata":"BME","icao":"YBRM","name":"Broome","tier":1}},{"type":"Feature","geometry":{"type":"Point","coordinates":[-86.6782,36.1245]},"properties":{"iata":"BNA","icao":"KBNA","name":"Nashville","tier":1}},{"type":"Feature","geometry":{"type":"Point","coordinates":[56.3778,27.2183]},"properties":{"iata":"BND","icao":"OIKB","name":"Bandar Abbas","tier":1}},{"type":"Feature","geometry":{"type":"Point","coordinates":[153.117,-27.3842]},"properties":{"iata":"BNE","icao":"YBBN","name":"Brisbane","tier":1}},{"type":"Feature","geometry":{"type":"Point","coordinates":[17.2975,44.9414]},"properties":{"iata":"BNX","icao":"LQBK","name":"Mahovljani","tier":1}},{"type":"Feature","geometry":{"type":"Point","coordinates":[-0.7154,44.8287]},"properties":{"iata":"BOD","icao":"LFBD","name":"Bordeaux","tier":1}},{"type":"Feature","geometry":{"type":"Point","coordinates":[-74.1469,4.7016]},"properties":{"iata":"BOG","icao":"SKBO","name":"Bogota","tier":1}},{"type":"Feature","geometry":{"type":"Point","coordinates":[-116.223,43.5644]},"properties":{"iata":"BOI","icao":"KBOI","name":"Boise","tier":1}},{"type":"Feature","geometry":{"type":"Point","coordinates":[27.5152,42.5699]},"properties":{"iata":"BOJ","icao":"LBBG","name":"Burgas","tier":1}},{"type":"Feature","geometry":{"type":"Point","coordinates":[72.8679,19.0887]},"properties":{"iata":"BOM","icao":"VABB","name":"Mumbai","tier":1}},{"type":"Feature","geometry":{"type":"Point","coordinates":[-68.2685,12.131]},"properties":{"iata":"BON","icao":"TNCB","name":"Kralendijk","tier":1}},{"type":"Feature","geometry":{"type":"Point","coordinates":[14.3653,67.2692]},"properties":{"iata":"BOO","icao":"ENBO","name":"Bodø","tier":1}},{"type":"Feature","geometry":{"type":"Point","coordinates":[-71.0079,42.362]},"properties":{"iata":"BOS","icao":"KBOS","name":"Boston","tier":1}},{"type":"Feature","geometry":{"type":"Point","coordinates":[-4.331,11.1601]},"properties":{"iata":"BOY","icao":"DFOO","name":"Bobo Dioulasso","tier":1}},{"type":"Feature","geometry":{"type":"Point","coordinates":[116.8945,-1.2683]},"properties":{"iata":"BPN","icao":"WALL","name":"Balikpapan","tier":1}},{"type":"Feature","geometry":{"type":"Point","coordinates":[-39.0806,-16.4384]},"properties":{"iata":"BPS","icao":"SBPS","name":"Porto Seguro","tier":1}},{"type":"Feature","geometry":{"type":"Point","coordinates":[23.8968,52.1081]},"properties":{"iata":"BQT","icao":"UMBB","name":"Brest","tier":1}},{"type":"Feature","geometry":{"type":"Point","coordinates":[-71.1575,-41.1512]},"properties":{"iata":"BRC","icao":"SAZS","name":"San Carlos de Bariloche","tier":1}},{"type":"Feature","geometry":{"type":"Point","coordinates":[8.7893,53.0468]},"properties":{"iata":"BRE","icao":"EDDW","name":"Bremen","tier":1}},{"type":"Feature","geometry":{"type":"Point","coordinates":[16.7606,41.1389]},"properties":{"iata":"BRI","icao":"LIBD","name":"Bari","tier":1}},{"type":"Feature","geometry":{"type":"Point","coordinates":[-69.3586,10.0427]},"properties":{"iata":"BRM","icao":"SVBM","name":"Barquisimeto","tier":1}},{"type":"Feature","geometry":{"type":"Point","coordinates":[-2.7165,51.3823]},"properties":{"iata":"BRS","icao":"EGGD","name":"Bristol","tier":1}},{"type":"Feature","geometry":{"type":"Point","coordinates":[4.4844,50.9014]},"properties":{"iata":"BRU","icao":"EBBR","name":"Zaventem","tier":1}},{"type":"Feature","geometry":{"type":"Point","coordinates":[49.1392,11.2752]},"properties":{"iata":"BSA","icao":"HCMF","name":"Bosaso","tier":1}},{"type":"Feature","geometry":{"type":"Point","coordinates":[-47.9208,-15.8692]},"properties":{"iata":"BSB","icao":"SBBR","name":"Brasília","tier":1}},{"type":"Feature","geometry":{"type":"Point","coordinates":[9.8057,1.9055]},"properties":{"iata":"BSG","icao":"FGBT","name":"Bata","tier":1}},{"type":"Feature","geometry":{"type":"Point","coordinates":[5.7389,34.7932]},"properties":{"iata":"BSK","icao":"DAUB","name":"Biskra","tier":1}},{"type":"Feature","geometry":{"type":"Point","coordinates":[7.5211,47.6007]},"properties":{"iata":"BSL","icao":"LFSB","name":"Bâle / Mulhouse","tier":1}},{"type":"Feature","geometry":{"type":"Point","coordinates":[47.6621,30.5491]},"properties":{"iata":"BSR","icao":"ORMM","name":"Basra","tier":1}},{"type":"Feature","geometry":{"type":"Point","coordinates":[74.4776,43.0613]},"properties":{"iata":"BSZ","icao":"UCFM","name":"Bishkek","tier":1}},{"type":"Feature","geometry":{"type":"Point","coordinates":[104.119,1.121]},"properties":{"iata":"BTH","icao":"WIDD","name":"Batam","tier":1}},{"type":"Feature","geometry":{"type":"Point","coordinates":[95.42,5.5251]},"properties":{"iata":"BTJ","icao":"WITT","name":"Banda Aceh","tier":1}},{"type":"Feature","geometry":{"type":"Point","coordinates":[17.2127,48.1702]},"properties":{"iata":"BTS","icao":"LZIB","name":"Bratislava","tier":1}},{"type":"Feature","geometry":{"type":"Point","coordinates":[19.2624,47.4302]},"properties":{"iata":"BUD","icao":"LHBP","name":"Budapest","tier":1}},{"type":"Feature","geometry":{"type":"Point","coordinates":[-78.7322,42.9405]},"properties":{"iata":"BUF","icao":"KBUF","name":"Buffalo","tier":1}},{"type":"Feature","geometry":{"type":"Point","coordinates":[28.6229,-20.0163]},"properties":{"iata":"BUQ","icao":"FVJN","name":"Bulawayo","tier":1}},{"type":"Feature","geometry":{"type":"Point","coordinates":[-118.3581,34.2028]},"properties":{"iata":"BUR","icao":"KBUR","name":"Burbank","tier":1}},{"type":"Feature","geometry":{"type":"Point","coordinates":[41.6003,41.6094]},"properties":{"iata":"BUS","icao":"UGSB","name":"Batumi","tier":1}},{"type":"Feature","geometry":{"type":"Point","coordinates":[2.1128,49.4544]},"properties":{"iata":"BVA","icao":"LFOB","name":"Beauvais","tier":1}},{"type":"Feature","geometry":{"type":"Point","coordinates":[-60.6906,2.8462]},"properties":{"iata":"BVB","icao":"SBBV","name":"Boa Vista","tier":1}},{"type":"Feature","geometry":{"type":"Point","coordinates":[-22.8889,16.1365]},"properties":{"iata":"BVC","icao":"GVBA","name":"Rabil","tier":1}},{"type":"Feature","geometry":{"type":"Point","coordinates":[83.4104,27.5046]},"properties":{"iata":"BWA","icao":"VNBW","name":"Siddharthanagar (Bhairahawa)","tier":1}},{"type":"Feature","geometry":{"type":"Point","coordinates":[-76.6683,39.1754]},"properties":{"iata":"BWI","icao":"KBWI","name":"Baltimore","tier":1}},{"type":"Feature","geometry":{"type":"Point","coordinates":[114.928,4.9442]},"properties":{"iata":"BWN","icao":"WBSB","name":"Bandar Seri Begawan","tier":1}},{"type":"Feature","geometry":{"type":"Point","coordinates":[63.2108,45.622]},"properties":{"iata":"BXY","icao":"UAOL","name":"Baikonur","tier":1}},{"type":"Feature","geometry":{"type":"Point","coordinates":[-88.3036,17.54]},"properties":{"iata":"BZE","icao":"MZBZ","name":"Belize City","tier":1}},{"type":"Feature","geometry":{"type":"Point","coordinates":[15.253,-4.2517]},"properties":{"iata":"BZV","icao":"FCBB","name":"Brazzaville","tier":1}},{"type":"Feature","geometry":{"type":"Point","coordinates":[9.0543,39.2515]},"properties":{"iata":"CAG","icao":"LIEE","name":"Cagliari","tier":1}},{"type":"Feature","geometry":{"type":"Point","coordinates":[31.3967,30.1115]},"properties":{"iata":"CAI","icao":"HECA","name":"Cairo","tier":1}},{"type":"Feature","geometry":{"type":"Point","coordinates":[113.299,23.3924]},"properties":{"iata":"CAN","icao":"ZGGG","name":"Guangzhou (Huadu)","tier":1}},{"type":"Feature","geometry":{"type":"Point","coordinates":[-72.2007,19.7255]},"properties":{"iata":"CAP","icao":"MTCH","name":"Cap Haitien","tier":1}},{"type":"Feature","geometry":{"type":"Point","coordinates":[-52.3613,4.82]},"properties":{"iata":"CAY","icao":"SOCA","name":"Matoury","tier":1}},{"type":"Feature","geometry":{"type":"Point","coordinates":[-66.1771,-17.4211]},"properties":{"iata":"CBB","icao":"SLCB","name":"Cochabamba","tier":1}},{"type":"Feature","geometry":{"type":"Point","coordinates":[75.9552,11.136]},"properties":{"iata":"CCJ","icao":"VOCL","name":"Calicut","tier":1}},{"type":"Feature","geometry":{"type":"Point","coordinates":[96.8341,-12.1922]},"properties":{"iata":"CCK","icao":"YPCC","name":"West Island","tier":1}},{"type":"Feature","geometry":{"type":"Point","coordinates":[-73.0628,-36.7724]},"properties":{"iata":"CCP","icao":"SCIE","name":"Concepcion","tier":1}},{"type":"Feature","geometry":{"type":"Point","coordinates":[-66.9912,10.6022]},"properties":{"iata":"CCS","icao":"SVMI","name":"Maiquetía","tier":1}},{"type":"Feature","geometry":{"type":"Point","coordinates":[88.4476,22.654]},"properties":{"iata":"CCU","icao":"VECC","name":"Kolkata","tier":1}},{"type":"Feature","geometry":{"type":"Point","coordinates":[2.5541,49.009]},"properties":{"iata":"CDG","icao":"LFPG","name":"Paris (Roissy-en-France, Val-d'Oise)","tier":1}},{"type":"Feature","geometry":{"type":"Point","coordinates":[123.9797,10.3093]},"properties":{"iata":"CEB","icao":"RPVM","name":"Cebu City/Lapu-Lapu City","tier":1}},{"type":"Feature","geometry":{"type":"Point","coordinates":[99.8829,19.9523]},"properties":{"iata":"CEI","icao":"VTCT","name":"Chiang Rai","tier":1}},{"type":"Feature","geometry":{"type":"Point","coordinates":[61.5049,55.3031]},"properties":{"iata":"CEK","icao":"USCC","name":"Chelyabinsk","tier":1}},{"type":"Feature","geometry":{"type":"Point","coordinates":[3.1692,45.7867]},"properties":{"iata":"CFE","icao":"LFLC","name":"Clermont-Ferrand","tier":1}},{"type":"Feature","geometry":{"type":"Point","coordinates":[1.3411,36.2166]},"properties":{"iata":"CFK","icao":"DAOI","name":"Chlef","tier":1}},{"type":"Feature","geometry":{"type":"Point","coordinates":[19.9122,39.6014]},"properties":{"iata":"CFU","icao":"LGKR","name":"Kerkyra (Corfu)","tier":1}},{"type":"Feature","geometry":{"type":"Point","coordinates":[-56.1167,-15.6529]},"properties":{"iata":"CGB","icao":"SBCY","name":"Cuiabá","tier":1}},{"type":"Feature","geometry":{"type":"Point","coordinates":[-46.6546,-23.6277]},"properties":{"iata":"CGH","icao":"SBSP","name":"São Paulo","tier":1}},{"type":"Feature","geometry":{"type":"Point","coordinates":[106.656,-6.1256]},"properties":{"iata":"CGK","icao":"WIII","name":"Jakarta","tier":1}},{"type":"Feature","geometry":{"type":"Point","coordinates":[7.1427,50.8659]},"properties":{"iata":"CGN","icao":"EDDK","name":"Köln (Cologne)","tier":1}},{"type":"Feature","geometry":{"type":"Point","coordinates":[113.8492,34.5265]},"properties":{"iata":"CGO","icao":"ZHCC","name":"Zhengzhou","tier":1}},{"type":"Feature","geometry":{"type":"Point","coordinates":[91.8133,22.2496]},"properties":{"iata":"CGP","icao":"VGEG","name":"Chattogram (Chittagong)","tier":1}},{"type":"Feature","geometry":{"type":"Point","coordinates":[125.685,43.9962]},"properties":{"iata":"CGQ","icao":"ZYCC","name":"Changchun","tier":1}},{"type":"Feature","geometry":{"type":"Point","coordinates":[124.4565,8.6122]},"properties":{"iata":"CGY","icao":"RPMY","name":"Laguindingan","tier":1}},{"type":"Feature","geometry":{"type":"Point","coordinates":[172.5321,-43.489]},"properties":{"iata":"CHC","icao":"NZCH","name":"Christchurch","tier":1}},{"type":"Feature","geometry":{"type":"Point","coordinates":[24.1507,35.5312]},"properties":{"iata":"CHQ","icao":"LGSA","name":"Souda","tier":1}},{"type":"Feature","geometry":{"type":"Point","coordinates":[-80.0382,32.8962]},"properties":{"iata":"CHS","icao":"KCHS","name":"Charleston","tier":1}},{"type":"Feature","geometry":{"type":"Point","coordinates":[12.5953,41.7988]},"properties":{"iata":"CIA","icao":"LIRA","name":"Rome","tier":1}},{"type":"Feature","geometry":{"type":"Point","coordinates":[69.4756,42.365]},"properties":{"iata":"CIT","icao":"UAII","name":"Shymkent","tier":1}},{"type":"Feature","geometry":{"type":"Point","coordinates":[-79.8283,-6.7892]},"properties":{"iata":"CIX","icao":"SPHI","name":"Chiclayo","tier":1}},{"type":"Feature","geometry":{"type":"Point","coordinates":[77.0434,11.03]},"properties":{"iata":"CJB","icao":"VOCB","name":"Coimbatore","tier":1}},{"type":"Feature","geometry":{"type":"Point","coordinates":[127.5003,36.7156]},"properties":{"iata":"CJJ","icao":"RKTU","name":"Cheongju","tier":1}},{"type":"Feature","geometry":{"type":"Point","coordinates":[-106.4285,31.6367]},"properties":{"iata":"CJS","icao":"MMCS","name":"Ciudad Juárez","tier":1}},{"type":"Feature","geometry":{"type":"Point","coordinates":[126.4925,33.5121]},"properties":{"iata":"CJU","icao":"RKPC","name":"Jeju City","tier":1}},{"type":"Feature","geometry":{"type":"Point","coordinates":[106.6519,29.7123]},"properties":{"iata":"CKG","icao":"ZUCK","name":"Chongqing","tier":1}},{"type":"Feature","geometry":{"type":"Point","coordinates":[-13.612,9.5769]},"properties":{"iata":"CKY","icao":"GUCY","name":"Conakry","tier":1}},{"type":"Feature","geometry":{"type":"Point","coordinates":[-81.8498,41.4117]},"properties":{"iata":"CLE","icao":"KCLE","name":"Cleveland","tier":1}},{"type":"Feature","geometry":{"type":"Point","coordinates":[23.6857,46.786]},"properties":{"iata":"CLJ","icao":"LRCL","name":"Cluj-Napoca","tier":1}},{"type":"Feature","geometry":{"type":"Point","coordinates":[-76.3819,3.5427]},"properties":{"iata":"CLO","icao":"SKCL","name":"Cali","tier":1}},{"type":"Feature","geometry":{"type":"Point","coordinates":[-80.9431,35.214]},"properties":{"iata":"CLT","icao":"KCLT","name":"Charlotte","tier":1}},{"type":"Feature","geometry":{"type":"Point","coordinates":[79.8841,7.1808]},"properties":{"iata":"CMB","icao":"VCBI","name":"Colombo","tier":1}},{"type":"Feature","geometry":{"type":"Point","coordinates":[-82.8919,39.998]},"properties":{"iata":"CMH","icao":"KCMH","name":"Columbus","tier":1}},{"type":"Feature","geometry":{"type":"Point","coordinates":[-7.59,33.3675]},"properties":{"iata":"CMN","icao":"GMMN","name":"Casablanca","tier":1}},{"type":"Feature","geometry":{"type":"Point","coordinates":[-77.848,21.4199]},"properties":{"iata":"CMW","icao":"MUCM","name":"Camaguey","tier":1}},{"type":"Feature","geometry":{"type":"Point","coordinates":[28.4883,44.3622]},"properties":{"iata":"CND","icao":"LRCK","name":"Constanța","tier":1}},{"type":"Feature","geometry":{"type":"Point","coordinates":[-43.9669,-19.6357]},"properties":{"iata":"CNF","icao":"SBCF","name":"Belo Horizonte","tier":1}},{"type":"Feature","geometry":{"type":"Point","coordinates":[75.545,11.9163]},"properties":{"iata":"CNN","icao":"VOKN","name":"Kannur","tier":1}},{"type":"Feature","geometry":{"type":"Point","coordinates":[145.7495,-16.8789]},"properties":{"iata":"CNS","icao":"YBCS","name":"Cairns","tier":1}},{"type":"Feature","geometry":{"type":"Point","coordinates":[98.9626,18.7668]},"properties":{"iata":"CNX","icao":"VTCC","name":"Chiang Mai","tier":1}},{"type":"Feature","geometry":{"type":"Point","coordinates":[76.4008,10.151]},"properties":{"iata":"COK","icao":"VOCI","name":"Kochi","tier":1}},{"type":"Feature","geometry":{"type":"Point","coordinates":[2.3843,6.3572]},"properties":{"iata":"COO","icao":"DBBB","name":"Cotonou","tier":1}},{"type":"Feature","geometry":{"type":"Point","coordinates":[-64.2083,-31.3123]},"properties":{"iata":"COR","icao":"SACO","name":"Cordoba","tier":1}},{"type":"Feature","geometry":{"type":"Point","coordinates":[-104.701,38.8058]},"properties":{"iata":"COS","icao":"KCOS","name":"Colorado Springs","tier":1}},{"type":"Feature","geometry":{"type":"Point","coordinates":[35.0712,36.8915]},"properties":{"iata":"COV","icao":"LTDB","name":"Tarsus","tier":1}},{"type":"Feature","geometry":{"type":"Point","coordinates":[12.656,55.6179]},"properties":{"iata":"CPH","icao":"EKCH","name":"Copenhagen","tier":1}},{"type":"Feature","geometry":{"type":"Point","coordinates":[18.6043,-33.974]},"properties":{"iata":"CPT","icao":"FACT","name":"Cape Town","tier":1}},{"type":"Feature","geometry":{"type":"Point","coordinates":[23.8886,44.3181]},"properties":{"iata":"CRA","icao":"LRCV","name":"Craiova","tier":1}},{"type":"Feature","geometry":{"type":"Point","coordinates":[-67.4634,-45.7869]},"properties":{"iata":"CRD","icao":"SAVC","name":"Comodoro Rivadavia","tier":1}},{"type":"Feature","geometry":{"type":"Point","coordinates":[120.56,15.186]},"properties":{"iata":"CRK","icao":"RPLC","name":"Mabalacat","tier":1}},{"type":"Feature","geometry":{"type":"Point","coordinates":[4.4596,50.462]},"properties":{"iata":"CRL","icao":"EBCI","name":"Charleroi","tier":1}},{"type":"Feature","geometry":{"type":"Point","coordinates":[63.564,38.9307]},"properties":{"iata":"CRZ","icao":"UTAV","name":"Türkmenabat","tier":1}},{"type":"Feature","geometry":{"type":"Point","coordinates":[113.22,28.1892]},"properties":{"iata":"CSX","icao":"ZGHA","name":"Changsha (Changsha)","tier":1}},{"type":"Feature","geometry":{"type":"Point","coordinates":[15.0664,37.4668]},"properties":{"iata":"CTA","icao":"LICC","name":"Catania","tier":1}},{"type":"Feature","geometry":{"type":"Point","coordinates":[-75.513,10.4424]},"properties":{"iata":"CTG","icao":"SKCG","name":"Cartagena","tier":1}},{"type":"Feature","geometry":{"type":"Point","coordinates":[141.6904,42.7748]},"properties":{"iata":"CTS","icao":"RJCC","name":"Sapporo","tier":1}},{"type":"Feature","geometry":{"type":"Point","coordinates":[103.946,30.5583]},"properties":{"iata":"CTU","icao":"ZUUU","name":"Chengdu (Shuangliu)","tier":1}},{"type":"Feature","geometry":{"type":"Point","coordinates":[-107.4752,24.765]},"properties":{"iata":"CUL","icao":"MMCL","name":"Culiacán","tier":1}},{"type":"Feature","geometry":{"type":"Point","coordinates":[-86.8735,21.0408]},"properties":{"iata":"CUN","icao":"MMUN","name":"Cancún","tier":1}},{"type":"Feature","geometry":{"type":"Point","coordinates":[-68.9598,12.1889]},"properties":{"iata":"CUR","icao":"TNCC","name":"Willemstad","tier":1}},{"type":"Feature","geometry":{"type":"Point","coordinates":[-105.9638,28.7026]},"properties":{"iata":"CUU","icao":"MMCU","name":"Chihuahua","tier":1}},{"type":"Feature","geometry":{"type":"Point","coordinates":[-71.9388,-13.5357]},"properties":{"iata":"CUZ","icao":"SPZO","name":"Cusco","tier":1}},{"type":"Feature","geometry":{"type":"Point","coordinates":[-84.6678,39.0488]},"properties":{"iata":"CVG","icao":"KCVG","name":"Cincinnati / Covington","tier":1}},{"type":"Feature","geometry":{"type":"Point","coordinates":[-49.1758,-25.5285]},"properties":{"iata":"CWB","icao":"SBCT","name":"Curitiba","tier":1}},{"type":"Feature","geometry":{"type":"Point","coordinates":[-3.3433,51.3967]},"properties":{"iata":"CWL","icao":"EGFF","name":"Cardiff","tier":1}},{"type":"Feature","geometry":{"type":"Point","coordinates":[-157.35,1.9863]},"properties":{"iata":"CXI","icao":"PLCH","name":"Kiritimati","tier":1}},{"type":"Feature","geometry":{"type":"Point","coordinates":[109.219,11.9982]},"properties":{"iata":"CXR","icao":"VVCR","name":"Nha Trang/nha Trang aiurportCam Ranh","tier":1}},{"type":"Feature","geometry":{"type":"Point","coordinates":[6.6204,36.276]},"properties":{"iata":"CZL","icao":"DABC","name":"Constantine","tier":1}},{"type":"Feature","geometry":{"type":"Point","coordinates":[-86.9285,20.5149]},"properties":{"iata":"CZM","icao":"MMCZ","name":"Cozumel","tier":1}},{"type":"Feature","geometry":{"type":"Point","coordinates":[90.3978,23.8433]},"properties":{"iata":"DAC","icao":"VGHS","name":"Dhaka","tier":1}},{"type":"Feature","geometry":{"type":"Point","coordinates":[108.199,16.0439]},"properties":{"iata":"DAD","icao":"VVDN","name":"Da Nang","tier":1}},{"type":"Feature","geometry":{"type":"Point","coordinates":[-96.8477,32.8448]},"properties":{"iata":"DAL","icao":"KDAL","name":"Dallas","tier":1}},{"type":"Feature","geometry":{"type":"Point","coordinates":[36.5156,33.4115]},"properties":{"iata":"DAM","icao":"OSDI","name":"Damascus","tier":1}},{"type":"Feature","geometry":{"type":"Point","coordinates":[39.2073,-6.8735]},"properties":{"iata":"DAR","icao":"HTDA","name":"Dar es Salaam","tier":1}},{"type":"Feature","geometry":{"type":"Point","coordinates":[113.4805,40.0614]},"properties":{"iata":"DAT","icao":"ZBDT","name":"Datong","tier":1}},{"type":"Feature","geometry":{"type":"Point","coordinates":[28.4616,30.9243]},"properties":{"iata":"DBB","icao":"HEAL","name":"El Alamein","tier":1}},{"type":"Feature","geometry":{"type":"Point","coordinates":[18.2655,42.5622]},"properties":{"iata":"DBV","icao":"LDDU","name":"Dubrovnik","tier":1}},{"type":"Feature","geometry":{"type":"Point","coordinates":[-77.0377,38.8521]},"properties":{"iata":"DCA","icao":"KDCA","name":"Washington","tier":1}},{"type":"Feature","geometry":{"type":"Point","coordinates":[21.6163,47.4895]},"properties":{"iata":"DEB","icao":"LHDC","name":"Debrecen","tier":1}},{"type":"Feature","geometry":{"type":"Point","coordinates":[77.0952,28.5556]},"properties":{"iata":"DEL","icao":"VIDP","name":"New Delhi","tier":1}},{"type":"Feature","geometry":{"type":"Point","coordinates":[-104.6738,39.86]},"properties":{"iata":"DEN","icao":"KDEN","name":"Denver","tier":1}},{"type":"Feature","geometry":{"type":"Point","coordinates":[-97.038,32.8968]},"properties":{"iata":"DFW","icao":"KDFW","name":"Dallas-Fort Worth","tier":1}},{"type":"Feature","geometry":{"type":"Point","coordinates":[51.5655,25.2594]},"properties":{"iata":"DIA","icao":"OTBD","name":"Doha","tier":1}},{"type":"Feature","geometry":{"type":"Point","coordinates":[125.5245,-8.5466]},"properties":{"iata":"DIL","icao":"WPDL","name":"Dili","tier":1}},{"type":"Feature","geometry":{"type":"Point","coordinates":[41.855,9.6235]},"properties":{"iata":"DIR","icao":"HADR","name":"Dire Dawa","tier":1}},{"type":"Feature","geometry":{"type":"Point","coordinates":[10.7773,33.8737]},"properties":{"iata":"DJE","icao":"DTTJ","name":"Mellita","tier":1}},{"type":"Feature","geometry":{"type":"Point","coordinates":[9.4637,24.2854]},"properties":{"iata":"DJG","icao":"DAAJ","name":"Djanet","tier":1}},{"type":"Feature","geometry":{"type":"Point","coordinates":[140.5199,-2.5796]},"properties":{"iata":"DJJ","icao":"WAJJ","name":"Sentani","tier":1}},{"type":"Feature","geometry":{"type":"Point","coordinates":[-17.4792,14.7423]},"properties":{"iata":"DKR","icao":"GOOY","name":"Dakar","tier":1}},{"type":"Feature","geometry":{"type":"Point","coordinates":[9.7195,4.0061]},"properties":{"iata":"DLA","icao":"FKKD","name":"Douala","tier":1}},{"type":"Feature","geometry":{"type":"Point","coordinates":[121.5385,38.9657]},"properties":{"iata":"DLC","icao":"ZYTL","name":"Dalian (Ganjingzi)","tier":1}},{"type":"Feature","geometry":{"type":"Point","coordinates":[28.7925,36.7131]},"properties":{"iata":"DLM","icao":"LTBS","name":"Dalaman","tier":1}},{"type":"Feature","geometry":{"type":"Point","coordinates":[71.3036,42.8536]},"properties":{"iata":"DMB","icao":"UADD","name":"Taraz","tier":1}},{"type":"Feature","geometry":{"type":"Point","coordinates":[37.9063,55.4088]},"properties":{"iata":"DME","icao":"UUDD","name":"Moscow","tier":1}},{"type":"Feature","geometry":{"type":"Point","coordinates":[100.607,13.9126]},"properties":{"iata":"DMK","icao":"VTBD","name":"Bangkok","tier":1}},{"type":"Feature","geometry":{"type":"Point","coordinates":[49.7982,26.4691]},"properties":{"iata":"DMM","icao":"OEDF","name":"Ad Dammam","tier":1}},{"type":"Feature","geometry":{"type":"Point","coordinates":[94.8128,40.162]},"properties":{"iata":"DNH","icao":"ZLDH","name":"Dunhuang","tier":1}},{"type":"Feature","geometry":{"type":"Point","coordinates":[51.6081,25.2731]},"properties":{"iata":"DOH","icao":"OTHH","name":"Doha","tier":1}},{"type":"Feature","geometry":{"type":"Point","coordinates":[115.1671,-8.7484]},"properties":{"iata":"DPS","icao":"WADD","name":"Kuta, Badung","tier":1}},{"type":"Feature","geometry":{"type":"Point","coordinates":[57.6342,19.5019]},"properties":{"iata":"DQM","icao":"OODQ","name":"Duqm","tier":1}},{"type":"Feature","geometry":{"type":"Point","coordinates":[123.6768,13.1119]},"properties":{"iata":"DRP","icao":"RPLK","name":"Legazpi","tier":1}},{"type":"Feature","geometry":{"type":"Point","coordinates":[13.7678,51.1341]},"properties":{"iata":"DRS","icao":"EDDC","name":"Dresden","tier":1}},{"type":"Feature","geometry":{"type":"Point","coordinates":[130.8818,-12.415]},"properties":{"iata":"DRW","icao":"YPDN","name":"Darwin","tier":1}},{"type":"Feature","geometry":{"type":"Point","coordinates":[-93.6567,41.534]},"properties":{"iata":"DSM","icao":"KDSM","name":"Des Moines","tier":1}},{"type":"Feature","geometry":{"type":"Point","coordinates":[109.8599,39.4935]},"properties":{"iata":"DSN","icao":"ZBDS","name":"Ordos","tier":1}},{"type":"Feature","geometry":{"type":"Point","coordinates":[-17.0728,14.6709]},"properties":{"iata":"DSS","icao":"GOBD","name":"Dakar","tier":1}},{"type":"Feature","geometry":{"type":"Point","coordinates":[103.2267,10.9142]},"properties":{"iata":"DSY","icao":"VDDS","name":"Ta Noun","tier":1}},{"type":"Feature","geometry":{"type":"Point","coordinates":[7.6122,51.5183]},"properties":{"iata":"DTM","icao":"EDLW","name":"Dortmund","tier":1}},{"type":"Feature","geometry":{"type":"Point","coordinates":[-83.3538,42.2138]},"properties":{"iata":"DTW","icao":"KDTW","name":"Detroit","tier":1}},{"type":"Feature","geometry":{"type":"Point","coordinates":[-6.2621,53.4287]},"properties":{"iata":"DUB","icao":"EIDW","name":"Dublin","tier":1}},{"type":"Feature","geometry":{"type":"Point","coordinates":[31.1197,-29.6144]},"properties":{"iata":"DUR","icao":"FALE","name":"Durban","tier":1}},{"type":"Feature","geometry":{"type":"Point","coordinates":[6.7668,51.2895]},"properties":{"iata":"DUS","icao":"EDDL","name":"Düsseldorf","tier":1}},{"type":"Feature","geometry":{"type":"Point","coordinates":[125.646,7.1255]},"properties":{"iata":"DVO","icao":"RPMD","name":"Davao","tier":1}},{"type":"Feature","geometry":{"type":"Point","coordinates":[55.1624,24.8962]},"properties":{"iata":"DWC","icao":"OMDW","name":"Dubai(Jebel Ali)","tier":1}},{"type":"Feature","geometry":{"type":"Point","coordinates":[55.371,25.2498]},"properties":{"iata":"DXB","icao":"OMDB","name":"Dubai","tier":1}},{"type":"Feature","geometry":{"type":"Point","coordinates":[77.6118,28.1799]},"properties":{"iata":"DXN","icao":"VIND","name":"Gautam Buddha Nagar","tier":1}},{"type":"Feature","geometry":{"type":"Point","coordinates":[110.4428,29.1047]},"properties":{"iata":"DYG","icao":"ZGDY","name":"Zhangjiajie (Yongding)","tier":1}},{"type":"Feature","geometry":{"type":"Point","coordinates":[68.823,38.5437]},"properties":{"iata":"DYU","icao":"UTDD","name":"Dushanbe","tier":1}},{"type":"Feature","geometry":{"type":"Point","coordinates":[45.2818,-12.8093]},"properties":{"iata":"DZA","icao":"FMCZ","name":"Dzaoudzi","tier":1}},{"type":"Feature","geometry":{"type":"Point","coordinates":[67.7381,47.709]},"properties":{"iata":"DZN","icao":"UAKD","name":"Zhezkazgan","tier":1}},{"type":"Feature","geometry":{"type":"Point","coordinates":[32.4435,0.0424]},"properties":{"iata":"EBB","icao":"HUEN","name":"Entebbe","tier":1}},{"type":"Feature","geometry":{"type":"Point","coordinates":[43.9466,36.236]},"properties":{"iata":"EBL","icao":"ORER","name":"Arbil","tier":1}},{"type":"Feature","geometry":{"type":"Point","coordinates":[33.5074,35.1531]},"properties":{"iata":"ECN","icao":"LCEN","name":"Tymbou (Kirklar)","tier":1}},{"type":"Feature","geometry":{"type":"Point","coordinates":[-3.3723,55.9501]},"properties":{"iata":"EDI","icao":"EGPH","name":"Ingliston, Edinburgh","tier":1}},{"type":"Feature","geometry":{"type":"Point","coordinates":[35.2389,0.4045]},"properties":{"iata":"EDL","icao":"HKEL","name":"Eldoret","tier":1}},{"type":"Feature","geometry":{"type":"Point","coordinates":[27.0102,39.5525]},"properties":{"iata":"EDO","icao":"LTFD","name":"Edremit","tier":1}},{"type":"Feature","geometry":{"type":"Point","coordinates":[115.0393,30.3412]},"properties":{"iata":"EHU","icao":"ZHEC","name":"Ezhou","tier":1}},{"type":"Feature","geometry":{"type":"Point","coordinates":[5.3745,51.4501]},"properties":{"iata":"EIN","icao":"EHEH","name":"Eindhoven","tier":1}},{"type":"Feature","geometry":{"type":"Point","coordinates":[-64.5417,18.4455]},"properties":{"iata":"EIS","icao":"TUPJ","name":"Beef Island","tier":1}},{"type":"Feature","geometry":{"type":"Point","coordinates":[-106.3756,31.8099]},"properties":{"iata":"ELP","icao":"KELP","name":"El Paso","tier":1}},{"type":"Feature","geometry":{"type":"Point","coordinates":[43.7744,26.3028]},"properties":{"iata":"ELQ","icao":"OEGS","name":"Qassim","tier":1}},{"type":"Feature","geometry":{"type":"Point","coordinates":[27.8259,-33.0356]},"properties":{"iata":"ELS","icao":"FAEL","name":"East London","tier":1}},{"type":"Feature","geometry":{"type":"Point","coordinates":[-1.3281,52.8311]},"properties":{"iata":"EMA","icao":"EGNX","name":"Nottingham, Leicestershire","tier":1}},{"type":"Feature","geometry":{"type":"Point","coordinates":[-55.8376,-27.2275]},"properties":{"iata":"ENO","icao":"SGEN","name":"Encarnación","tier":1}},{"type":"Feature","geometry":{"type":"Point","coordinates":[7.5605,6.4737]},"properties":{"iata":"ENU","icao":"DNEN","name":"Enegu","tier":1}},{"type":"Feature","geometry":{"type":"Point","coordinates":[10.9607,50.9783]},"properties":{"iata":"ERF","icao":"EDDE","name":"Erfurt","tier":1}},{"type":"Feature","geometry":{"type":"Point","coordinates":[32.9951,40.1281]},"properties":{"iata":"ESB","icao":"LTAC","name":"Ankara","tier":1}},{"type":"Feature","geometry":{"type":"Point","coordinates":[-79.6266,0.9785]},"properties":{"iata":"ESM","icao":"SETN","name":"Tachina","tier":1}},{"type":"Feature","geometry":{"type":"Point","coordinates":[35.0141,29.727]},"properties":{"iata":"ETM","icao":"LLER","name":"Eilat","tier":1}},{"type":"Feature","geometry":{"type":"Point","coordinates":[-13.2249,27.1425]},"properties":{"iata":"EUN","icao":"GMML","name":"El Aaiún","tier":1}},{"type":"Feature","geometry":{"type":"Point","coordinates":[16.6781,68.4913]},"properties":{"iata":"EVE","icao":"ENEV","name":"Evenes","tier":1}},{"type":"Feature","geometry":{"type":"Point","coordinates":[44.3979,40.1489]},"properties":{"iata":"EVN","icao":"UDYZ","name":"Yerevan","tier":1}},{"type":"Feature","geometry":{"type":"Point","coordinates":[-74.1705,40.6894]},"properties":{"iata":"EWR","icao":"KEWR","name":"Newark","tier":1}},{"type":"Feature","geometry":{"type":"Point","coordinates":[-58.5358,-34.8222]},"properties":{"iata":"EZE","icao":"SAEZ","name":"Buenos Aires (Ezeiza)","tier":1}},{"type":"Feature","geometry":{"type":"Point","coordinates":[-7.2758,62.0633]},"properties":{"iata":"FAE","icao":"EKVG","name":"Vágar","tier":1}},{"type":"Feature","geometry":{"type":"Point","coordinates":[-7.9709,37.0159]},"properties":{"iata":"FAO","icao":"LPFR","name":"Faro","tier":1}},{"type":"Feature","geometry":{"type":"Point","coordinates":[-119.718,36.7758]},"properties":{"iata":"FAT","icao":"KFAT","name":"Fresno","tier":1}},{"type":"Feature","geometry":{"type":"Point","coordinates":[27.5308,-11.5915]},"properties":{"iata":"FBM","icao":"FZQA","name":"Lubumbashi","tier":1}},{"type":"Feature","geometry":{"type":"Point","coordinates":[12.252,41.8045]},"properties":{"iata":"FCO","icao":"LIRF","name":"Rome","tier":1}},{"type":"Feature","geometry":{"type":"Point","coordinates":[-61.0032,14.591]},"properties":{"iata":"FDF","icao":"TFFF","name":"Fort-de-France","tier":1}},{"type":"Feature","geometry":{"type":"Point","coordinates":[9.5115,47.6713]},"properties":{"iata":"FDH","icao":"EDNY","name":"Friedrichshafen","tier":1}},{"type":"Feature","geometry":{"type":"Point","coordinates":[-4.978,33.9273]},"properties":{"iata":"FEZ","icao":"GMFF","name":"Saïss","tier":1}},{"type":"Feature","geometry":{"type":"Point","coordinates":[15.4446,-4.3857]},"properties":{"iata":"FIH","icao":"FZAA","name":"Kinshasa","tier":1}},{"type":"Feature","geometry":{"type":"Point","coordinates":[56.3281,25.1084]},"properties":{"iata":"FJR","icao":"OMFJ","name":"Fujairah","tier":1}},{"type":"Feature","geometry":{"type":"Point","coordinates":[8.0805,48.7794]},"properties":{"iata":"FKB","icao":"EDSB","name":"Rheinmünster","tier":1}},{"type":"Feature","geometry":{"type":"Point","coordinates":[25.338,0.4816]},"properties":{"iata":"FKI","icao":"FZIC","name":"Kisangani","tier":1}},{"type":"Feature","geometry":{"type":"Point","coordinates":[-80.1527,26.0726]},"properties":{"iata":"FLL","icao":"KFLL","name":"Fort Lauderdale","tier":1}},{"type":"Feature","geometry":{"type":"Point","coordinates":[-48.5525,-27.6703]},"properties":{"iata":"FLN","icao":"SBFL","name":"Florianópolis","tier":1}},{"type":"Feature","geometry":{"type":"Point","coordinates":[11.2028,43.8086]},"properties":{"iata":"FLR","icao":"LIRQ","name":"Firenze (FI)","tier":1}},{"type":"Feature","geometry":{"type":"Point","coordinates":[10.2382,47.9881]},"properties":{"iata":"FMM","icao":"EDJA","name":"Memmingen","tier":1}},{"type":"Feature","geometry":{"type":"Point","coordinates":[7.6885,52.1338]},"properties":{"iata":"FMO","icao":"EDDG","name":"Greven","tier":1}},{"type":"Feature","geometry":{"type":"Point","coordinates":[-13.1955,8.6164]},"properties":{"iata":"FNA","icao":"GFLL","name":"Freetown (Lungi-Town)","tier":1}},{"type":"Feature","geometry":{"type":"Point","coordinates":[-16.7746,32.6978]},"properties":{"iata":"FNC","icao":"LPMA","name":"Funchal","tier":1}},{"type":"Feature","geometry":{"type":"Point","coordinates":[125.67,39.2241]},"properties":{"iata":"FNJ","icao":"ZKPY","name":"Pyongyang","tier":1}},{"type":"Feature","geometry":{"type":"Point","coordinates":[119.6725,25.9293]},"properties":{"iata":"FOC","icao":"ZSFZ","name":"Fuzhou (Changle)","tier":1}},{"type":"Feature","geometry":{"type":"Point","coordinates":[-38.5322,-3.7758]},"properties":{"iata":"FOR","icao":"SBFZ","name":"Fortaleza","tier":1}},{"type":"Feature","geometry":{"type":"Point","coordinates":[-78.6956,26.558]},"properties":{"iata":"FPO","icao":"MYGF","name":"Freeport","tier":1}},{"type":"Feature","geometry":{"type":"Point","coordinates":[8.5584,50.0267]},"properties":{"iata":"FRA","icao":"EDDF","name":"Frankfurt am Main","tier":1}},{"type":"Feature","geometry":{"type":"Point","coordinates":[27.4688,-21.1592]},"properties":{"iata":"FRW","icao":"FBPM","name":"Francistown","tier":1}},{"type":"Feature","geometry":{"type":"Point","coordinates":[9.0971,41.5018]},"properties":{"iata":"FSC","icao":"LFKF","name":"Figari","tier":1}},{"type":"Feature","geometry":{"type":"Point","coordinates":[138.191,34.795]},"properties":{"iata":"FSZ","icao":"RJNS","name":"Makinohara / Shimada","tier":1}},{"type":"Feature","geometry":{"type":"Point","coordinates":[-13.8638,28.4527]},"properties":{"iata":"FUE","icao":"GCFV","name":"El Matorral","tier":1}},{"type":"Feature","geometry":{"type":"Point","coordinates":[130.451,33.5859]},"properties":{"iata":"FUK","icao":"RJFF","name":"Fukuoka","tier":1}},{"type":"Feature","geometry":{"type":"Point","coordinates":[73.1526,-0.693]},"properties":{"iata":"GAN","icao":"VRMG","name":"Gan","tier":1}},{"type":"Feature","geometry":{"type":"Point","coordinates":[91.5852,26.1067]},"properties":{"iata":"GAU","icao":"VEGT","name":"Guwahati","tier":1}},{"type":"Feature","geometry":{"type":"Point","coordinates":[25.9182,-24.5552]},"properties":{"iata":"GBE","icao":"FBSK","name":"Gaborone","tier":1}},{"type":"Feature","geometry":{"type":"Point","coordinates":[-81.3577,19.2928]},"properties":{"iata":"GCM","icao":"MWCR","name":"George Town","tier":1}},{"type":"Feature","geometry":{"type":"Point","coordinates":[-103.3101,20.5233]},"properties":{"iata":"GDL","icao":"MMGL","name":"Guadalajara","tier":1}},{"type":"Feature","geometry":{"type":"Point","coordinates":[18.4662,54.3776]},"properties":{"iata":"GDN","icao":"EPGD","name":"Gdańsk","tier":1}},{"type":"Feature","geometry":{"type":"Point","coordinates":[-117.534,47.6199]},"properties":{"iata":"GEG","icao":"KGEG","name":"Spokane","tier":1}},{"type":"Feature","geometry":{"type":"Point","coordinates":[-58.2541,6.4985]},"properties":{"iata":"GEO","icao":"SYCJ","name":"Georgetown","tier":1}},{"type":"Feature","geometry":{"type":"Point","coordinates":[125.0962,6.0572]},"properties":{"iata":"GES","icao":"RPMR","name":"General Santos","tier":1}},{"type":"Feature","geometry":{"type":"Point","coordinates":[25.5229,45.7056]},"properties":{"iata":"GHV","icao":"LRBV","name":"Brașov (Ghimbav)","tier":1}},{"type":"Feature","geometry":{"type":"Point","coordinates":[-5.3498,36.1517]},"properties":{"iata":"GIB","icao":"LXGB","name":"Gibraltar","tier":1}},{"type":"Feature","geometry":{"type":"Point","coordinates":[-43.2506,-22.81]},"properties":{"iata":"GIG","icao":"SBGL","name":"Rio De Janeiro","tier":1}},{"type":"Feature","geometry":{"type":"Point","coordinates":[5.8737,36.7941]},"properties":{"iata":"GJL","icao":"DAAV","name":"Tahir","tier":1}},{"type":"Feature","geometry":{"type":"Point","coordinates":[-4.4331,55.8719]},"properties":{"iata":"GLA","icao":"EGPF","name":"Glasgow","tier":1}},{"type":"Feature","geometry":{"type":"Point","coordinates":[126.791,37.5583]},"properties":{"iata":"GMP","icao":"RKSS","name":"Seoul","tier":1}},{"type":"Feature","geometry":{"type":"Point","coordinates":[-61.7853,12.004]},"properties":{"iata":"GND","icao":"TGPY","name":"Saint George's","tier":1}},{"type":"Feature","geometry":{"type":"Point","coordinates":[46.3204,40.7387]},"properties":{"iata":"GNJ","icao":"UBBG","name":"Ganja","tier":1}},{"type":"Feature","geometry":{"type":"Point","coordinates":[38.8956,37.4457]},"properties":{"iata":"GNY","icao":"LTCS","name":"Şanlıurfa","tier":1}},{"type":"Feature","geometry":{"type":"Point","coordinates":[8.8407,44.412]},"properties":{"iata":"GOA","icao":"LIMJ","name":"Genova (GE)","tier":1}},{"type":"Feature","geometry":{"type":"Point","coordinates":[-51.6791,64.1911]},"properties":{"iata":"GOH","icao":"BGGH","name":"Nuuk","tier":1}},{"type":"Feature","geometry":{"type":"Point","coordinates":[73.8333,15.3801]},"properties":{"iata":"GOI","icao":"VOGO","name":"Vasco da Gama","tier":1}},{"type":"Feature","geometry":{"type":"Point","coordinates":[43.7852,56.2274]},"properties":{"iata":"GOJ","icao":"UWGG","name":"Nizhny Novgorod","tier":1}},{"type":"Feature","geometry":{"type":"Point","coordinates":[29.238,-1.6668]},"properties":{"iata":"GOM","icao":"FZNA","name":"Goma","tier":1}},{"type":"Feature","geometry":{"type":"Point","coordinates":[12.2798,57.6628]},"properties":{"iata":"GOT","icao":"ESGG","name":"Göteborg","tier":1}},{"type":"Feature","geometry":{"type":"Point","coordinates":[13.3721,9.3348]},"properties":{"iata":"GOU","icao":"FKKR","name":"Garoua","tier":1}},{"type":"Feature","geometry":{"type":"Point","coordinates":[73.8606,15.7443]},"properties":{"iata":"GOX","icao":"VOGA","name":"Mopa","tier":1}},{"type":"Feature","geometry":{"type":"Point","coordinates":[22.3789,-34.0056]},"properties":{"iata":"GRJ","icao":"FAGG","name":"George","tier":1}},{"type":"Feature","geometry":{"type":"Point","coordinates":[2.7618,41.9046]},"properties":{"iata":"GRO","icao":"LEGE","name":"Girona","tier":1}},{"type":"Feature","geometry":{"type":"Point","coordinates":[6.5777,53.1191]},"properties":{"iata":"GRQ","icao":"EHGG","name":"Groningen","tier":1}},{"type":"Feature","geometry":{"type":"Point","coordinates":[-85.5228,42.8808]},"properties":{"iata":"GRR","icao":"KGRR","name":"Grand Rapids","tier":1}},{"type":"Feature","geometry":{"type":"Point","coordinates":[-46.47,-23.4313]},"properties":{"iata":"GRU","icao":"SBGR","name":"São Paulo","tier":1}},{"type":"Feature","geometry":{"type":"Point","coordinates":[45.6998,43.3881]},"properties":{"iata":"GRV","icao":"URMG","name":"Grozny","tier":1}},{"type":"Feature","geometry":{"type":"Point","coordinates":[15.4396,46.9911]},"properties":{"iata":"GRZ","icao":"LOWG","name":"Feldkirchen bei Graz","tier":1}},{"type":"Feature","geometry":{"type":"Point","coordinates":[55.9024,26.7546]},"properties":{"iata":"GSM","icao":"OIKQ","name":"Qeshm(Dayrestan)","tier":1}},{"type":"Feature","geometry":{"type":"Point","coordinates":[-79.9373,36.0994]},"properties":{"iata":"GSO","icao":"KGSO","name":"Greensboro","tier":1}},{"type":"Feature","geometry":{"type":"Point","coordinates":[46.1711,51.7128]},"properties":{"iata":"GSV","icao":"UWSG","name":"Saratov","tier":1}},{"type":"Feature","geometry":{"type":"Point","coordinates":[-90.5275,14.5829]},"properties":{"iata":"GUA","icao":"MGGT","name":"Guatemala City","tier":1}},{"type":"Feature","geometry":{"type":"Point","coordinates":[144.7973,13.485]},"properties":{"iata":"GUM","icao":"PGUM","name":"Hagåtña","tier":1}},{"type":"Feature","geometry":{"type":"Point","coordinates":[51.8203,47.1213]},"properties":{"iata":"GUW","icao":"UATG","name":"Atyrau","tier":1}},{"type":"Feature","geometry":{"type":"Point","coordinates":[6.109,46.2381]},"properties":{"iata":"GVA","icao":"LSGG","name":"Geneva","tier":1}},{"type":"Feature","geometry":{"type":"Point","coordinates":[62.4988,25.2967]},"properties":{"iata":"GWD","icao":"OPGW","name":"Gurandani","tier":1}},{"type":"Feature","geometry":{"type":"Point","coordinates":[48.7881,15.9659]},"properties":{"iata":"GXF","icao":"OYSY","name":"Seiyun","tier":1}},{"type":"Feature","geometry":{"type":"Point","coordinates":[50.0509,40.4728]},"properties":{"iata":"GYD","icao":"UBBB","name":"Baku","tier":1}},{"type":"Feature","geometry":{"type":"Point","coordinates":[-79.8836,-2.1574]},"properties":{"iata":"GYE","icao":"SEGU","name":"Guayaquil","tier":1}},{"type":"Feature","geometry":{"type":"Point","coordinates":[-49.2207,-16.632]},"properties":{"iata":"GYN","icao":"SBGO","name":"Goiânia","tier":1}},{"type":"Feature","geometry":{"type":"Point","coordinates":[37.4787,36.9472]},"properties":{"iata":"GZT","icao":"LTAJ","name":"Gaziantep","tier":1}},{"type":"Feature","geometry":{"type":"Point","coordinates":[43.2719,-11.5337]},"properties":{"iata":"HAH","icao":"FMCH","name":"Moroni","tier":1}},{"type":"Feature","geometry":{"type":"Point","coordinates":[9.6851,52.4611]},"properties":{"iata":"HAJ","icao":"EDDV","name":"Hannover","tier":1}},{"type":"Feature","geometry":{"type":"Point","coordinates":[110.459,19.9349]},"properties":{"iata":"HAK","icao":"ZJHK","name":"Haikou (Meilan)","tier":1}},{"type":"Feature","geometry":{"type":"Point","coordinates":[9.9882,53.6304]},"properties":{"iata":"HAM","icao":"EDDH","name":"Hamburg","tier":1}},{"type":"Feature","geometry":{"type":"Point","coordinates":[105.807,21.2212]},"properties":{"iata":"HAN","icao":"VVNB","name":"Hanoi (Soc Son)","tier":1}},{"type":"Feature","geometry":{"type":"Point","coordinates":[73.1671,6.7432]},"properties":{"iata":"HAQ","icao":"VRMH","name":"Haa Dhaalu Atoll","tier":1}},{"type":"Feature","geometry":{"type":"Point","coordinates":[41.6863,27.4379]},"properties":{"iata":"HAS","icao":"OEHL","name":"Hail","tier":1}},{"type":"Feature","geometry":{"type":"Point","coordinates":[-82.4091,22.9892]},"properties":{"iata":"HAV","icao":"MUHA","name":"Havana","tier":1}},{"type":"Feature","geometry":{"type":"Point","coordinates":[147.513,-42.837]},"properties":{"iata":"HBA","icao":"YMHB","name":"Hobart (Cambridge)","tier":1}},{"type":"Feature","geometry":{"type":"Point","coordinates":[29.6964,30.9325]},"properties":{"iata":"HBE","icao":"HEAX","name":"Alexandria","tier":1}},{"type":"Feature","geometry":{"type":"Point","coordinates":[100.393,6.9332]},"properties":{"iata":"HDY","icao":"VTSS","name":"Hat Yai","tier":1}},{"type":"Feature","geometry":{"type":"Point","coordinates":[62.2283,34.21]},"properties":{"iata":"HEA","icao":"OAHR","name":"Guzara","tier":1}},{"type":"Feature","geometry":{"type":"Point","coordinates":[24.9633,60.3184]},"properties":{"iata":"HEL","icao":"EFHK","name":"Helsinki (Vantaa)","tier":1}},{"type":"Feature","geometry":{"type":"Point","coordinates":[25.1803,35.3397]},"properties":{"iata":"HER","icao":"LGIR","name":"Heraklion","tier":1}},{"type":"Feature","geometry":{"type":"Point","coordinates":[111.8246,40.8497]},"properties":{"iata":"HET","icao":"ZBHH","name":"Hohhot","tier":1}},{"type":"Feature","geometry":{"type":"Point","coordinates":[116.9769,31.9878]},"properties":{"iata":"HFE","icao":"ZSOF","name":"Hefei","tier":1}},{"type":"Feature","geometry":{"type":"Point","coordinates":[44.0835,9.5141]},"properties":{"iata":"HGA","icao":"HCMH","name":"Hargeisa","tier":1}},{"type":"Feature","geometry":{"type":"Point","coordinates":[120.4289,30.2361]},"properties":{"iata":"HGH","icao":"ZSHC","name":"Hangzhou","tier":1}},{"type":"Feature","geometry":{"type":"Point","coordinates":[7.2617,49.9464]},"properties":{"iata":"HHN","icao":"EDFH","name":"Frankfurt am Main (Lautzenhausen)","tier":1}},{"type":"Feature","geometry":{"type":"Point","coordinates":[119.1267,33.7927]},"properties":{"iata":"HIA","icao":"ZSSH","name":"Huai'an","tier":1}},{"type":"Feature","geometry":{"type":"Point","coordinates":[132.919,34.4361]},"properties":{"iata":"HIJ","icao":"RJOA","name":"Hiroshima","tier":1}},{"type":"Feature","geometry":{"type":"Point","coordinates":[160.055,-9.428]},"properties":{"iata":"HIR","icao":"AGGH","name":"Honiara","tier":1}},{"type":"Feature","geometry":{"type":"Point","coordinates":[140.822,41.77]},"properties":{"iata":"HKD","icao":"RJCH","name":"Hakodate","tier":1}},{"type":"Feature","geometry":{"type":"Point","coordinates":[113.9149,22.3118]},"properties":{"iata":"HKG","icao":"VHHH","name":"Hong Kong","tier":1}},{"type":"Feature","geometry":{"type":"Point","coordinates":[98.3174,8.1133]},"properties":{"iata":"HKT","icao":"VTSP","name":"Phuket","tier":1}},{"type":"Feature","geometry":{"type":"Point","coordinates":[27.9266,-25.939]},"properties":{"iata":"HLA","icao":"FALA","name":"Johannesburg","tier":1}},{"type":"Feature","geometry":{"type":"Point","coordinates":[119.8223,49.2086]},"properties":{"iata":"HLD","icao":"ZBLA","name":"Hailar","tier":1}},{"type":"Feature","geometry":{"type":"Point","coordinates":[106.8903,-6.267]},"properties":{"iata":"HLP","icao":"WIHH","name":"Jakarta","tier":1}},{"type":"Feature","geometry":{"type":"Point","coordinates":[31.743,26.3425]},"properties":{"iata":"HMB","icao":"HESG","name":"Suhaj","tier":1}},{"type":"Feature","geometry":{"type":"Point","coordinates":[-111.053,29.0928]},"properties":{"iata":"HMO","icao":"MMHO","name":"Hermosillo","tier":1}},{"type":"Feature","geometry":{"type":"Point","coordinates":[139.787,35.5497]},"properties":{"iata":"HND","icao":"RJTT","name":"Tokyo","tier":1}},{"type":"Feature","geometry":{"type":"Point","coordinates":[-157.9257,21.3184]},"properties":{"iata":"HNL","icao":"PHNL","name":"Honolulu, Oahu","tier":1}},{"type":"Feature","geometry":{"type":"Point","coordinates":[49.4852,25.2853]},"properties":{"iata":"HOF","icao":"OEAH","name":"Hofuf","tier":1}},{"type":"Feature","geometry":{"type":"Point","coordinates":[-76.3155,20.7851]},"properties":{"iata":"HOG","icao":"MUHG","name":"Holguin","tier":1}},{"type":"Feature","geometry":{"type":"Point","coordinates":[-95.2768,29.6453]},"properties":{"iata":"HOU","icao":"KHOU","name":"Houston","tier":1}},{"type":"Feature","geometry":{"type":"Point","coordinates":[106.7243,20.8174]},"properties":{"iata":"HPH","icao":"VVCI","name":"Haiphong (Hai An)","tier":1}},{"type":"Feature","geometry":{"type":"Point","coordinates":[126.25,45.6234]},"properties":{"iata":"HRB","icao":"ZYHB","name":"Harbin","tier":1}},{"type":"Feature","geometry":{"type":"Point","coordinates":[31.0928,-17.9318]},"properties":{"iata":"HRE","icao":"FVRG","name":"Harare","tier":1}},{"type":"Feature","geometry":{"type":"Point","coordinates":[33.7967,27.1768]},"properties":{"iata":"HRG","icao":"HEGN","name":"Hurghada","tier":1}},{"type":"Feature","geometry":{"type":"Point","coordinates":[68.5504,43.3111]},"properties":{"iata":"HSA","icao":"UAIT","name":"Turkıstan","tier":1}},{"type":"Feature","geometry":{"type":"Point","coordinates":[130.302,33.1497]},"properties":{"iata":"HSG","icao":"RJFS","name":"Saga","tier":1}},{"type":"Feature","geometry":{"type":"Point","coordinates":[122.3623,29.9339]},"properties":{"iata":"HSN","icao":"ZSZS","name":"Zhoushan","tier":1}},{"type":"Feature","geometry":{"type":"Point","coordinates":[71.0394,22.3788]},"properties":{"iata":"HSR","icao":"VAHS","name":"Rajkot","tier":1}},{"type":"Feature","geometry":{"type":"Point","coordinates":[75.7414,29.1861]},"properties":{"iata":"HSS","icao":"VIHR","name":"Hisar","tier":1}},{"type":"Feature","geometry":{"type":"Point","coordinates":[113.3058,52.0248]},"properties":{"iata":"HTA","icao":"UIAA","name":"Chita","tier":1}},{"type":"Feature","geometry":{"type":"Point","coordinates":[121.618,24.0232]},"properties":{"iata":"HUN","icao":"RCYU","name":"Hualien City","tier":1}},{"type":"Feature","geometry":{"type":"Point","coordinates":[-96.2605,15.7754]},"properties":{"iata":"HUX","icao":"MMBT","name":"Huatulco","tier":1}},{"type":"Feature","geometry":{"type":"Point","coordinates":[75.6298,30.7485]},"properties":{"iata":"HWR","icao":"VIHX","name":"Halwara","tier":1}},{"type":"Feature","geometry":{"type":"Point","coordinates":[78.4299,17.2313]},"properties":{"iata":"HYD","icao":"VOHS","name":"Hyderabad","tier":1}},{"type":"Feature","geometry":{"type":"Point","coordinates":[-77.4558,38.9445]},"properties":{"iata":"IAD","icao":"KIAD","name":"Dulles","tier":1}},{"type":"Feature","geometry":{"type":"Point","coordinates":[-95.3414,29.9844]},"properties":{"iata":"IAH","icao":"KIAH","name":"Houston","tier":1}},{"type":"Feature","geometry":{"type":"Point","coordinates":[40.1574,57.5607]},"properties":{"iata":"IAR","icao":"UUDL","name":"Tunoshna","tier":1}},{"type":"Feature","geometry":{"type":"Point","coordinates":[27.6214,47.1796]},"properties":{"iata":"IAS","icao":"LRIA","name":"Iaşi","tier":1}},{"type":"Feature","geometry":{"type":"Point","coordinates":[140.4144,36.1815]},"properties":{"iata":"IBR","icao":"RJAH","name":"Omitama","tier":1}},{"type":"Feature","geometry":{"type":"Point","coordinates":[1.3731,38.8729]},"properties":{"iata":"IBZ","icao":"LEIB","name":"Ibiza (Eivissa)","tier":1}},{"type":"Feature","geometry":{"type":"Point","coordinates":[126.451,37.4691]},"properties":{"iata":"ICN","icao":"RKSI","name":"Seoul","tier":1}},{"type":"Feature","geometry":{"type":"Point","coordinates":[75.8005,22.7214]},"properties":{"iata":"IDR","icao":"VAID","name":"Indore","tier":1}},{"type":"Feature","geometry":{"type":"Point","coordinates":[51.8839,32.7551]},"properties":{"iata":"IFN","icao":"OIFM","name":"Isfahan","tier":1}},{"type":"Feature","geometry":{"type":"Point","coordinates":[-54.4894,-25.5942]},"properties":{"iata":"IGU","icao":"SBFI","name":"Foz do Iguaçu","tier":1}},{"type":"Feature","geometry":{"type":"Point","coordinates":[51.1522,35.4161]},"properties":{"iata":"IKA","icao":"OIIE","name":"Tehran","tier":1}},{"type":"Feature","geometry":{"type":"Point","coordinates":[104.3956,52.2667]},"properties":{"iata":"IKT","icao":"UIII","name":"Irkutsk","tier":1}},{"type":"Feature","geometry":{"type":"Point","coordinates":[76.7012,42.5856]},"properties":{"iata":"IKU","icao":"UCFL","name":"Tamchy","tier":1}},{"type":"Feature","geometry":{"type":"Point","coordinates":[122.4934,10.833]},"properties":{"iata":"ILO","icao":"RPVI","name":"Cabatuan","tier":1}},{"type":"Feature","geometry":{"type":"Point","coordinates":[4.4939,8.4402]},"properties":{"iata":"ILR","icao":"DNIL","name":"Ilorin/Ogbomosho","tier":1}},{"type":"Feature","geometry":{"type":"Point","coordinates":[93.8967,24.76]},"properties":{"iata":"IMF","icao":"VEIM","name":"Imphal","tier":1}},{"type":"Feature","geometry":{"type":"Point","coordinates":[106.3932,38.3228]},"properties":{"iata":"INC","icao":"ZLIC","name":"Yinchuan","tier":1}},{"type":"Feature","geometry":{"type":"Point","coordinates":[-86.2944,39.7173]},"properties":{"iata":"IND","icao":"KIND","name":"Indianapolis","tier":1}},{"type":"Feature","geometry":{"type":"Point","coordinates":[21.8562,43.3365]},"properties":{"iata":"INI","icao":"LYNI","name":"Niš","tier":1}},{"type":"Feature","geometry":{"type":"Point","coordinates":[11.344,47.2602]},"properties":{"iata":"INN","icao":"LOWI","name":"Innsbruck","tier":1}},{"type":"Feature","geometry":{"type":"Point","coordinates":[-4.6239,54.0831]},"properties":{"iata":"IOM","icao":"EGNS","name":"Castletown","tier":1}},{"type":"Feature","geometry":{"type":"Point","coordinates":[-109.421,-27.1654]},"properties":{"iata":"IPC","icao":"SCIP","name":"Isla De Pascua","tier":1}},{"type":"Feature","geometry":{"type":"Point","coordinates":[101.0916,4.5673]},"properties":{"iata":"IPH","icao":"WMKI","name":"Ipoh","tier":1}},{"type":"Feature","geometry":{"type":"Point","coordinates":[-70.1814,-20.5363]},"properties":{"iata":"IQQ","icao":"SCDA","name":"Iquique","tier":1}},{"type":"Feature","geometry":{"type":"Point","coordinates":[-73.3088,-3.7847]},"properties":{"iata":"IQT","icao":"SPQT","name":"Iquitos","tier":1}},{"type":"Feature","geometry":{"type":"Point","coordinates":[72.8257,33.549]},"properties":{"iata":"ISB","icao":"OPIS","name":"Attock","tier":1}},{"type":"Feature","geometry":{"type":"Point","coordinates":[73.9129,20.1191]},"properties":{"iata":"ISK","icao":"VAOZ","name":"Nashik","tier":1}},{"type":"Feature","geometry":{"type":"Point","coordinates":[28.7321,41.2749]},"properties":{"iata":"IST","icao":"LTFM","name":"Istanbul","tier":1}},{"type":"Feature","geometry":{"type":"Point","coordinates":[135.4408,34.7809]},"properties":{"iata":"ITM","icao":"RJOO","name":"Osaka","tier":1}},{"type":"Feature","geometry":{"type":"Point","coordinates":[27.4053,68.6073]},"properties":{"iata":"IVL","icao":"EFIV","name":"Ivalo","tier":1}},{"type":"Feature","geometry":{"type":"Point","coordinates":[88.3286,26.6812]},"properties":{"iata":"IXB","icao":"VEBD","name":"Siliguri","tier":1}},{"type":"Feature","geometry":{"type":"Point","coordinates":[76.7885,30.6735]},"properties":{"iata":"IXC","icao":"VICG","name":"Chandigarh","tier":1}},{"type":"Feature","geometry":{"type":"Point","coordinates":[74.8868,12.9547]},"properties":{"iata":"IXE","icao":"VOML","name":"Mangaluru","tier":1}},{"type":"Feature","geometry":{"type":"Point","coordinates":[92.729,11.6402]},"properties":{"iata":"IXZ","icao":"VOPB","name":"Port Blair","tier":1}},{"type":"Feature","geometry":{"type":"Point","coordinates":[80.0701,9.7923]},"properties":{"iata":"JAF","icao":"VCCJ","name":"Jaffna","tier":1}},{"type":"Feature","geometry":{"type":"Point","coordinates":[75.8122,26.8242]},"properties":{"iata":"JAI","icao":"VIJP","name":"Jaipur","tier":1}},{"type":"Feature","geometry":{"type":"Point","coordinates":[-81.6878,30.4925]},"properties":{"iata":"JAX","icao":"KJAX","name":"Jacksonville","tier":1}},{"type":"Feature","geometry":{"type":"Point","coordinates":[14.4283,48.9482]},"properties":{"iata":"JCL","icao":"LKCS","name":"České Budějovice","tier":1}},{"type":"Feature","geometry":{"type":"Point","coordinates":[39.1574,21.6802]},"properties":{"iata":"JED","icao":"OEJN","name":"Jeddah","tier":1}},{"type":"Feature","geometry":{"type":"Point","coordinates":[-73.7793,40.6394]},"properties":{"iata":"JFK","icao":"KJFK","name":"New York","tier":1}},{"type":"Feature","geometry":{"type":"Point","coordinates":[98.3393,39.8591]},"properties":{"iata":"JGN","icao":"ZLJQ","name":"Jiayuguan","tier":1}},{"type":"Feature","geometry":{"type":"Point","coordinates":[103.67,1.6413]},"properties":{"iata":"JHB","icao":"WMKJ","name":"Johor Bahru","tier":1}},{"type":"Feature","geometry":{"type":"Point","coordinates":[100.7622,21.9746]},"properties":{"iata":"JHG","icao":"ZPJH","name":"Jinghong (Gasa)","tier":1}},{"type":"Feature","geometry":{"type":"Point","coordinates":[43.1595,11.5473]},"properties":{"iata":"JIB","icao":"HDAM","name":"Djibouti City","tier":1}},{"type":"Feature","geometry":{"type":"Point","coordinates":[42.9118,9.3319]},"properties":{"iata":"JIJ","icao":"HAJJ","name":"Jijiga","tier":1}},{"type":"Feature","geometry":{"type":"Point","coordinates":[118.5886,24.7959]},"properties":{"iata":"JJN","icao":"ZSQZ","name":"Quanzhou","tier":1}},{"type":"Feature","geometry":{"type":"Point","coordinates":[28.2468,-26.1401]},"properties":{"iata":"JNB","icao":"FAOR","name":"Johannesburg","tier":1}},{"type":"Feature","geometry":{"type":"Point","coordinates":[-34.9506,-7.1487]},"properties":{"iata":"JPA","icao":"SBJP","name":"João Pessoa","tier":1}},{"type":"Feature","geometry":{"type":"Point","coordinates":[37.0735,-3.427]},"properties":{"iata":"JRO","icao":"HTKJ","name":"Arusha","tier":1}},{"type":"Feature","geometry":{"type":"Point","coordinates":[25.4786,36.4]},"properties":{"iata":"JTR","icao":"LGSR","name":"Santorini Island","tier":1}},{"type":"Feature","geometry":{"type":"Point","coordinates":[31.6011,4.872]},"properties":{"iata":"JUB","icao":"HJJJ","name":"Juba","tier":1}},{"type":"Feature","geometry":{"type":"Point","coordinates":[-65.0978,-24.3928]},"properties":{"iata":"JUJ","icao":"SASJ","name":"San Salvador de Jujuy","tier":1}},{"type":"Feature","geometry":{"type":"Point","coordinates":[-70.1565,-15.4677]},"properties":{"iata":"JUL","icao":"SPJL","name":"Juliaca","tier":1}},{"type":"Feature","geometry":{"type":"Point","coordinates":[7.3201,10.696]},"properties":{"iata":"KAD","icao":"DNKA","name":"Kaduna","tier":1}},{"type":"Feature","geometry":{"type":"Point","coordinates":[8.5236,12.0456]},"properties":{"iata":"KAN","icao":"DNKN","name":"Kano","tier":1}},{"type":"Feature","geometry":{"type":"Point","coordinates":[69.2123,34.5659]},"properties":{"iata":"KBL","icao":"OAKB","name":"Kabul","tier":1}},{"type":"Feature","geometry":{"type":"Point","coordinates":[98.989,8.0956]},"properties":{"iata":"KBV","icao":"VTSG","name":"Krabi","tier":1}},{"type":"Feature","geometry":{"type":"Point","coordinates":[110.3529,1.4874]},"properties":{"iata":"KCH","icao":"WBGG","name":"Kuching","tier":1}},{"type":"Feature","geometry":{"type":"Point","coordinates":[133.6702,33.5452]},"properties":{"iata":"KCZ","icao":"RJOK","name":"Nankoku","tier":1}},{"type":"Feature","geometry":{"type":"Point","coordinates":[65.848,31.5058]},"properties":{"iata":"KDH","icao":"OAKN","name":"Kandahar","tier":1}},{"type":"Feature","geometry":{"type":"Point","coordinates":[75.5386,35.3387]},"properties":{"iata":"KDU","icao":"OPSD","name":"Skardu","tier":1}},{"type":"Feature","geometry":{"type":"Point","coordinates":[-22.6056,63.985]},"properties":{"iata":"KEF","icao":"BIKF","name":"Reykjavík","tier":1}},{"type":"Feature","geometry":{"type":"Point","coordinates":[86.1072,55.2701]},"properties":{"iata":"KEJ","icao":"UNEE","name":"Kemerovo","tier":1}},{"type":"Feature","geometry":{"type":"Point","coordinates":[56.9497,30.2713]},"properties":{"iata":"KER","icao":"OIKK","name":"Kerman","tier":1}},{"type":"Feature","geometry":{"type":"Point","coordinates":[20.5986,54.8916]},"properties":{"iata":"KGD","icao":"UMKK","name":"Kaliningrad","tier":1}},{"type":"Feature","geometry":{"type":"Point","coordinates":[73.3344,49.6708]},"properties":{"iata":"KGF","icao":"UAKK","name":"Karaganda","tier":1}},{"type":"Feature","geometry":{"type":"Point","coordinates":[30.1395,-1.9686]},"properties":{"iata":"KGL","icao":"HRYR","name":"Kigali","tier":1}},{"type":"Feature","geometry":{"type":"Point","coordinates":[27.0911,36.7945]},"properties":{"iata":"KGS","icao":"LGKO","name":"Kos Island","tier":1}},{"type":"Feature","geometry":{"type":"Point","coordinates":[76.0202,39.5423]},"properties":{"iata":"KHG","icao":"ZWSH","name":"Kashgar","tier":1}},{"type":"Feature","geometry":{"type":"Point","coordinates":[120.35,22.5771]},"properties":{"iata":"KHH","icao":"RCKH","name":"Kaohsiung (Xiaogang)","tier":1}},{"type":"Feature","geometry":{"type":"Point","coordinates":[67.1608,24.9065]},"properties":{"iata":"KHI","icao":"OPKC","name":"Karachi","tier":1}},{"type":"Feature","geometry":{"type":"Point","coordinates":[115.9027,28.8648]},"properties":{"iata":"KHN","icao":"ZSCN","name":"Nanchang","tier":1}},{"type":"Feature","geometry":{"type":"Point","coordinates":[53.9805,26.5254]},"properties":{"iata":"KIH","icao":"OIBK","name":"Kish Island","tier":1}},{"type":"Feature","geometry":{"type":"Point","coordinates":[139.1122,37.9542]},"properties":{"iata":"KIJ","icao":"RJSN","name":"Niigata","tier":1}},{"type":"Feature","geometry":{"type":"Point","coordinates":[44.3489,35.4695]},"properties":{"iata":"KIK","icao":"ORKK","name":"Kirkuk","tier":1}},{"type":"Feature","geometry":{"type":"Point","coordinates":[24.7649,-28.8054]},"properties":{"iata":"KIM","icao":"FAKM","name":"Kimberley","tier":1}},{"type":"Feature","geometry":{"type":"Point","coordinates":[-76.7875,17.9357]},"properties":{"iata":"KIN","icao":"MKJP","name":"Kingston","tier":1}},{"type":"Feature","geometry":{"type":"Point","coordinates":[34.7289,-0.0861]},"properties":{"iata":"KIS","icao":"HKKI","name":"Kisumu","tier":1}},{"type":"Feature","geometry":{"type":"Point","coordinates":[135.244,34.4273]},"properties":{"iata":"KIX","icao":"RJBB","name":"Osaka","tier":1}},{"type":"Feature","geometry":{"type":"Point","coordinates":[92.4858,56.1757]},"properties":{"iata":"KJA","icao":"UNKL","name":"Krasnoyarsk","tier":1}},{"type":"Feature","geometry":{"type":"Point","coordinates":[131.035,33.8459]},"properties":{"iata":"KKJ","icao":"RJFR","name":"Kitakyushu","tier":1}},{"type":"Feature","geometry":{"type":"Point","coordinates":[122.376,11.6794]},"properties":{"iata":"KLO","icao":"RPVK","name":"Kalibo","tier":1}},{"type":"Feature","geometry":{"type":"Point","coordinates":[14.3377,46.6425]},"properties":{"iata":"KLU","icao":"LOWK","name":"Klagenfurt am Wörthersee","tier":1}},{"type":"Feature","geometry":{"type":"Point","coordinates":[12.915,50.203]},"properties":{"iata":"KLV","icao":"LKKV","name":"Karlovy Vary","tier":1}},{"type":"Feature","geometry":{"type":"Point","coordinates":[102.9367,25.1103]},"properties":{"iata":"KMG","icao":"ZPPP","name":"Kunming","tier":1}},{"type":"Feature","geometry":{"type":"Point","coordinates":[131.449,31.8772]},"properties":{"iata":"KMI","icao":"RJFM","name":"Miyazaki","tier":1}},{"type":"Feature","geometry":{"type":"Point","coordinates":[130.855,32.8373]},"properties":{"iata":"KMJ","icao":"RJFT","name":"Kumamoto","tier":1}},{"type":"Feature","geometry":{"type":"Point","coordinates":[136.4069,36.3934]},"properties":{"iata":"KMQ","icao":"RJNK","name":"Kanazawa","tier":1}},{"type":"Feature","geometry":{"type":"Point","coordinates":[-1.5908,6.7146]},"properties":{"iata":"KMS","icao":"DGSI","name":"Kumasi","tier":1}},{"type":"Feature","geometry":{"type":"Point","coordinates":[98.8706,3.6378]},"properties":{"iata":"KNO","icao":"WIMM","name":"Beringin","tier":1}},{"type":"Feature","geometry":{"type":"Point","coordinates":[-156.0456,19.7388]},"properties":{"iata":"KOA","icao":"PHKO","name":"Kailua-Kona","tier":1}},{"type":"Feature","geometry":{"type":"Point","coordinates":[130.719,31.8034]},"properties":{"iata":"KOJ","icao":"RJFK","name":"Kagoshima","tier":1}},{"type":"Feature","geometry":{"type":"Point","coordinates":[103.6321,10.5706]},"properties":{"iata":"KOS","icao":"VDSV","name":"Preah Sihanouk","tier":1}},{"type":"Feature","geometry":{"type":"Point","coordinates":[69.5946,53.3291]},"properties":{"iata":"KOV","icao":"UACK","name":"Kokshetau","tier":1}},{"type":"Feature","geometry":{"type":"Point","coordinates":[68.8645,37.8663]},"properties":{"iata":"KQT","icao":"UTDT","name":"Bokhtar","tier":1}},{"type":"Feature","geometry":{"type":"Point","coordinates":[19.7848,50.0777]},"properties":{"iata":"KRK","icao":"EPKK","name":"Balice","tier":1}},{"type":"Feature","geometry":{"type":"Point","coordinates":[20.3368,67.822]},"properties":{"iata":"KRN","icao":"ESNQ","name":"Kiruna","tier":1}},{"type":"Feature","geometry":{"type":"Point","coordinates":[39.1742,45.0345]},"properties":{"iata":"KRR","icao":"URKK","name":"Krasnodar","tier":1}},{"type":"Feature","geometry":{"type":"Point","coordinates":[8.0854,58.2042]},"properties":{"iata":"KRS","icao":"ENCN","name":"Kristiansand(Kjevik)","tier":1}},{"type":"Feature","geometry":{"type":"Point","coordinates":[32.5532,15.5895]},"properties":{"iata":"KRT","icao":"HSSK","name":"Khartoum","tier":1}},{"type":"Feature","geometry":{"type":"Point","coordinates":[162.958,5.357]},"properties":{"iata":"KSA","icao":"PTSA","name":"Okat","tier":1}},{"type":"Feature","geometry":{"type":"Point","coordinates":[9.3916,51.4184]},"properties":{"iata":"KSF","icao":"EDVK","name":"Calden","tier":1}},{"type":"Feature","geometry":{"type":"Point","coordinates":[63.5503,53.2069]},"properties":{"iata":"KSN","icao":"UAUU","name":"Kostanay","tier":1}},{"type":"Feature","geometry":{"type":"Point","coordinates":[104.9213,11.36]},"properties":{"iata":"KTI","icao":"VDTI","name":"Phnom Penh (Boeng Khyang)","tier":1}},{"type":"Feature","geometry":{"type":"Point","coordinates":[85.3591,27.6966]},"properties":{"iata":"KTM","icao":"VNKT","name":"Kathmandu","tier":1}},{"type":"Feature","geometry":{"type":"Point","coordinates":[24.8468,67.701]},"properties":{"iata":"KTT","icao":"EFKT","name":"Kittilä","tier":1}},{"type":"Feature","geometry":{"type":"Point","coordinates":[19.0807,50.476]},"properties":{"iata":"KTW","icao":"EPKT","name":"Katowice","tier":1}},{"type":"Feature","geometry":{"type":"Point","coordinates":[50.1643,53.5049]},"properties":{"iata":"KUF","icao":"UWWW","name":"Samara","tier":1}},{"type":"Feature","geometry":{"type":"Point","coordinates":[101.71,2.7456]},"properties":{"iata":"KUL","icao":"WMKK","name":"Sepang","tier":1}},{"type":"Feature","geometry":{"type":"Point","coordinates":[24.0858,54.964]},"properties":{"iata":"KUN","icao":"EYKA","name":"Kaunas","tier":1}},{"type":"Feature","geometry":{"type":"Point","coordinates":[27.7978,63.0071]},"properties":{"iata":"KUO","icao":"EFKU","name":"Kuopio / Siilinjärvi","tier":1}},{"type":"Feature","geometry":{"type":"Point","coordinates":[42.4854,42.1774]},"properties":{"iata":"KUT","icao":"UGKO","name":"Kopitnari","tier":1}},{"type":"Feature","geometry":{"type":"Point","coordinates":[24.6192,40.9133]},"properties":{"iata":"KVA","icao":"LGKV","name":"Kavala","tier":1}},{"type":"Feature","geometry":{"type":"Point","coordinates":[106.804,26.5418]},"properties":{"iata":"KWE","icao":"ZUGY","name":"Guiyang (Nanming)","tier":1}},{"type":"Feature","geometry":{"type":"Point","coordinates":[47.9698,29.2245]},"properties":{"iata":"KWI","icao":"OKKK","name":"Kuwait City","tier":1}},{"type":"Feature","geometry":{"type":"Point","coordinates":[110.0396,25.2198]},"properties":{"iata":"KWL","icao":"ZGKL","name":"Guilin (Lingui)","tier":1}},{"type":"Feature","geometry":{"type":"Point","coordinates":[32.5619,37.979]},"properties":{"iata":"KYA","icao":"LTAN","name":"Konya","tier":1}},{"type":"Feature","geometry":{"type":"Point","coordinates":[49.2787,55.6062]},"properties":{"iata":"KZN","icao":"UWKD","name":"Kazan","tier":1}},{"type":"Feature","geometry":{"type":"Point","coordinates":[65.5925,44.7069]},"properties":{"iata":"KZO","icao":"UAOO","name":"Kyzylorda","tier":1}},{"type":"Feature","geometry":{"type":"Point","coordinates":[13.2312,-8.8584]},"properties":{"iata":"LAD","icao":"FNLU","name":"Luanda","tier":1}},{"type":"Feature","geometry":{"type":"Point","coordinates":[146.7265,-6.568]},"properties":{"iata":"LAE","icao":"AYNZ","name":"Lae","tier":1}},{"type":"Feature","geometry":{"type":"Point","coordinates":[120.531,18.1751]},"properties":{"iata":"LAO","icao":"RPLI","name":"Laoag City","tier":1}},{"type":"Feature","geometry":{"type":"Point","coordinates":[21.9549,32.789]},"properties":{"iata":"LAQ","icao":"HLLQ","name":"Al Albraq","tier":1}},{"type":"Feature","geometry":{"type":"Point","coordinates":[-115.1518,36.0834]},"properties":{"iata":"LAS","icao":"KLAS","name":"Las Vegas","tier":1}},{"type":"Feature","geometry":{"type":"Point","coordinates":[-118.408,33.9425]},"properties":{"iata":"LAX","icao":"KLAX","name":"Los Angeles","tier":1}},{"type":"Feature","geometry":{"type":"Point","coordinates":[-1.6606,53.8659]},"properties":{"iata":"LBA","icao":"EGNM","name":"Leeds, West Yorkshire","tier":1}},{"type":"Feature","geometry":{"type":"Point","coordinates":[69.6947,40.2154]},"properties":{"iata":"LBD","icao":"UTDL","name":"Khujand","tier":1}},{"type":"Feature","geometry":{"type":"Point","coordinates":[2.4365,48.9623]},"properties":{"iata":"LBG","icao":"LFPB","name":"Paris","tier":1}},{"type":"Feature","geometry":{"type":"Point","coordinates":[9.4121,0.459]},"properties":{"iata":"LBV","icao":"FOOL","name":"Libreville","tier":1}},{"type":"Feature","geometry":{"type":"Point","coordinates":[33.6249,34.8751]},"properties":{"iata":"LCA","icao":"LCLK","name":"Larnaca","tier":1}},{"type":"Feature","geometry":{"type":"Point","coordinates":[19.3981,51.7219]},"properties":{"iata":"LCJ","icao":"EPLL","name":"Łódź","tier":1}},{"type":"Feature","geometry":{"type":"Point","coordinates":[30.2625,59.8003]},"properties":{"iata":"LED","icao":"ULLI","name":"St. Petersburg","tier":1}},{"type":"Feature","geometry":{"type":"Point","coordinates":[12.2327,51.4207]},"properties":{"iata":"LEJ","icao":"EDDP","name":"Schkeuditz","tier":1}},{"type":"Feature","geometry":{"type":"Point","coordinates":[1.2545,6.1656]},"properties":{"iata":"LFW","icao":"DXXX","name":"Lomé","tier":1}},{"type":"Feature","geometry":{"type":"Point","coordinates":[-73.8726,40.7772]},"properties":{"iata":"LGA","icao":"KLGA","name":"New York","tier":1}},{"type":"Feature","geometry":{"type":"Point","coordinates":[-118.1499,33.8165]},"properties":{"iata":"LGB","icao":"KLGB","name":"Long Beach","tier":1}},{"type":"Feature","geometry":{"type":"Point","coordinates":[99.7287,6.3297]},"properties":{"iata":"LGK","icao":"WMKL","name":"Langkawi","tier":1}},{"type":"Feature","geometry":{"type":"Point","coordinates":[-0.1857,51.1487]},"properties":{"iata":"LGW","icao":"EGKK","name":"London","tier":1}},{"type":"Feature","geometry":{"type":"Point","coordinates":[74.4036,31.5216]},"properties":{"iata":"LHE","icao":"OPLA","name":"Lahore","tier":1}},{"type":"Feature","geometry":{"type":"Point","coordinates":[-0.4599,51.4707]},"properties":{"iata":"LHR","icao":"EGLL","name":"London","tier":1}},{"type":"Feature","geometry":{"type":"Point","coordinates":[103.62,36.5152]},"properties":{"iata":"LHW","icao":"ZLLL","name":"Lanzhou (Yongdeng)","tier":1}},{"type":"Feature","geometry":{"type":"Point","coordinates":[-159.3371,21.9744]},"properties":{"iata":"LIH","icao":"PHLI","name":"Lihue, Kauai","tier":1}},{"type":"Feature","geometry":{"type":"Point","coordinates":[3.1024,50.5666]},"properties":{"iata":"LIL","icao":"LFQQ","name":"Lesquin","tier":1}},{"type":"Feature","geometry":{"type":"Point","coordinates":[-77.1143,-12.0219]},"properties":{"iata":"LIM","icao":"SPJC","name":"Lima","tier":1}},{"type":"Feature","geometry":{"type":"Point","coordinates":[9.2767,45.4451]},"properties":{"iata":"LIN","icao":"LIML","name":"Segrate (MI)","tier":1}},{"type":"Feature","geometry":{"type":"Point","coordinates":[-85.5444,10.5933]},"properties":{"iata":"LIR","icao":"MRLB","name":"Liberia","tier":1}},{"type":"Feature","geometry":{"type":"Point","coordinates":[-9.1359,38.7813]},"properties":{"iata":"LIS","icao":"LPPT","name":"Lisbon","tier":1}},{"type":"Feature","geometry":{"type":"Point","coordinates":[100.2449,26.6775]},"properties":{"iata":"LJG","icao":"ZPLJ","name":"Lijiang","tier":1}},{"type":"Feature","geometry":{"type":"Point","coordinates":[14.4576,46.2237]},"properties":{"iata":"LJU","icao":"LJLJ","name":"Zgornji Brnik","tier":1}},{"type":"Feature","geometry":{"type":"Point","coordinates":[80.8893,26.7606]},"properties":{"iata":"LKO","icao":"VILK","name":"Lucknow","tier":1}},{"type":"Feature","geometry":{"type":"Point","coordinates":[22.122,65.5438]},"properties":{"iata":"LLA","icao":"ESPA","name":"Luleå","tier":1}},{"type":"Feature","geometry":{"type":"Point","coordinates":[33.781,-13.7894]},"properties":{"iata":"LLW","icao":"FWKI","name":"Lumbadzi","tier":1}},{"type":"Feature","geometry":{"type":"Point","coordinates":[14.1881,48.2354]},"properties":{"iata":"LNZ","icao":"LOWL","name":"Linz","tier":1}},{"type":"Feature","geometry":{"type":"Point","coordinates":[116.2782,-8.76]},"properties":{"iata":"LOP","icao":"WADL","name":"Mataram (Pujut, Lombok Tengah)","tier":1}},{"type":"Feature","geometry":{"type":"Point","coordinates":[3.3212,6.5774]},"properties":{"iata":"LOS","icao":"DNMM","name":"Lagos","tier":1}},{"type":"Feature","geometry":{"type":"Point","coordinates":[-15.3866,27.9319]},"properties":{"iata":"LPA","icao":"GCLP","name":"Gran Canaria Island","tier":1}},{"type":"Feature","geometry":{"type":"Point","coordinates":[-68.1894,-16.5103]},"properties":{"iata":"LPB","icao":"SLLP","name":"La Paz / El Alto","tier":1}},{"type":"Feature","geometry":{"type":"Point","coordinates":[15.6845,58.4049]},"properties":{"iata":"LPI","icao":"ESSL","name":"Linköping","tier":1}},{"type":"Feature","geometry":{"type":"Point","coordinates":[-2.8496,53.3349]},"properties":{"iata":"LPL","icao":"EGGP","name":"Liverpool","tier":1}},{"type":"Feature","geometry":{"type":"Point","coordinates":[28.1447,61.0446]},"properties":{"iata":"LPP","icao":"EFLP","name":"Lappeenranta","tier":1}},{"type":"Feature","geometry":{"type":"Point","coordinates":[102.1672,19.9043]},"properties":{"iata":"LPQ","icao":"VLLB","name":"Luang Phabang","tier":1}},{"type":"Feature","geometry":{"type":"Point","coordinates":[-68.9111,18.4522]},"properties":{"iata":"LRM","icao":"MDLR","name":"La Romana","tier":1}},{"type":"Feature","geometry":{"type":"Point","coordinates":[-0.3683,51.8747]},"properties":{"iata":"LTN","icao":"EGGW","name":"Luton, Luton","tier":1}},{"type":"Feature","geometry":{"type":"Point","coordinates":[-111.3484,25.9895]},"properties":{"iata":"LTO","icao":"MMLT","name":"Loreto","tier":1}},{"type":"Feature","geometry":{"type":"Point","coordinates":[28.4527,-15.3308]},"properties":{"iata":"LUN","icao":"FLKK","name":"Lusaka","tier":1}},{"type":"Feature","geometry":{"type":"Point","coordinates":[6.2121,49.6268]},"properties":{"iata":"LUX","icao":"ELLX","name":"Luxembourg","tier":1}},{"type":"Feature","geometry":{"type":"Point","coordinates":[22.7135,51.2402]},"properties":{"iata":"LUZ","icao":"EPLB","name":"Lublin","tier":1}},{"type":"Feature","geometry":{"type":"Point","coordinates":[25.8196,-17.8215]},"properties":{"iata":"LVI","icao":"FLHN","name":"Livingstone","tier":1}},{"type":"Feature","geometry":{"type":"Point","coordinates":[43.8593,40.7504]},"properties":{"iata":"LWN","icao":"UDSG","name":"Gyumri","tier":1}},{"type":"Feature","geometry":{"type":"Point","coordinates":[23.9561,49.8125]},"properties":{"iata":"LWO","icao":"UKLL","name":"Lviv","tier":1}},{"type":"Feature","geometry":{"type":"Point","coordinates":[90.912,29.298]},"properties":{"iata":"LXA","icao":"ZULS","name":"Shannan (Gonggar)","tier":1}},{"type":"Feature","geometry":{"type":"Point","coordinates":[32.7064,25.671]},"properties":{"iata":"LXR","icao":"HELX","name":"Luxor","tier":1}},{"type":"Feature","geometry":{"type":"Point","coordinates":[112.388,34.7411]},"properties":{"iata":"LYA","icao":"ZHLY","name":"Luoyang (Laocheng)","tier":1}},{"type":"Feature","geometry":{"type":"Point","coordinates":[119.179,34.4141]},"properties":{"iata":"LYG","icao":"ZSLG","name":"Lianyungang","tier":1}},{"type":"Feature","geometry":{"type":"Point","coordinates":[72.9953,31.3649]},"properties":{"iata":"LYP","icao":"OPFA","name":"Faisalabad","tier":1}},{"type":"Feature","geometry":{"type":"Point","coordinates":[5.0901,45.726]},"properties":{"iata":"LYS","icao":"LFLL","name":"Colombier-Saugnieu, Rhône","tier":1}},{"type":"Feature","geometry":{"type":"Point","coordinates":[80.1693,12.99]},"properties":{"iata":"MAA","icao":"VOMM","name":"Chennai","tier":1}},{"type":"Feature","geometry":{"type":"Point","coordinates":[-3.5722,40.4934]},"properties":{"iata":"MAD","icao":"LEMD","name":"Madrid","tier":1}},{"type":"Feature","geometry":{"type":"Point","coordinates":[4.2187,39.8626]},"properties":{"iata":"MAH","icao":"LEMH","name":"Mahón (Maó)","tier":1}},{"type":"Feature","geometry":{"type":"Point","coordinates":[171.2717,7.0651]},"properties":{"iata":"MAJ","icao":"PKMJ","name":"Majuro Atoll","tier":1}},{"type":"Feature","geometry":{"type":"Point","coordinates":[-2.2795,53.3494]},"properties":{"iata":"MAN","icao":"EGCC","name":"Manchester, Greater Manchester","tier":1}},{"type":"Feature","geometry":{"type":"Point","coordinates":[-60.0497,-3.0386]},"properties":{"iata":"MAO","icao":"SBEG","name":"Manaus","tier":1}},{"type":"Feature","geometry":{"type":"Point","coordinates":[-71.7293,10.5575]},"properties":{"iata":"MAR","icao":"SVMC","name":"Maracaibo","tier":1}},{"type":"Feature","geometry":{"type":"Point","coordinates":[39.5942,-4.0348]},"properties":{"iata":"MBA","icao":"HKMO","name":"Mombasa","tier":1}},{"type":"Feature","geometry":{"type":"Point","coordinates":[-77.9132,18.5034]},"properties":{"iata":"MBJ","icao":"MKJS","name":"Montego Bay","tier":1}},{"type":"Feature","geometry":{"type":"Point","coordinates":[-94.7139,39.3017]},"properties":{"iata":"MCI","icao":"KMCI","name":"Kansas City","tier":1}},{"type":"Feature","geometry":{"type":"Point","coordinates":[-81.309,28.4294]},"properties":{"iata":"MCO","icao":"KMCO","name":"Orlando","tier":1}},{"type":"Feature","geometry":{"type":"Point","coordinates":[58.2853,23.6002]},"properties":{"iata":"MCT","icao":"OOMS","name":"Muscat/Seeb","tier":1}},{"type":"Feature","geometry":{"type":"Point","coordinates":[47.6523,42.8168]},"properties":{"iata":"MCX","icao":"URML","name":"Makhachkala","tier":1}},{"type":"Feature","geometry":{"type":"Point","coordinates":[153.0832,-26.5933]},"properties":{"iata":"MCY","icao":"YBSU","name":"Maroochydore","tier":1}},{"type":"Feature","geometry":{"type":"Point","coordinates":[-35.7918,-9.5126]},"properties":{"iata":"MCZ","icao":"SBMO","name":"Maceió","tier":1}},{"type":"Feature","geometry":{"type":"Point","coordinates":[124.9262,1.5486]},"properties":{"iata":"MDC","icao":"WAMM","name":"Manado","tier":1}},{"type":"Feature","geometry":{"type":"Point","coordinates":[-75.4231,6.1645]},"properties":{"iata":"MDE","icao":"SKRG","name":"Medellín","tier":1}},{"type":"Feature","geometry":{"type":"Point","coordinates":[95.9779,21.7022]},"properties":{"iata":"MDL","icao":"VYMD","name":"Mandalay","tier":1}},{"type":"Feature","geometry":{"type":"Point","coordinates":[-87.7524,41.786]},"properties":{"iata":"MDW","icao":"KMDW","name":"Chicago","tier":1}},{"type":"Feature","geometry":{"type":"Point","coordinates":[-68.7929,-32.8317]},"properties":{"iata":"MDZ","icao":"SAME","name":"Mendoza","tier":1}},{"type":"Feature","geometry":{"type":"Point","coordinates":[39.7051,24.5534]},"properties":{"iata":"MED","icao":"OEMA","name":"Medina","tier":1}},{"type":"Feature","geometry":{"type":"Point","coordinates":[144.8379,-37.6707]},"properties":{"iata":"MEL","icao":"YMML","name":"Melbourne","tier":1}},{"type":"Feature","geometry":{"type":"Point","coordinates":[-89.9763,35.0438]},"properties":{"iata":"MEM","icao":"KMEM","name":"Memphis","tier":1}},{"type":"Feature","geometry":{"type":"Point","coordinates":[-99.0703,19.4358]},"properties":{"iata":"MEX","icao":"MMMX","name":"Mexico City","tier":1}},{"type":"Feature","geometry":{"type":"Point","coordinates":[113.592,22.1496]},"properties":{"iata":"MFM","icao":"VMMC","name":"Nossa Senhora do Carmo","tier":1}},{"type":"Feature","geometry":{"type":"Point","coordinates":[31.9366,-13.2589]},"properties":{"iata":"MFU","icao":"FLMF","name":"Mfuwe","tier":1}},{"type":"Feature","geometry":{"type":"Point","coordinates":[-86.1682,12.1415]},"properties":{"iata":"MGA","icao":"MNMG","name":"Managua","tier":1}},{"type":"Feature","geometry":{"type":"Point","coordinates":[45.3047,2.0144]},"properties":{"iata":"MGQ","icao":"HCMM","name":"Mogadishu","tier":1}},{"type":"Feature","geometry":{"type":"Point","coordinates":[59.6429,36.2348]},"properties":{"iata":"MHD","icao":"OIMM","name":"Mashhad","tier":1}},{"type":"Feature","geometry":{"type":"Point","coordinates":[-80.2898,25.796]},"properties":{"iata":"MIA","icao":"KMIA","name":"Miami","tier":1}},{"type":"Feature","geometry":{"type":"Point","coordinates":[-89.6455,20.9305]},"properties":{"iata":"MID","icao":"MMMD","name":"Mérida","tier":1}},{"type":"Feature","geometry":{"type":"Point","coordinates":[13.0807,11.8542]},"properties":{"iata":"MIU","icao":"DNMA","name":"Maiduguri","tier":1}},{"type":"Feature","geometry":{"type":"Point","coordinates":[13.2879,32.8918]},"properties":{"iata":"MJI","icao":"HLLM","name":"Tripoli","tier":1}},{"type":"Feature","geometry":{"type":"Point","coordinates":[46.3512,-15.6668]},"properties":{"iata":"MJN","icao":"FMNM","name":"Mahajanga","tier":1}},{"type":"Feature","geometry":{"type":"Point","coordinates":[-87.8966,42.9472]},"properties":{"iata":"MKE","icao":"KMKE","name":"Milwaukee","tier":1}},{"type":"Feature","geometry":{"type":"Point","coordinates":[14.4915,35.8459]},"properties":{"iata":"MLA","icao":"LMML","name":"Valletta","tier":1}},{"type":"Feature","geometry":{"type":"Point","coordinates":[73.5291,4.1918]},"properties":{"iata":"MLE","icao":"VRMM","name":"Malé","tier":1}},{"type":"Feature","geometry":{"type":"Point","coordinates":[-101.025,19.8499]},"properties":{"iata":"MLM","icao":"MMMM","name":"Morelia","tier":1}},{"type":"Feature","geometry":{"type":"Point","coordinates":[32.7508,68.7817]},"properties":{"iata":"MMK","icao":"ULMM","name":"Murmansk","tier":1}},{"type":"Feature","geometry":{"type":"Point","coordinates":[13.3763,55.5356]},"properties":{"iata":"MMX","icao":"ESMS","name":"Malmö","tier":1}},{"type":"Feature","geometry":{"type":"Point","coordinates":[-62.1932,16.7918]},"properties":{"iata":"MNI","icao":"TRPG","name":"Gerald's Park","tier":1}},{"type":"Feature","geometry":{"type":"Point","coordinates":[121.02,14.5086]},"properties":{"iata":"MNL","icao":"RPLL","name":"Manila (Pasay)","tier":1}},{"type":"Feature","geometry":{"type":"Point","coordinates":[3.963,43.5762]},"properties":{"iata":"MPL","icao":"LFMT","name":"Montpellier/Méditerranée","tier":1}},{"type":"Feature","geometry":{"type":"Point","coordinates":[32.5726,-25.9208]},"properties":{"iata":"MPM","icao":"FQMA","name":"Maputo","tier":1}},{"type":"Feature","geometry":{"type":"Point","coordinates":[-58.4458,-51.8226]},"properties":{"iata":"MPN","icao":"EGYP","name":"Mount Pleasant","tier":1}},{"type":"Feature","geometry":{"type":"Point","coordinates":[58.7552,53.392]},"properties":{"iata":"MQF","icao":"USCM","name":"Magnitogorsk","tier":1}},{"type":"Feature","geometry":{"type":"Point","coordinates":[31.1053,-25.3833]},"properties":{"iata":"MQP","icao":"FAKN","name":"Mbombela","tier":1}},{"type":"Feature","geometry":{"type":"Point","coordinates":[5.2125,43.4381]},"properties":{"iata":"MRS","icao":"LFML","name":"Marignane, Bouches-du-Rhône","tier":1}},{"type":"Feature","geometry":{"type":"Point","coordinates":[57.6836,-20.4302]},"properties":{"iata":"MRU","icao":"FIMP","name":"Plaine Magnien","tier":1}},{"type":"Feature","geometry":{"type":"Point","coordinates":[43.0819,44.2251]},"properties":{"iata":"MRV","icao":"URMM","name":"Mineralnyye Vody","tier":1}},{"type":"Feature","geometry":{"type":"Point","coordinates":[-93.2217,44.8801]},"properties":{"iata":"MSP","icao":"KMSP","name":"Minneapolis","tier":1}},{"type":"Feature","geometry":{"type":"Point","coordinates":[28.04,53.8881]},"properties":{"iata":"MSQ","icao":"UMMS","name":"Minsk","tier":1}},{"type":"Feature","geometry":{"type":"Point","coordinates":[5.7694,50.9111]},"properties":{"iata":"MST","icao":"EHBK","name":"Maastricht","tier":1}},{"type":"Feature","geometry":{"type":"Point","coordinates":[27.5545,-29.4563]},"properties":{"iata":"MSU","icao":"FXMM","name":"Maseru(Mazenod)","tier":1}},{"type":"Feature","geometry":{"type":"Point","coordinates":[-90.2647,29.9934]},"properties":{"iata":"MSY","icao":"KMSY","name":"New Orleans","tier":1}},{"type":"Feature","geometry":{"type":"Point","coordinates":[-100.107,25.7785]},"properties":{"iata":"MTY","icao":"MMMY","name":"Monterrey","tier":1}},{"type":"Feature","geometry":{"type":"Point","coordinates":[23.4314,-19.9705]},"properties":{"iata":"MUB","icao":"FBMN","name":"Maun","tier":1}},{"type":"Feature","geometry":{"type":"Point","coordinates":[11.7861,48.3538]},"properties":{"iata":"MUC","icao":"EDDM","name":"Munich","tier":1}},{"type":"Feature","geometry":{"type":"Point","coordinates":[27.2223,31.3243]},"properties":{"iata":"MUH","icao":"HEMM","name":"Marsa Matruh","tier":1}},{"type":"Feature","geometry":{"type":"Point","coordinates":[71.4191,30.2032]},"properties":{"iata":"MUX","icao":"OPMT","name":"Multan","tier":1}},{"type":"Feature","geometry":{"type":"Point","coordinates":[-56.0265,-34.8356]},"properties":{"iata":"MVD","icao":"SUMU","name":"Ciudad de la Costa","tier":1}},{"type":"Feature","geometry":{"type":"Point","coordinates":[126.3828,34.9914]},"properties":{"iata":"MWX","icao":"RKJB","name":"Muan (Piseo-ri)","tier":1}},{"type":"Feature","geometry":{"type":"Point","coordinates":[32.936,-2.4466]},"properties":{"iata":"MWZ","icao":"HTMW","name":"Mwanza","tier":1}},{"type":"Feature","geometry":{"type":"Point","coordinates":[8.7281,45.6306]},"properties":{"iata":"MXP","icao":"LIMC","name":"Ferno (VA)","tier":1}},{"type":"Feature","geometry":{"type":"Point","coordinates":[132.7001,33.8269]},"properties":{"iata":"MYJ","icao":"RJOM","name":"Matsuyama","tier":1}},{"type":"Feature","geometry":{"type":"Point","coordinates":[-78.9283,33.6797]},"properties":{"iata":"MYR","icao":"KMYR","name":"Myrtle Beach","tier":1}},{"type":"Feature","geometry":{"type":"Point","coordinates":[119.628,23.5687]},"properties":{"iata":"MZG","icao":"RCQC","name":"Huxi","tier":1}},{"type":"Feature","geometry":{"type":"Point","coordinates":[67.2105,36.7041]},"properties":{"iata":"MZR","icao":"OAMS","name":"Mazar-i-Sharif","tier":1}},{"type":"Feature","geometry":{"type":"Point","coordinates":[-106.2645,23.1628]},"properties":{"iata":"MZT","icao":"MMMZ","name":"Mazatlàn","tier":1}},{"type":"Feature","geometry":{"type":"Point","coordinates":[79.0472,21.0922]},"properties":{"iata":"NAG","icao":"VANP","name":"Nagpur","tier":1}},{"type":"Feature","geometry":{"type":"Point","coordinates":[45.4584,39.1888]},"properties":{"iata":"NAJ","icao":"UBBN","name":"Nakhchivan","tier":1}},{"type":"Feature","geometry":{"type":"Point","coordinates":[177.4378,-17.7618]},"properties":{"iata":"NAN","icao":"NFFN","name":"Nadi","tier":1}},{"type":"Feature","geometry":{"type":"Point","coordinates":[14.2908,40.886]},"properties":{"iata":"NAP","icao":"LIRN","name":"Napoli","tier":1}},{"type":"Feature","geometry":{"type":"Point","coordinates":[-77.4662,25.039]},"properties":{"iata":"NAS","icao":"MYNN","name":"Nassau","tier":1}},{"type":"Feature","geometry":{"type":"Point","coordinates":[-35.3666,-5.7698]},"properties":{"iata":"NAT","icao":"SBSG","name":"Natal","tier":1}},{"type":"Feature","geometry":{"type":"Point","coordinates":[34.5345,38.7719]},"properties":{"iata":"NAV","icao":"LTAZ","name":"Nevşehir","tier":1}},{"type":"Feature","geometry":{"type":"Point","coordinates":[13.4991,-9.0507]},"properties":{"iata":"NBJ","icao":"FNBJ","name":"Luanda (Ícolo e Bengo)","tier":1}},{"type":"Feature","geometry":{"type":"Point","coordinates":[36.9282,-1.3189]},"properties":{"iata":"NBO","icao":"HKJK","name":"Nairobi","tier":1}},{"type":"Feature","geometry":{"type":"Point","coordinates":[7.2159,43.6584]},"properties":{"iata":"NCE","icao":"LFMN","name":"Nice, Alpes-Maritimes","tier":1}},{"type":"Feature","geometry":{"type":"Point","coordinates":[-1.6896,55.038]},"properties":{"iata":"NCL","icao":"EGNT","name":"Newcastle upon Tyne, Tyne and Wear","tier":1}},{"type":"Feature","geometry":{"type":"Point","coordinates":[59.6233,42.4884]},"properties":{"iata":"NCU","icao":"UZNN","name":"Nukus","tier":1}},{"type":"Feature","geometry":{"type":"Point","coordinates":[-17.0302,20.9324]},"properties":{"iata":"NDB","icao":"GQPP","name":"Nouadhibou","tier":1}},{"type":"Feature","geometry":{"type":"Point","coordinates":[123.9142,47.23]},"properties":{"iata":"NDG","icao":"ZYQQ","name":"Qiqihar","tier":1}},{"type":"Feature","geometry":{"type":"Point","coordinates":[15.034,12.1337]},"properties":{"iata":"NDJ","icao":"FTTJ","name":"N'Djamena","tier":1}},{"type":"Feature","geometry":{"type":"Point","coordinates":[-3.0282,34.9888]},"properties":{"iata":"NDR","icao":"GMMW","name":"Al Aaroui","tier":1}},{"type":"Feature","geometry":{"type":"Point","coordinates":[121.462,29.8267]},"properties":{"iata":"NGB","icao":"ZSNB","name":"Ningbo","tier":1}},{"type":"Feature","geometry":{"type":"Point","coordinates":[136.805,34.8584]},"properties":{"iata":"NGO","icao":"RJGG","name":"Tokoname","tier":1}},{"type":"Feature","geometry":{"type":"Point","coordinates":[129.914,32.9169]},"properties":{"iata":"NGS","icao":"RJFU","name":"Nagasaki","tier":1}},{"type":"Feature","geometry":{"type":"Point","coordinates":[2.1836,13.4815]},"properties":{"iata":"NIM","icao":"DRRN","name":"Niamey","tier":1}},{"type":"Feature","geometry":{"type":"Point","coordinates":[76.4836,60.9493]},"properties":{"iata":"NJC","icao":"USNN","name":"Nizhnevartovsk","tier":1}},{"type":"Feature","geometry":{"type":"Point","coordinates":[44.405,31.9911]},"properties":{"iata":"NJF","icao":"ORNI","name":"Najaf","tier":1}},{"type":"Feature","geometry":{"type":"Point","coordinates":[-15.9697,18.31]},"properties":{"iata":"NKC","icao":"GQNO","name":"Nouakchott","tier":1}},{"type":"Feature","geometry":{"type":"Point","coordinates":[118.8659,31.735]},"properties":{"iata":"NKG","icao":"ZSNJ","name":"Nanjing","tier":1}},{"type":"Feature","geometry":{"type":"Point","coordinates":[28.5156,-12.9651]},"properties":{"iata":"NLA","icao":"FLSK","name":"Ndola","tier":1}},{"type":"Feature","geometry":{"type":"Point","coordinates":[-99.0151,19.7438]},"properties":{"iata":"NLU","icao":"MMSM","name":"Mexico City","tier":1}},{"type":"Feature","geometry":{"type":"Point","coordinates":[71.5578,40.9846]},"properties":{"iata":"NMA","icao":"UZFN","name":"Namangan","tier":1}},{"type":"Feature","geometry":{"type":"Point","coordinates":[73.0653,18.9846]},"properties":{"iata":"NMI","icao":"VANM","name":"Navi Mumbai","tier":1}},{"type":"Feature","geometry":{"type":"Point","coordinates":[108.1819,22.5981]},"properties":{"iata":"NNG","icao":"ZGNN","name":"Nanning (Jiangnan)","tier":1}},{"type":"Feature","geometry":{"type":"Point","coordinates":[-8.817,53.9104]},"properties":{"iata":"NOC","icao":"EIKN","name":"Charlestown","tier":1}},{"type":"Feature","geometry":{"type":"Point","coordinates":[48.3148,-13.3121]},"properties":{"iata":"NOS","icao":"FMNN","name":"Nosy Be","tier":1}},{"type":"Feature","geometry":{"type":"Point","coordinates":[166.213,-22.0146]},"properties":{"iata":"NOU","icao":"NWWW","name":"Nouméa (La Tontouta)","tier":1}},{"type":"Feature","geometry":{"type":"Point","coordinates":[-68.1557,-38.949]},"properties":{"iata":"NQN","icao":"SAZN","name":"Neuquén","tier":1}},{"type":"Feature","geometry":{"type":"Point","coordinates":[71.4671,51.027]},"properties":{"iata":"NQZ","icao":"UACC","name":"Astana","tier":1}},{"type":"Feature","geometry":{"type":"Point","coordinates":[6.1412,51.6014]},"properties":{"iata":"NRN","icao":"EDLV","name":"Weeze","tier":1}},{"type":"Feature","geometry":{"type":"Point","coordinates":[140.3887,35.7686]},"properties":{"iata":"NRT","icao":"RJAA","name":"Narita","tier":1}},{"type":"Feature","geometry":{"type":"Point","coordinates":[11.5533,3.7226]},"properties":{"iata":"NSI","icao":"FKYS","name":"Yaoundé","tier":1}},{"type":"Feature","geometry":{"type":"Point","coordinates":[87.3259,69.308]},"properties":{"iata":"NSK","icao":"UOOO","name":"Norilsk","tier":1}},{"type":"Feature","geometry":{"type":"Point","coordinates":[151.835,-32.7961]},"properties":{"iata":"NTL","icao":"YWLM","name":"Williamtown","tier":1}},{"type":"Feature","geometry":{"type":"Point","coordinates":[11.0781,49.4987]},"properties":{"iata":"NUE","icao":"EDDN","name":"Nuremberg","tier":1}},{"type":"Feature","geometry":{"type":"Point","coordinates":[35.2936,27.9243]},"properties":{"iata":"NUM","icao":"OENN","name":"Sharma","tier":1}},{"type":"Feature","geometry":{"type":"Point","coordinates":[-48.651,-26.8794]},"properties":{"iata":"NVT","icao":"SBNF","name":"Navegantes","tier":1}},{"type":"Feature","geometry":{"type":"Point","coordinates":[16.9115,58.7897]},"properties":{"iata":"NYO","icao":"ESKN","name":"Nyköping","tier":1}},{"type":"Feature","geometry":{"type":"Point","coordinates":[96.201,19.6235]},"properties":{"iata":"NYT","icao":"VYNT","name":"Naypyitaw","tier":1}},{"type":"Feature","geometry":{"type":"Point","coordinates":[-122.2212,37.7201]},"properties":{"iata":"OAK","icao":"KOAK","name":"Oakland","tier":1}},{"type":"Feature","geometry":{"type":"Point","coordinates":[-96.7261,16.9988]},"properties":{"iata":"OAX","icao":"MMOX","name":"Oaxaca","tier":1}},{"type":"Feature","geometry":{"type":"Point","coordinates":[9.3303,0.9109]},"properties":{"iata":"OCS","icao":"FGCO","name":"Corisco Island","tier":1}},{"type":"Feature","geometry":{"type":"Point","coordinates":[10.3272,55.4753]},"properties":{"iata":"ODE","icao":"EKOD","name":"Odense","tier":1}},{"type":"Feature","geometry":{"type":"Point","coordinates":[124.3379,-9.1984]},"properties":{"iata":"OEC","icao":"WPOC","name":"Oecussi-Ambeno","tier":1}},{"type":"Feature","geometry":{"type":"Point","coordinates":[-156.4318,20.8963]},"properties":{"iata":"OGG","icao":"PHOG","name":"Kahului","tier":1}},{"type":"Feature","geometry":{"type":"Point","coordinates":[20.7423,41.18]},"properties":{"iata":"OHD","icao":"LWOH","name":"Ohrid","tier":1}},{"type":"Feature","geometry":{"type":"Point","coordinates":[56.6254,24.386]},"properties":{"iata":"OHS","icao":"OOSH","name":"Suhar","tier":1}},{"type":"Feature","geometry":{"type":"Point","coordinates":[127.6398,26.1924]},"properties":{"iata":"OKA","icao":"ROAH","name":"Naha","tier":1}},{"type":"Feature","geometry":{"type":"Point","coordinates":[-97.5982,35.3934]},"properties":{"iata":"OKC","icao":"KOKC","name":"Oklahoma City","tier":1}},{"type":"Feature","geometry":{"type":"Point","coordinates":[133.855,34.7569]},"properties":{"iata":"OKJ","icao":"RJOB","name":"Okayama","tier":1}},{"type":"Feature","geometry":{"type":"Point","coordinates":[9.5185,40.899]},"properties":{"iata":"OLB","icao":"LIEO","name":"Olbia (SS)","tier":1}},{"type":"Feature","geometry":{"type":"Point","coordinates":[-95.8941,41.3032]},"properties":{"iata":"OMA","icao":"KOMA","name":"Omaha","tier":1}},{"type":"Feature","geometry":{"type":"Point","coordinates":[17.8461,43.2825]},"properties":{"iata":"OMO","icao":"LQMO","name":"Mostar","tier":1}},{"type":"Feature","geometry":{"type":"Point","coordinates":[21.9025,47.0253]},"properties":{"iata":"OMR","icao":"LROD","name":"Oradea","tier":1}},{"type":"Feature","geometry":{"type":"Point","coordinates":[73.3124,54.9631]},"properties":{"iata":"OMS","icao":"UNOO","name":"Omsk","tier":1}},{"type":"Feature","geometry":{"type":"Point","coordinates":[-117.601,34.056]},"properties":{"iata":"ONT","icao":"KONT","name":"Ontario","tier":1}},{"type":"Feature","geometry":{"type":"Point","coordinates":[153.5066,-28.166]},"properties":{"iata":"OOL","icao":"YBCG","name":"Gold Coast","tier":1}},{"type":"Feature","geometry":{"type":"Point","coordinates":[-8.6814,41.2481]},"properties":{"iata":"OPO","icao":"LPPR","name":"Porto","tier":1}},{"type":"Feature","geometry":{"type":"Point","coordinates":[-87.9048,41.9786]},"properties":{"iata":"ORD","icao":"KORD","name":"Chicago","tier":1}},{"type":"Feature","geometry":{"type":"Point","coordinates":[-76.201,36.8953]},"properties":{"iata":"ORF","icao":"KORF","name":"Norfolk","tier":1}},{"type":"Feature","geometry":{"type":"Point","coordinates":[-8.4911,51.8413]},"properties":{"iata":"ORK","icao":"EICK","name":"Cork","tier":1}},{"type":"Feature","geometry":{"type":"Point","coordinates":[-0.6225,35.6206]},"properties":{"iata":"ORN","icao":"DAOO","name":"Es-Sénia","tier":1}},{"type":"Feature","geometry":{"type":"Point","coordinates":[-67.0758,-17.9562]},"properties":{"iata":"ORU","icao":"SLOR","name":"Oruro","tier":1}},{"type":"Feature","geometry":{"type":"Point","coordinates":[2.359,48.7295]},"properties":{"iata":"ORY","icao":"LFPO","name":"Paris (Orly, Val-de-Marne)","tier":1}},{"type":"Feature","geometry":{"type":"Point","coordinates":[11.1004,60.1939]},"properties":{"iata":"OSL","icao":"ENGM","name":"Oslo (Gardermoen)","tier":1}},{"type":"Feature","geometry":{"type":"Point","coordinates":[18.1111,49.6963]},"properties":{"iata":"OSR","icao":"LKMT","name":"Mošnov","tier":1}},{"type":"Feature","geometry":{"type":"Point","coordinates":[72.7933,40.609]},"properties":{"iata":"OSS","icao":"UCFO","name":"Osh","tier":1}},{"type":"Feature","geometry":{"type":"Point","coordinates":[2.8747,51.1998]},"properties":{"iata":"OST","icao":"EBOS","name":"Oostende","tier":1}},{"type":"Feature","geometry":{"type":"Point","coordinates":[26.1033,44.5718]},"properties":{"iata":"OTP","icao":"LROP","name":"Otopeni","tier":1}},{"type":"Feature","geometry":{"type":"Point","coordinates":[-1.5124,12.3532]},"properties":{"iata":"OUA","icao":"DFFD","name":"Ouagadougou","tier":1}},{"type":"Feature","geometry":{"type":"Point","coordinates":[-1.926,34.7896]},"properties":{"iata":"OUD","icao":"GMFO","name":"Ahl Angad","tier":1}},{"type":"Feature","geometry":{"type":"Point","coordinates":[25.3546,64.9301]},"properties":{"iata":"OUL","icao":"EFOU","name":"Oulu / Oulunsalo","tier":1}},{"type":"Feature","geometry":{"type":"Point","coordinates":[82.6187,55.0198]},"properties":{"iata":"OVB","icao":"UNNT","name":"Novosibirsk","tier":1}},{"type":"Feature","geometry":{"type":"Point","coordinates":[-6.0346,43.5636]},"properties":{"iata":"OVD","icao":"LEAS","name":"Ranón","tier":1}},{"type":"Feature","geometry":{"type":"Point","coordinates":[-15.6536,11.8943]},"properties":{"iata":"OXB","icao":"GGOV","name":"Bissau","tier":1}},{"type":"Feature","geometry":{"type":"Point","coordinates":[-5.8608,30.2658]},"properties":{"iata":"OZG","icao":"GMAZ","name":"Zagora","tier":1}},{"type":"Feature","geometry":{"type":"Point","coordinates":[-6.9094,30.9391]},"properties":{"iata":"OZZ","icao":"GMMZ","name":"Ouarzazate","tier":1}},{"type":"Feature","geometry":{"type":"Point","coordinates":[8.6175,51.6125]},"properties":{"iata":"PAD","icao":"EDLP","name":"Büren","tier":1}},{"type":"Feature","geometry":{"type":"Point","coordinates":[-72.2926,18.58]},"properties":{"iata":"PAP","icao":"MTPP","name":"Port-au-Prince","tier":1}},{"type":"Feature","geometry":{"type":"Point","coordinates":[-98.3716,19.1585]},"properties":{"iata":"PBC","icao":"MMPB","name":"Puebla","tier":1}},{"type":"Feature","geometry":{"type":"Point","coordinates":[89.4246,27.4032]},"properties":{"iata":"PBH","icao":"VQPR","name":"Paro","tier":1}},{"type":"Feature","geometry":{"type":"Point","coordinates":[-80.0956,26.6832]},"properties":{"iata":"PBI","icao":"KDJT","name":"West Palm Beach","tier":1}},{"type":"Feature","geometry":{"type":"Point","coordinates":[-55.1878,5.4528]},"properties":{"iata":"PBM","icao":"SMJP","name":"Paramaribo","tier":1}},{"type":"Feature","geometry":{"type":"Point","coordinates":[-74.5745,-8.3781]},"properties":{"iata":"PCL","icao":"SPCL","name":"Pucallpa","tier":1}},{"type":"Feature","geometry":{"type":"Point","coordinates":[100.2804,-0.786]},"properties":{"iata":"PDG","icao":"WIEE","name":"Padang (Katapiang)","tier":1}},{"type":"Feature","geometry":{"type":"Point","coordinates":[-25.6979,37.7412]},"properties":{"iata":"PDL","icao":"LPPD","name":"Ponta Delgada","tier":1}},{"type":"Feature","geometry":{"type":"Point","coordinates":[24.8508,42.0678]},"properties":{"iata":"PDV","icao":"LBPD","name":"Plovdiv","tier":1}},{"type":"Feature","geometry":{"type":"Point","coordinates":[-122.598,45.5887]},"properties":{"iata":"PDX","icao":"KPDX","name":"Portland","tier":1}},{"type":"Feature","geometry":{"type":"Point","coordinates":[15.7398,50.015]},"properties":{"iata":"PED","icao":"LKPD","name":"Pardubice","tier":1}},{"type":"Feature","geometry":{"type":"Point","coordinates":[56.0212,57.9145]},"properties":{"iata":"PEE","icao":"USPP","name":"Perm","tier":1}},{"type":"Feature","geometry":{"type":"Point","coordinates":[12.5132,43.0959]},"properties":{"iata":"PEG","icao":"LIRZ","name":"Perugia (PG)","tier":1}},{"type":"Feature","geometry":{"type":"Point","coordinates":[116.5967,40.0773]},"properties":{"iata":"PEK","icao":"ZBAA","name":"Beijing","tier":1}},{"type":"Feature","geometry":{"type":"Point","coordinates":[100.2762,5.2963]},"properties":{"iata":"PEN","icao":"WMKP","name":"Penang","tier":1}},{"type":"Feature","geometry":{"type":"Point","coordinates":[115.967,-31.9403]},"properties":{"iata":"PER","icao":"YPPH","name":"Perth","tier":1}},{"type":"Feature","geometry":{"type":"Point","coordinates":[18.242,45.9889]},"properties":{"iata":"PEV","icao":"LHPP","name":"Pécs","tier":1}},{"type":"Feature","geometry":{"type":"Point","coordinates":[71.5146,33.9939]},"properties":{"iata":"PEW","icao":"OPPS","name":"Peshawar","tier":1}},{"type":"Feature","geometry":{"type":"Point","coordinates":[32.4857,34.718]},"properties":{"iata":"PFO","icao":"LCPH","name":"Paphos","tier":1}},{"type":"Feature","geometry":{"type":"Point","coordinates":[6.9496,5.0155]},"properties":{"iata":"PHC","icao":"DNPO","name":"Port Harcourt","tier":1}},{"type":"Feature","geometry":{"type":"Point","coordinates":[118.6298,-20.3828]},"properties":{"iata":"PHE","icao":"YPPD","name":"Port Hedland","tier":1}},{"type":"Feature","geometry":{"type":"Point","coordinates":[84.0147,28.1838]},"properties":{"iata":"PHH","icao":"VNPR","name":"Pokhara","tier":1}},{"type":"Feature","geometry":{"type":"Point","coordinates":[-75.2411,39.8719]},"properties":{"iata":"PHL","icao":"KPHL","name":"Philadelphia","tier":1}},{"type":"Feature","geometry":{"type":"Point","coordinates":[-112.0059,33.4353]},"properties":{"iata":"PHX","icao":"KPHX","name":"Phoenix","tier":1}},{"type":"Feature","geometry":{"type":"Point","coordinates":[-82.6874,27.9102]},"properties":{"iata":"PIE","icao":"KPIE","name":"Pinellas Park","tier":1}},{"type":"Feature","geometry":{"type":"Point","coordinates":[-4.5772,55.5015]},"properties":{"iata":"PIK","icao":"EGPK","name":"Prestwick, South Ayrshire","tier":1}},{"type":"Feature","geometry":{"type":"Point","coordinates":[-80.2329,40.4915]},"properties":{"iata":"PIT","icao":"KPIT","name":"Pittsburgh","tier":1}},{"type":"Feature","geometry":{"type":"Point","coordinates":[158.4511,53.1687]},"properties":{"iata":"PKC","icao":"UHPP","name":"Petropavlovsk-Kamchatsky","tier":1}},{"type":"Feature","geometry":{"type":"Point","coordinates":[116.414,39.5013]},"properties":{"iata":"PKX","icao":"ZBAD","name":"Beijing","tier":1}},{"type":"Feature","geometry":{"type":"Point","coordinates":[105.7799,15.134]},"properties":{"iata":"PKZ","icao":"VLPS","name":"Pakse","tier":1}},{"type":"Feature","geometry":{"type":"Point","coordinates":[21.0939,55.9732]},"properties":{"iata":"PLQ","icao":"EYPA","name":"Palanga","tier":1}},{"type":"Feature","geometry":{"type":"Point","coordinates":[-72.2683,21.7737]},"properties":{"iata":"PLS","icao":"MBPV","name":"Providenciales","tier":1}},{"type":"Feature","geometry":{"type":"Point","coordinates":[80.2344,50.3513]},"properties":{"iata":"PLX","icao":"UASS","name":"Semey","tier":1}},{"type":"Feature","geometry":{"type":"Point","coordinates":[25.6174,-33.9897]},"properties":{"iata":"PLZ","icao":"FAPE","name":"Gqeberha (Port Elizabeth)","tier":1}},{"type":"Feature","geometry":{"type":"Point","coordinates":[-73.0941,-41.4431]},"properties":{"iata":"PMC","icao":"SCTE","name":"Puerto Montt","tier":1}},{"type":"Feature","geometry":{"type":"Point","coordinates":[2.7388,39.5517]},"properties":{"iata":"PMI","icao":"LEPA","name":"Palma de Mallorca","tier":1}},{"type":"Feature","geometry":{"type":"Point","coordinates":[13.091,38.176]},"properties":{"iata":"PMO","icao":"LICJ","name":"Palermo","tier":1}},{"type":"Feature","geometry":{"type":"Point","coordinates":[-63.9666,10.9126]},"properties":{"iata":"PMV","icao":"SVMG","name":"Isla Margarita","tier":1}},{"type":"Feature","geometry":{"type":"Point","coordinates":[109.4045,-0.1523]},"properties":{"iata":"PNK","icao":"WIOO","name":"Pontianak","tier":1}},{"type":"Feature","geometry":{"type":"Point","coordinates":[73.9197,18.5821]},"properties":{"iata":"PNQ","icao":"VAPO","name":"Pune","tier":1}},{"type":"Feature","geometry":{"type":"Point","coordinates":[11.8866,-4.816]},"properties":{"iata":"PNR","icao":"FCPP","name":"Pointe Noire","tier":1}},{"type":"Feature","geometry":{"type":"Point","coordinates":[-87.1866,30.4727]},"properties":{"iata":"PNS","icao":"KPNS","name":"Pensacola","tier":1}},{"type":"Feature","geometry":{"type":"Point","coordinates":[-51.1675,-29.994]},"properties":{"iata":"POA","icao":"SBPA","name":"Porto Alegre","tier":1}},{"type":"Feature","geometry":{"type":"Point","coordinates":[8.7544,-0.7117]},"properties":{"iata":"POG","icao":"FOOG","name":"Port Gentil","tier":1}},{"type":"Feature","geometry":{"type":"Point","coordinates":[147.22,-9.4434]},"properties":{"iata":"POM","icao":"AYPY","name":"Port Moresby","tier":1}},{"type":"Feature","geometry":{"type":"Point","coordinates":[-61.3376,10.5953]},"properties":{"iata":"POS","icao":"TTPP","name":"Port of Spain","tier":1}},{"type":"Feature","geometry":{"type":"Point","coordinates":[16.8234,52.4216]},"properties":{"iata":"POZ","icao":"EPPO","name":"Poznań","tier":1}},{"type":"Feature","geometry":{"type":"Point","coordinates":[-170.71,-14.331]},"properties":{"iata":"PPG","icao":"NSTU","name":"Pago Pago","tier":1}},{"type":"Feature","geometry":{"type":"Point","coordinates":[69.1874,54.7756]},"properties":{"iata":"PPK","icao":"UACP","name":"Petropavl","tier":1}},{"type":"Feature","geometry":{"type":"Point","coordinates":[118.7591,9.742]},"properties":{"iata":"PPS","icao":"RPVP","name":"Puerto Princesa","tier":1}},{"type":"Feature","geometry":{"type":"Point","coordinates":[-149.6069,-17.5535]},"properties":{"iata":"PPT","icao":"NTAA","name":"Papeete","tier":1}},{"type":"Feature","geometry":{"type":"Point","coordinates":[103.9935,10.1698]},"properties":{"iata":"PQC","icao":"VVPQ","name":"Phu Quoc Island","tier":1}},{"type":"Feature","geometry":{"type":"Point","coordinates":[14.2599,50.1009]},"properties":{"iata":"PRG","icao":"LKPR","name":"Prague","tier":1}},{"type":"Feature","geometry":{"type":"Point","coordinates":[21.0358,42.5728]},"properties":{"iata":"PRN","icao":"BKPR","name":"Prishtina","tier":1}},{"type":"Feature","geometry":{"type":"Point","coordinates":[10.3927,43.6839]},"properties":{"iata":"PSA","icao":"LIRP","name":"Pisa (PI)","tier":1}},{"type":"Feature","geometry":{"type":"Point","coordinates":[32.2406,31.2793]},"properties":{"iata":"PSD","icao":"HEPS","name":"Port Said","tier":1}},{"type":"Feature","geometry":{"type":"Point","coordinates":[-116.507,33.8297]},"properties":{"iata":"PSP","icao":"KPSP","name":"Palm Springs","tier":1}},{"type":"Feature","geometry":{"type":"Point","coordinates":[14.183,42.4311]},"properties":{"iata":"PSR","icao":"LIBP","name":"Pescara","tier":1}},{"type":"Feature","geometry":{"type":"Point","coordinates":[29.4586,-23.8453]},"properties":{"iata":"PTG","icao":"FAPP","name":"Polokwane","tier":1}},{"type":"Feature","geometry":{"type":"Point","coordinates":[-61.5328,16.2654]},"properties":{"iata":"PTP","icao":"TFFR","name":"Pointe-à-Pitre","tier":1}},{"type":"Feature","geometry":{"type":"Point","coordinates":[-79.3835,9.0714]},"properties":{"iata":"PTY","icao":"MPTO","name":"Tocumen","tier":1}},{"type":"Feature","geometry":{"type":"Point","coordinates":[-68.3646,18.5671]},"properties":{"iata":"PUJ","icao":"MDPC","name":"Punta Cana","tier":1}},{"type":"Feature","geometry":{"type":"Point","coordinates":[-70.8546,-53.0026]},"properties":{"iata":"PUQ","icao":"SCCI","name":"Punta Arenas","tier":1}},{"type":"Feature","geometry":{"type":"Point","coordinates":[128.938,35.1795]},"properties":{"iata":"PUS","icao":"RKPK","name":"Busan","tier":1}},{"type":"Feature","geometry":{"type":"Point","coordinates":[13.9222,44.8935]},"properties":{"iata":"PUY","icao":"LDPL","name":"Pula","tier":1}},{"type":"Feature","geometry":{"type":"Point","coordinates":[-71.4257,41.725]},"properties":{"iata":"PVD","icao":"KPVD","name":"Providence/Warwick","tier":1}},{"type":"Feature","geometry":{"type":"Point","coordinates":[121.805,31.1434]},"properties":{"iata":"PVG","icao":"ZSPD","name":"Shanghai (Pudong)","tier":1}},{"type":"Feature","geometry":{"type":"Point","coordinates":[-63.9023,-8.7085]},"properties":{"iata":"PVH","icao":"SBPV","name":"Porto Velho","tier":1}},{"type":"Feature","geometry":{"type":"Point","coordinates":[-105.2544,20.6799]},"properties":{"iata":"PVR","icao":"MMPR","name":"Puerto Vallarta","tier":1}},{"type":"Feature","geometry":{"type":"Point","coordinates":[-70.3093,43.6462]},"properties":{"iata":"PWM","icao":"KPWM","name":"Portland","tier":1}},{"type":"Feature","geometry":{"type":"Point","coordinates":[77.0731,52.195]},"properties":{"iata":"PWQ","icao":"UASP","name":"Pavlodar","tier":1}},{"type":"Feature","geometry":{"type":"Point","coordinates":[50.8267,35.7761]},"properties":{"iata":"PYK","icao":"OIIP","name":"Karaj","tier":1}},{"type":"Feature","geometry":{"type":"Point","coordinates":[-62.7604,8.2885]},"properties":{"iata":"PZO","icao":"SVPR","name":"Guyana City","tier":1}},{"type":"Feature","geometry":{"type":"Point","coordinates":[37.2341,19.4346]},"properties":{"iata":"PZU","icao":"HSPN","name":"Port Sudan","tier":1}},{"type":"Feature","geometry":{"type":"Point","coordinates":[-100.1864,20.6188]},"properties":{"iata":"QRO","icao":"MMQT","name":"Querétaro","tier":1}},{"type":"Feature","geometry":{"type":"Point","coordinates":[-23.4847,14.9411]},"properties":{"iata":"RAI","icao":"GVNP","name":"Praia","tier":1}},{"type":"Feature","geometry":{"type":"Point","coordinates":[-8.0358,31.6048]},"properties":{"iata":"RAK","icao":"GMMX","name":"Marrakesh","tier":1}},{"type":"Feature","geometry":{"type":"Point","coordinates":[-159.806,-21.2027]},"properties":{"iata":"RAR","icao":"NCRG","name":"Avarua","tier":1}},{"type":"Feature","geometry":{"type":"Point","coordinates":[-6.7515,34.0515]},"properties":{"iata":"RBA","icao":"GMME","name":"Rabat","tier":1}},{"type":"Feature","geometry":{"type":"Point","coordinates":[-67.894,-9.869]},"properties":{"iata":"RBR","icao":"SBRB","name":"Rio Branco","tier":1}},{"type":"Feature","geometry":{"type":"Point","coordinates":[-78.7873,35.8787]},"properties":{"iata":"RDU","icao":"KRDU","name":"Raleigh/Durham","tier":1}},{"type":"Feature","geometry":{"type":"Point","coordinates":[-34.923,-8.1275]},"properties":{"iata":"REC","icao":"SBRF","name":"Recife","tier":1}},{"type":"Feature","geometry":{"type":"Point","coordinates":[-59.0561,-27.4499]},"properties":{"iata":"RES","icao":"SARE","name":"Resistencia","tier":1}},{"type":"Feature","geometry":{"type":"Point","coordinates":[1.1684,41.1475]},"properties":{"iata":"REU","icao":"LERS","name":"Reus","tier":1}},{"type":"Feature","geometry":{"type":"Point","coordinates":[-69.3089,-51.6088]},"properties":{"iata":"RGL","icao":"SAWG","name":"Rio Gallegos","tier":1}},{"type":"Feature","geometry":{"type":"Point","coordinates":[96.1332,16.9073]},"properties":{"iata":"RGN","icao":"VYYY","name":"Yangon","tier":1}},{"type":"Feature","geometry":{"type":"Point","coordinates":[28.0862,36.4054]},"properties":{"iata":"RHO","icao":"LGRP","name":"Rhodes","tier":1}},{"type":"Feature","geometry":{"type":"Point","coordinates":[-77.3197,37.5052]},"properties":{"iata":"RIC","icao":"KRIC","name":"Richmond","tier":1}},{"type":"Feature","geometry":{"type":"Point","coordinates":[23.9707,56.9208]},"properties":{"iata":"RIX","icao":"EVRA","name":"Riga","tier":1}},{"type":"Feature","geometry":{"type":"Point","coordinates":[49.3753,14.6622]},"properties":{"iata":"RIY","icao":"OYRN","name":"Mukalla(Riyan)","tier":1}},{"type":"Feature","geometry":{"type":"Point","coordinates":[14.5709,45.2164]},"properties":{"iata":"RJK","icao":"LDRI","name":"Rijeka(Omišalj)","tier":1}},{"type":"Feature","geometry":{"type":"Point","coordinates":[55.9388,25.6135]},"properties":{"iata":"RKT","icao":"OMRK","name":"Ras Al Khaimah","tier":1}},{"type":"Feature","geometry":{"type":"Point","coordinates":[89.2992,29.3509]},"properties":{"iata":"RKZ","icao":"ZURK","name":"Xigazê (Samzhubzê)","tier":1}},{"type":"Feature","geometry":{"type":"Point","coordinates":[34.5924,25.5555]},"properties":{"iata":"RMF","icao":"HEMA","name":"Marsa Alam","tier":1}},{"type":"Feature","geometry":{"type":"Point","coordinates":[12.6122,44.02]},"properties":{"iata":"RMI","icao":"LIPR","name":"Rimini (RN)","tier":1}},{"type":"Feature","geometry":{"type":"Point","coordinates":[79.8859,6.8216]},"properties":{"iata":"RML","icao":"VCCC","name":"Colombo","tier":1}},{"type":"Feature","geometry":{"type":"Point","coordinates":[28.9317,46.9277]},"properties":{"iata":"RMO","icao":"LUKK","name":"Chişinău","tier":1}},{"type":"Feature","geometry":{"type":"Point","coordinates":[120.621,24.2647]},"properties":{"iata":"RMQ","icao":"RCMQ","name":"Taichung (Qingshui)","tier":1}},{"type":"Feature","geometry":{"type":"Point","coordinates":[-1.1249,37.8029]},"properties":{"iata":"RMU","icao":"LEMI","name":"Corvera","tier":1}},{"type":"Feature","geometry":{"type":"Point","coordinates":[-119.768,39.4991]},"properties":{"iata":"RNO","icao":"KRNO","name":"Reno","tier":1}},{"type":"Feature","geometry":{"type":"Point","coordinates":[-10.3623,6.2338]},"properties":{"iata":"ROB","icao":"GLRB","name":"Monrovia","tier":1}},{"type":"Feature","geometry":{"type":"Point","coordinates":[-77.6724,43.1189]},"properties":{"iata":"ROC","icao":"KROC","name":"Rochester","tier":1}},{"type":"Feature","geometry":{"type":"Point","coordinates":[145.2411,14.1733]},"properties":{"iata":"ROP","icao":"PGRO","name":"Rota Island","tier":1}},{"type":"Feature","geometry":{"type":"Point","coordinates":[134.5441,7.367]},"properties":{"iata":"ROR","icao":"PTRO","name":"Babelthuap Island","tier":1}},{"type":"Feature","geometry":{"type":"Point","coordinates":[-60.785,-32.9036]},"properties":{"iata":"ROS","icao":"SAAR","name":"Rosario","tier":1}},{"type":"Feature","geometry":{"type":"Point","coordinates":[39.9247,47.4939]},"properties":{"iata":"ROV","icao":"URRP","name":"Rostov-on-Don","tier":1}},{"type":"Feature","geometry":{"type":"Point","coordinates":[37.0889,25.628]},"properties":{"iata":"RSI","icao":"OERS","name":"Hanak","tier":1}},{"type":"Feature","geometry":{"type":"Point","coordinates":[-81.7528,26.5347]},"properties":{"iata":"RSW","icao":"KRSW","name":"Fort Myers","tier":1}},{"type":"Feature","geometry":{"type":"Point","coordinates":[-86.523,16.3168]},"properties":{"iata":"RTB","icao":"MHRO","name":"Coxen Hole","tier":1}},{"type":"Feature","geometry":{"type":"Point","coordinates":[4.4372,51.9569]},"properties":{"iata":"RTM","icao":"EHRD","name":"Rotterdam","tier":1}},{"type":"Feature","geometry":{"type":"Point","coordinates":[46.6988,24.9576]},"properties":{"iata":"RUH","icao":"OERK","name":"Riyadh","tier":1}},{"type":"Feature","geometry":{"type":"Point","coordinates":[55.5189,-20.8901]},"properties":{"iata":"RUN","icao":"FMEE","name":"Sainte-Marie","tier":1}},{"type":"Feature","geometry":{"type":"Point","coordinates":[25.8298,66.5633]},"properties":{"iata":"RVN","icao":"EFRO","name":"Rovaniemi","tier":1}},{"type":"Feature","geometry":{"type":"Point","coordinates":[22.0242,50.1098]},"properties":{"iata":"RZE","icao":"EPRZ","name":"Jasionka","tier":1}},{"type":"Feature","geometry":{"type":"Point","coordinates":[40.8488,41.1798]},"properties":{"iata":"RZV","icao":"LTFO","name":"Rize","tier":1}},{"type":"Feature","geometry":{"type":"Point","coordinates":[74.3737,19.6892]},"properties":{"iata":"SAG","icao":"VASD","name":"Kakadi","tier":1}},{"type":"Feature","geometry":{"type":"Point","coordinates":[44.2197,15.4763]},"properties":{"iata":"SAH","icao":"OYSN","name":"Sanaa","tier":1}},{"type":"Feature","geometry":{"type":"Point","coordinates":[104.2238,13.3697]},"properties":{"iata":"SAI","icao":"VDSA","name":"Siem Reap","tier":1}},{"type":"Feature","geometry":{"type":"Point","coordinates":[-89.0558,13.4445]},"properties":{"iata":"SAL","icao":"MSLP","name":"San Salvador (San Luis Talpa)","tier":1}},{"type":"Feature","geometry":{"type":"Point","coordinates":[-117.19,32.7336]},"properties":{"iata":"SAN","icao":"KSAN","name":"San Diego","tier":1}},{"type":"Feature","geometry":{"type":"Point","coordinates":[-87.9236,15.4526]},"properties":{"iata":"SAP","icao":"MHLM","name":"San Pedro Sula","tier":1}},{"type":"Feature","geometry":{"type":"Point","coordinates":[-98.4698,29.5337]},"properties":{"iata":"SAT","icao":"KSAT","name":"San Antonio","tier":1}},{"type":"Feature","geometry":{"type":"Point","coordinates":[-81.2,32.1266]},"properties":{"iata":"SAV","icao":"KSAV","name":"Savannah","tier":1}},{"type":"Feature","geometry":{"type":"Point","coordinates":[29.3092,40.8986]},"properties":{"iata":"SAW","icao":"LTFJ","name":"Pendik, Istanbul","tier":1}},{"type":"Feature","geometry":{"type":"Point","coordinates":[-117.2366,34.0967]},"properties":{"iata":"SBD","icao":"KSBD","name":"San Bernardino","tier":1}},{"type":"Feature","geometry":{"type":"Point","coordinates":[24.0867,45.7858]},"properties":{"iata":"SBZ","icao":"LRSB","name":"Sibiu","tier":1}},{"type":"Feature","geometry":{"type":"Point","coordinates":[-70.7858,-33.393]},"properties":{"iata":"SCL","icao":"SCEL","name":"Santiago","tier":1}},{"type":"Feature","geometry":{"type":"Point","coordinates":[51.0909,43.8601]},"properties":{"iata":"SCO","icao":"UATE","name":"Aktau","tier":1}},{"type":"Feature","geometry":{"type":"Point","coordinates":[-8.4151,42.8963]},"properties":{"iata":"SCQ","icao":"LEST","name":"Santiago de Compostela","tier":1}},{"type":"Feature","geometry":{"type":"Point","coordinates":[12.8335,61.1651]},"properties":{"iata":"SCR","icao":"ESKS","name":"Malung-Sälen","tier":1}},{"type":"Feature","geometry":{"type":"Point","coordinates":[-75.8355,19.9747]},"properties":{"iata":"SCU","icao":"MUCU","name":"Santiago","tier":1}},{"type":"Feature","geometry":{"type":"Point","coordinates":[26.3541,47.6875]},"properties":{"iata":"SCV","icao":"LRSV","name":"Suceava","tier":1}},{"type":"Feature","geometry":{"type":"Point","coordinates":[-85.7351,38.1706]},"properties":{"iata":"SDF","icao":"KSDF","name":"Louisville","tier":1}},{"type":"Feature","geometry":{"type":"Point","coordinates":[140.917,38.1397]},"properties":{"iata":"SDJ","icao":"RJSS","name":"Natori","tier":1}},{"type":"Feature","geometry":{"type":"Point","coordinates":[-69.6689,18.4297]},"properties":{"iata":"SDQ","icao":"MDSD","name":"Santo Domingo","tier":1}},{"type":"Feature","geometry":{"type":"Point","coordinates":[-43.1628,-22.9104]},"properties":{"iata":"SDU","icao":"SBRJ","name":"Rio de Janeiro","tier":1}},{"type":"Feature","geometry":{"type":"Point","coordinates":[-122.3103,47.4479]},"properties":{"iata":"SEA","icao":"KSEA","name":"Seattle","tier":1}},{"type":"Feature","geometry":{"type":"Point","coordinates":[55.5218,-4.6743]},"properties":{"iata":"SEZ","icao":"FSIA","name":"Victoria","tier":1}},{"type":"Feature","geometry":{"type":"Point","coordinates":[-81.2346,28.7743]},"properties":{"iata":"SFB","icao":"KSFB","name":"Orlando","tier":1}},{"type":"Feature","geometry":{"type":"Point","coordinates":[-122.3748,37.6198]},"properties":{"iata":"SFO","icao":"KSFO","name":"San Francisco","tier":1}},{"type":"Feature","geometry":{"type":"Point","coordinates":[120.2719,14.7948]},"properties":{"iata":"SFS","icao":"RPLB","name":"Olongapo","tier":1}},{"type":"Feature","geometry":{"type":"Point","coordinates":[73.4058,61.3405]},"properties":{"iata":"SGC","icao":"USRR","name":"Surgut","tier":1}},{"type":"Feature","geometry":{"type":"Point","coordinates":[106.652,10.8188]},"properties":{"iata":"SGN","icao":"VVTS","name":"Ho Chi Minh City","tier":1}},{"type":"Feature","geometry":{"type":"Point","coordinates":[121.3343,31.1981]},"properties":{"iata":"SHA","icao":"ZSSS","name":"Shanghai (Minhang)","tier":1}},{"type":"Feature","geometry":{"type":"Point","coordinates":[123.4837,41.6398]},"properties":{"iata":"SHE","icao":"ZYTX","name":"Shenyang","tier":1}},{"type":"Feature","geometry":{"type":"Point","coordinates":[55.5172,25.3286]},"properties":{"iata":"SHJ","icao":"OMSJ","name":"Sharjah","tier":1}},{"type":"Feature","geometry":{"type":"Point","coordinates":[31.7169,-26.3586]},"properties":{"iata":"SHO","icao":"FDSK","name":"Mpaka","tier":1}},{"type":"Feature","geometry":{"type":"Point","coordinates":[-22.9494,16.7414]},"properties":{"iata":"SID","icao":"GVAC","name":"Espargos","tier":1}},{"type":"Feature","geometry":{"type":"Point","coordinates":[103.994,1.3502]},"properties":{"iata":"SIN","icao":"WSSS","name":"Singapore","tier":1}},{"type":"Feature","geometry":{"type":"Point","coordinates":[33.9751,45.0522]},"properties":{"iata":"SIP","icao":"UKFF","name":"Simferopol","tier":1}},{"type":"Feature","geometry":{"type":"Point","coordinates":[-121.9292,37.3625]},"properties":{"iata":"SJC","icao":"KSJC","name":"San Jose","tier":1}},{"type":"Feature","geometry":{"type":"Point","coordinates":[-109.7207,23.1519]},"properties":{"iata":"SJD","icao":"MMSD","name":"San José del Cabo","tier":1}},{"type":"Feature","geometry":{"type":"Point","coordinates":[18.3315,43.8246]},"properties":{"iata":"SJJ","icao":"LQSA","name":"Sarajevo","tier":1}},{"type":"Feature","geometry":{"type":"Point","coordinates":[-84.2088,9.9939]},"properties":{"iata":"SJO","icao":"MROC","name":"San José (Alajuela)","tier":1}},{"type":"Feature","geometry":{"type":"Point","coordinates":[-66.0018,18.4394]},"properties":{"iata":"SJU","icao":"TJSJ","name":"San Juan","tier":1}},{"type":"Feature","geometry":{"type":"Point","coordinates":[114.697,38.2807]},"properties":{"iata":"SJW","icao":"ZBSJ","name":"Shijiazhuang","tier":1}},{"type":"Feature","geometry":{"type":"Point","coordinates":[-62.7191,17.3108]},"properties":{"iata":"SKB","icao":"TKPK","name":"Basseterre","tier":1}},{"type":"Feature","geometry":{"type":"Point","coordinates":[66.9815,39.7018]},"properties":{"iata":"SKD","icao":"UZSS","name":"Samarkand","tier":1}},{"type":"Feature","geometry":{"type":"Point","coordinates":[22.97,40.5193]},"properties":{"iata":"SKG","icao":"LGTS","name":"Thessaloniki","tier":1}},{"type":"Feature","geometry":{"type":"Point","coordinates":[5.2075,12.9157]},"properties":{"iata":"SKO","icao":"DNSO","name":"Sokoto","tier":1}},{"type":"Feature","geometry":{"type":"Point","coordinates":[21.6226,41.9581]},"properties":{"iata":"SKP","icao":"LWSK","name":"Ilinden","tier":1}},{"type":"Feature","geometry":{"type":"Point","coordinates":[74.3646,32.5359]},"properties":{"iata":"SKT","icao":"OPST","name":"Sialkot","tier":1}},{"type":"Feature","geometry":{"type":"Point","coordinates":[45.2123,54.1251]},"properties":{"iata":"SKX","icao":"UWPS","name":"Saransk","tier":1}},{"type":"Feature","geometry":{"type":"Point","coordinates":[-65.4862,-24.856]},"properties":{"iata":"SLA","icao":"SASA","name":"Salta","tier":1}},{"type":"Feature","geometry":{"type":"Point","coordinates":[-111.9799,40.7889]},"properties":{"iata":"SLC","icao":"KSLC","name":"Salt Lake City","tier":1}},{"type":"Feature","geometry":{"type":"Point","coordinates":[54.0913,17.0387]},"properties":{"iata":"SLL","icao":"OOSA","name":"Salalah","tier":1}},{"type":"Feature","geometry":{"type":"Point","coordinates":[-44.235,-2.5864]},"properties":{"iata":"SLZ","icao":"SBSL","name":"São Luís","tier":1}},{"type":"Feature","geometry":{"type":"Point","coordinates":[-121.591,38.6954]},"properties":{"iata":"SMF","icao":"KSMF","name":"Sacramento","tier":1}},{"type":"Feature","geometry":{"type":"Point","coordinates":[-117.8693,33.6751]},"properties":{"iata":"SNA","icao":"KSNA","name":"Santa Ana","tier":1}},{"type":"Feature","geometry":{"type":"Point","coordinates":[-80.9851,-2.2101]},"properties":{"iata":"SNC","icao":"SESA","name":"Salinas/La Libertad","tier":1}},{"type":"Feature","geometry":{"type":"Point","coordinates":[-8.9248,52.702]},"properties":{"iata":"SNN","icao":"EINN","name":"Shannon","tier":1}},{"type":"Feature","geometry":{"type":"Point","coordinates":[-79.9431,22.4922]},"properties":{"iata":"SNU","icao":"MUSC","name":"Santa Clara","tier":1}},{"type":"Feature","geometry":{"type":"Point","coordinates":[110.7575,-7.516]},"properties":{"iata":"SOC","icao":"WAHQ","name":"Surakarta","tier":1}},{"type":"Feature","geometry":{"type":"Point","coordinates":[23.4177,42.6964]},"properties":{"iata":"SOF","icao":"LBSF","name":"Sofia","tier":1}},{"type":"Feature","geometry":{"type":"Point","coordinates":[16.298,43.5389]},"properties":{"iata":"SPU","icao":"LDSP","name":"Split","tier":1}},{"type":"Feature","geometry":{"type":"Point","coordinates":[30.8957,30.1082]},"properties":{"iata":"SPX","icao":"HESX","name":"Al Jiza","tier":1}},{"type":"Feature","geometry":{"type":"Point","coordinates":[-65.1496,-19.2468]},"properties":{"iata":"SRE","icao":"SLAL","name":"Sucre","tier":1}},{"type":"Feature","geometry":{"type":"Point","coordinates":[110.3732,-6.9707]},"properties":{"iata":"SRG","icao":"WAHS","name":"Semarang","tier":1}},{"type":"Feature","geometry":{"type":"Point","coordinates":[-82.5544,27.3946]},"properties":{"iata":"SRQ","icao":"KSRQ","name":"Sarasota/Bradenton","tier":1}},{"type":"Feature","geometry":{"type":"Point","coordinates":[-38.3225,-12.9086]},"properties":{"iata":"SSA","icao":"SBSV","name":"Salvador","tier":1}},{"type":"Feature","geometry":{"type":"Point","coordinates":[8.7087,3.7553]},"properties":{"iata":"SSG","icao":"FGSL","name":"Malabo","tier":1}},{"type":"Feature","geometry":{"type":"Point","coordinates":[34.3947,27.9773]},"properties":{"iata":"SSH","icao":"HESH","name":"Sharm El Sheikh","tier":1}},{"type":"Feature","geometry":{"type":"Point","coordinates":[-70.6044,19.4041]},"properties":{"iata":"STI","icao":"MDST","name":"Santiago","tier":1}},{"type":"Feature","geometry":{"type":"Point","coordinates":[-90.37,38.7487]},"properties":{"iata":"STL","icao":"KSTL","name":"St Louis","tier":1}},{"type":"Feature","geometry":{"type":"Point","coordinates":[0.235,51.885]},"properties":{"iata":"STN","icao":"EGSS","name":"London, Essex","tier":1}},{"type":"Feature","geometry":{"type":"Point","coordinates":[9.222,48.6899]},"properties":{"iata":"STR","icao":"EDDS","name":"Stuttgart","tier":1}},{"type":"Feature","geometry":{"type":"Point","coordinates":[-64.9773,18.3371]},"properties":{"iata":"STT","icao":"TIST","name":"Charlotte Amalie","tier":1}},{"type":"Feature","geometry":{"type":"Point","coordinates":[72.7433,21.1155]},"properties":{"iata":"STV","icao":"VASU","name":"Surat","tier":1}},{"type":"Feature","geometry":{"type":"Point","coordinates":[112.787,-7.3798]},"properties":{"iata":"SUB","icao":"WARR","name":"Surabaya","tier":1}},{"type":"Feature","geometry":{"type":"Point","coordinates":[16.246,38.9062]},"properties":{"iata":"SUF","icao":"LICA","name":"Lamezia Terme (CZ)","tier":1}},{"type":"Feature","geometry":{"type":"Point","coordinates":[178.5615,-18.0442]},"properties":{"iata":"SUV","icao":"NFNA","name":"Nausori","tier":1}},{"type":"Feature","geometry":{"type":"Point","coordinates":[-61.1488,13.1597]},"properties":{"iata":"SVD","icao":"TVSA","name":"Kingstown","tier":1}},{"type":"Feature","geometry":{"type":"Point","coordinates":[5.6378,58.8767]},"properties":{"iata":"SVG","icao":"ENZV","name":"Stavanger","tier":1}},{"type":"Feature","geometry":{"type":"Point","coordinates":[37.4112,55.9769]},"properties":{"iata":"SVO","icao":"UUEE","name":"Moscow","tier":1}},{"type":"Feature","geometry":{"type":"Point","coordinates":[-5.8931,37.418]},"properties":{"iata":"SVQ","icao":"LEZL","name":"Seville","tier":1}},{"type":"Feature","geometry":{"type":"Point","coordinates":[60.8027,56.7431]},"properties":{"iata":"SVX","icao":"USSS","name":"Yekaterinburg","tier":1}},{"type":"Feature","geometry":{"type":"Point","coordinates":[116.5033,23.552]},"properties":{"iata":"SWA","icao":"ZGOW","name":"Jieyang (Rongcheng)","tier":1}},{"type":"Feature","geometry":{"type":"Point","coordinates":[7.6282,48.5383]},"properties":{"iata":"SXB","icao":"LFST","name":"Strasbourg","tier":1}},{"type":"Feature","geometry":{"type":"Point","coordinates":[-63.1089,18.041]},"properties":{"iata":"SXM","icao":"TNCM","name":"Sint Maarten","tier":1}},{"type":"Feature","geometry":{"type":"Point","coordinates":[74.7742,33.9871]},"properties":{"iata":"SXR","icao":"VISR","name":"Srinagar","tier":1}},{"type":"Feature","geometry":{"type":"Point","coordinates":[151.177,-33.9461]},"properties":{"iata":"SYD","icao":"YSSY","name":"Sydney (Mascot)","tier":1}},{"type":"Feature","geometry":{"type":"Point","coordinates":[-76.1063,43.1112]},"properties":{"iata":"SYR","icao":"KSYR","name":"Syracuse","tier":1}},{"type":"Feature","geometry":{"type":"Point","coordinates":[109.412,18.3029]},"properties":{"iata":"SYX","icao":"ZJSY","name":"Sanya (Tianya)","tier":1}},{"type":"Feature","geometry":{"type":"Point","coordinates":[52.5898,29.5392]},"properties":{"iata":"SYZ","icao":"OISS","name":"Shiraz","tier":1}},{"type":"Feature","geometry":{"type":"Point","coordinates":[101.549,3.1306]},"properties":{"iata":"SZB","icao":"WMSA","name":"Subang","tier":1}},{"type":"Feature","geometry":{"type":"Point","coordinates":[13.0043,47.7933]},"properties":{"iata":"SZG","icao":"LOWS","name":"Salzburg","tier":1}},{"type":"Feature","geometry":{"type":"Point","coordinates":[113.8033,22.6395]},"properties":{"iata":"SZX","icao":"ZGSZ","name":"Shenzhen","tier":1}},{"type":"Feature","geometry":{"type":"Point","coordinates":[14.9022,53.5847]},"properties":{"iata":"SZZ","icao":"EPSC","name":"Szczecin(Glewice)","tier":1}},{"type":"Feature","geometry":{"type":"Point","coordinates":[-60.8313,11.1496]},"properties":{"iata":"TAB","icao":"TTCP","name":"Scarborough","tier":1}},{"type":"Feature","geometry":{"type":"Point","coordinates":[128.657,35.8944]},"properties":{"iata":"TAE","icao":"RKTN","name":"Daegu","tier":1}},{"type":"Feature","geometry":{"type":"Point","coordinates":[123.7701,9.573]},"properties":{"iata":"TAG","icao":"RPSP","name":"Panglao","tier":1}},{"type":"Feature","geometry":{"type":"Point","coordinates":[134.0155,34.215]},"properties":{"iata":"TAK","icao":"RJOT","name":"Takamatsu","tier":1}},{"type":"Feature","geometry":{"type":"Point","coordinates":[120.0882,36.362]},"properties":{"iata":"TAO","icao":"ZSQD","name":"Qingdao (Jiaozhou)","tier":1}},{"type":"Feature","geometry":{"type":"Point","coordinates":[69.2812,41.2579]},"properties":{"iata":"TAS","icao":"UZTT","name":"Tashkent","tier":1}},{"type":"Feature","geometry":{"type":"Point","coordinates":[59.8361,41.7599]},"properties":{"iata":"TAZ","icao":"UTAT","name":"Daşoguz","tier":1}},{"type":"Feature","geometry":{"type":"Point","coordinates":[44.9547,41.6692]},"properties":{"iata":"TBS","icao":"UGTB","name":"Tbilisi","tier":1}},{"type":"Feature","geometry":{"type":"Point","coordinates":[-175.1492,-21.2414]},"properties":{"iata":"TBU","icao":"NFTF","name":"Nuku'alofa","tier":1}},{"type":"Feature","geometry":{"type":"Point","coordinates":[46.235,38.1339]},"properties":{"iata":"TBZ","icao":"OITT","name":"Tabriz","tier":1}},{"type":"Feature","geometry":{"type":"Point","coordinates":[33.6402,-16.1048]},"properties":{"iata":"TET","icao":"FQTT","name":"Tete","tier":1}},{"type":"Feature","geometry":{"type":"Point","coordinates":[-16.3417,28.4828]},"properties":{"iata":"TFN","icao":"GCXO","name":"Tenerife","tier":1}},{"type":"Feature","geometry":{"type":"Point","coordinates":[-16.5725,28.0445]},"properties":{"iata":"TFS","icao":"GCTS","name":"Tenerife","tier":1}},{"type":"Feature","geometry":{"type":"Point","coordinates":[104.4413,30.3125]},"properties":{"iata":"TFU","icao":"ZUTF","name":"Chengdu (Jianyang)","tier":1}},{"type":"Feature","geometry":{"type":"Point","coordinates":[19.2519,42.3594]},"properties":{"iata":"TGD","icao":"LYPG","name":"Podgorica","tier":1}},{"type":"Feature","geometry":{"type":"Point","coordinates":[51.3144,35.6892]},"properties":{"iata":"THR","icao":"OIII","name":"Tehran","tier":1}},{"type":"Feature","geometry":{"type":"Point","coordinates":[19.7206,41.4147]},"properties":{"iata":"TIA","icao":"LATI","name":"Rinas","tier":1}},{"type":"Feature","geometry":{"type":"Point","coordinates":[40.5441,21.4847]},"properties":{"iata":"TIF","icao":"OETF","name":"Taif","tier":1}},{"type":"Feature","geometry":{"type":"Point","coordinates":[-116.97,32.541]},"properties":{"iata":"TIJ","icao":"MMTJ","name":"Tijuana","tier":1}},{"type":"Feature","geometry":{"type":"Point","coordinates":[79.5399,13.632]},"properties":{"iata":"TIR","icao":"VOTP","name":"Tirupati","tier":1}},{"type":"Feature","geometry":{"type":"Point","coordinates":[65.3277,57.179]},"properties":{"iata":"TJM","icao":"USTR","name":"Tyumen","tier":1}},{"type":"Feature","geometry":{"type":"Point","coordinates":[69.805,37.9881]},"properties":{"iata":"TJU","icao":"UTDK","name":"Kulob","tier":1}},{"type":"Feature","geometry":{"type":"Point","coordinates":[151.843,7.4619]},"properties":{"iata":"TKK","icao":"PTKK","name":"Weno Island","tier":1}},{"type":"Feature","geometry":{"type":"Point","coordinates":[134.6078,34.1326]},"properties":{"iata":"TKS","icao":"RJOS","name":"Tokushima","tier":1}},{"type":"Feature","geometry":{"type":"Point","coordinates":[22.2628,60.5141]},"properties":{"iata":"TKU","icao":"EFTU","name":"Turku","tier":1}},{"type":"Feature","geometry":{"type":"Point","coordinates":[-99.5658,19.3369]},"properties":{"iata":"TLC","icao":"MMTO","name":"Toluca","tier":1}},{"type":"Feature","geometry":{"type":"Point","coordinates":[24.8326,59.4132]},"properties":{"iata":"TLL","icao":"EETN","name":"Tallinn","tier":1}},{"type":"Feature","geometry":{"type":"Point","coordinates":[-1.4571,35.0127]},"properties":{"iata":"TLM","icao":"DAON","name":"Zenata","tier":1}},{"type":"Feature","geometry":{"type":"Point","coordinates":[1.3638,43.6291]},"properties":{"iata":"TLS","icao":"LFBO","name":"Toulouse/Blagnac","tier":1}},{"type":"Feature","geometry":{"type":"Point","coordinates":[34.8867,32.0114]},"properties":{"iata":"TLV","icao":"LLBG","name":"Tel Aviv","tier":1}},{"type":"Feature","geometry":{"type":"Point","coordinates":[-0.8661,9.5539]},"properties":{"iata":"TML","icao":"DGLE","name":"Tamale","tier":1}},{"type":"Feature","geometry":{"type":"Point","coordinates":[49.3923,-18.1135]},"properties":{"iata":"TMM","icao":"FMMT","name":"Toamasina","tier":1}},{"type":"Feature","geometry":{"type":"Point","coordinates":[23.6044,61.4141]},"properties":{"iata":"TMP","icao":"EFTP","name":"Tampere / Pirkkala","tier":1}},{"type":"Feature","geometry":{"type":"Point","coordinates":[5.4508,22.811]},"properties":{"iata":"TMR","icao":"DAAT","name":"Tamanrasset","tier":1}},{"type":"Feature","geometry":{"type":"Point","coordinates":[6.7122,0.3782]},"properties":{"iata":"TMS","icao":"FPST","name":"São Tomé","tier":1}},{"type":"Feature","geometry":{"type":"Point","coordinates":[117.216,36.8572]},"properties":{"iata":"TNA","icao":"ZSJN","name":"Jinan (Licheng)","tier":1}},{"type":"Feature","geometry":{"type":"Point","coordinates":[-5.9215,35.7317]},"properties":{"iata":"TNG","icao":"GMTT","name":"Tangier","tier":1}},{"type":"Feature","geometry":{"type":"Point","coordinates":[120.206,22.9504]},"properties":{"iata":"TNN","icao":"RCNN","name":"Tainan (Rende)","tier":1}},{"type":"Feature","geometry":{"type":"Point","coordinates":[47.4788,-18.7969]},"properties":{"iata":"TNR","icao":"FMMI","name":"Antananarivo","tier":1}},{"type":"Feature","geometry":{"type":"Point","coordinates":[85.2083,56.3803]},"properties":{"iata":"TOF","icao":"UNTT","name":"Tomsk","tier":1}},{"type":"Feature","geometry":{"type":"Point","coordinates":[-3.0076,16.7305]},"properties":{"iata":"TOM","icao":"GATB","name":"Timbuktu","tier":1}},{"type":"Feature","geometry":{"type":"Point","coordinates":[18.9189,69.6833]},"properties":{"iata":"TOS","icao":"ENTC","name":"Tromsø","tier":1}},{"type":"Feature","geometry":{"type":"Point","coordinates":[-82.5332,27.9755]},"properties":{"iata":"TPA","icao":"KTPA","name":"Tampa","tier":1}},{"type":"Feature","geometry":{"type":"Point","coordinates":[121.233,25.0777]},"properties":{"iata":"TPE","icao":"RCTP","name":"Taoyuan","tier":1}},{"type":"Feature","geometry":{"type":"Point","coordinates":[-87.6603,20.1721]},"properties":{"iata":"TQO","icao":"MMTL","name":"Tulum","tier":1}},{"type":"Feature","geometry":{"type":"Point","coordinates":[10.924,63.4578]},"properties":{"iata":"TRD","icao":"ENVA","name":"Trondheim","tier":1}},{"type":"Feature","geometry":{"type":"Point","coordinates":[10.2586,59.1867]},"properties":{"iata":"TRF","icao":"ENTO","name":"Sandefjord(Torp)","tier":1}},{"type":"Feature","geometry":{"type":"Point","coordinates":[7.6496,45.2008]},"properties":{"iata":"TRN","icao":"LIMF","name":"Caselle Torinese (TO)","tier":1}},{"type":"Feature","geometry":{"type":"Point","coordinates":[13.4667,45.8279]},"properties":{"iata":"TRS","icao":"LIPQ","name":"Ronchi dei Legionari/Trieste","tier":1}},{"type":"Feature","geometry":{"type":"Point","coordinates":[-79.1088,-8.0824]},"properties":{"iata":"TRU","icao":"SPRU","name":"Trujillo","tier":1}},{"type":"Feature","geometry":{"type":"Point","coordinates":[76.92,8.4819]},"properties":{"iata":"TRV","icao":"VOTV","name":"Thiruvananthapuram","tier":1}},{"type":"Feature","geometry":{"type":"Point","coordinates":[173.147,1.3816]},"properties":{"iata":"TRW","icao":"NGTA","name":"South Tarawa","tier":1}},{"type":"Feature","geometry":{"type":"Point","coordinates":[78.7177,10.7629]},"properties":{"iata":"TRZ","icao":"VOTR","name":"Tiruchirappalli","tier":1}},{"type":"Feature","geometry":{"type":"Point","coordinates":[121.5528,25.0672]},"properties":{"iata":"TSA","icao":"RCSS","name":"Taipei (Songshan)","tier":1}},{"type":"Feature","geometry":{"type":"Point","coordinates":[12.1944,45.6484]},"properties":{"iata":"TSF","icao":"LIPH","name":"Treviso (TV)","tier":1}},{"type":"Feature","geometry":{"type":"Point","coordinates":[117.346,39.1244]},"properties":{"iata":"TSN","icao":"ZBTJ","name":"Tianjin","tier":1}},{"type":"Feature","geometry":{"type":"Point","coordinates":[21.3379,45.8099]},"properties":{"iata":"TSR","icao":"LRTR","name":"Timişoara","tier":1}},{"type":"Feature","geometry":{"type":"Point","coordinates":[-5.32,35.5943]},"properties":{"iata":"TTU","icao":"GMTN","name":"Tétouan","tier":1}},{"type":"Feature","geometry":{"type":"Point","coordinates":[-65.1042,-26.8374]},"properties":{"iata":"TUC","icao":"SANT","name":"San Miguel de Tucumán","tier":1}},{"type":"Feature","geometry":{"type":"Point","coordinates":[63.0289,25.9848]},"properties":{"iata":"TUK","icao":"OPTU","name":"Turbat","tier":1}},{"type":"Feature","geometry":{"type":"Point","coordinates":[-95.8862,36.1971]},"properties":{"iata":"TUL","icao":"KTUL","name":"Tulsa","tier":1}},{"type":"Feature","geometry":{"type":"Point","coordinates":[10.2272,36.851]},"properties":{"iata":"TUN","icao":"DTTA","name":"Tunis","tier":1}},{"type":"Feature","geometry":{"type":"Point","coordinates":[-110.9381,32.115]},"properties":{"iata":"TUS","icao":"KTUS","name":"Tucson","tier":1}},{"type":"Feature","geometry":{"type":"Point","coordinates":[36.6249,28.3711]},"properties":{"iata":"TUU","icao":"OETB","name":"Tabuk","tier":1}},{"type":"Feature","geometry":{"type":"Point","coordinates":[118.256,29.7333]},"properties":{"iata":"TXN","icao":"ZSTX","name":"Huangshan","tier":1}},{"type":"Feature","geometry":{"type":"Point","coordinates":[112.628,37.7469]},"properties":{"iata":"TYN","icao":"ZBYN","name":"Taiyuan","tier":1}},{"type":"Feature","geometry":{"type":"Point","coordinates":[-83.994,35.811]},"properties":{"iata":"TYS","icao":"KTYS","name":"Knoxville/Maryville","tier":1}},{"type":"Feature","geometry":{"type":"Point","coordinates":[18.7236,44.4599]},"properties":{"iata":"TZL","icao":"LQTZ","name":"Dubrave Gornje","tier":1}},{"type":"Feature","geometry":{"type":"Point","coordinates":[106.8198,47.6469]},"properties":{"iata":"UBN","icao":"ZMCK","name":"Ulaanbaatar (Sergelen)","tier":1}},{"type":"Feature","geometry":{"type":"Point","coordinates":[22.2634,48.6343]},"properties":{"iata":"UDJ","icao":"UKLU","name":"Uzhhorod","tier":1}},{"type":"Feature","geometry":{"type":"Point","coordinates":[66.9378,30.2514]},"properties":{"iata":"UET","icao":"OPQT","name":"Quetta","tier":1}},{"type":"Feature","geometry":{"type":"Point","coordinates":[55.8744,54.5575]},"properties":{"iata":"UFA","icao":"UWUU","name":"Ufa","tier":1}},{"type":"Feature","geometry":{"type":"Point","coordinates":[60.6434,41.5827]},"properties":{"iata":"UGC","icao":"UZNU","name":"Urgench","tier":1}},{"type":"Feature","geometry":{"type":"Point","coordinates":[-78.3543,-0.1254]},"properties":{"iata":"UIO","icao":"SEQM","name":"Quito","tier":1}},{"type":"Feature","geometry":{"type":"Point","coordinates":[135.224,34.6328]},"properties":{"iata":"UKB","icao":"RJBE","name":"Kobe","tier":1}},{"type":"Feature","geometry":{"type":"Point","coordinates":[82.4961,50.035]},"properties":{"iata":"UKK","icao":"UASK","name":"Ust-Kamenogorsk (Oskemen)","tier":1}},{"type":"Feature","geometry":{"type":"Point","coordinates":[38.117,26.4836]},"properties":{"iata":"ULH","icao":"OEAO","name":"Al-Ula","tier":1}},{"type":"Feature","geometry":{"type":"Point","coordinates":[20.2828,63.7918]},"properties":{"iata":"UME","icao":"ESNU","name":"Umeå","tier":1}},{"type":"Feature","geometry":{"type":"Point","coordinates":[119.5537,-5.0755]},"properties":{"iata":"UPG","icao":"WAAA","name":"Makassar","tier":1}},{"type":"Feature","geometry":{"type":"Point","coordinates":[51.5437,51.152]},"properties":{"iata":"URA","icao":"UARR","name":"Uralsk","tier":1}},{"type":"Feature","geometry":{"type":"Point","coordinates":[87.4794,43.9136]},"properties":{"iata":"URC","icao":"ZWWW","name":"Ürümqi","tier":1}},{"type":"Feature","geometry":{"type":"Point","coordinates":[100.062,9.5478]},"properties":{"iata":"USM","icao":"VTSM","name":"Na Thon (Ko Samui Island)","tier":1}},{"type":"Feature","geometry":{"type":"Point","coordinates":[102.7886,17.3862]},"properties":{"iata":"UTH","icao":"VTUD","name":"Udon Thani","tier":1}},{"type":"Feature","geometry":{"type":"Point","coordinates":[101.005,12.6799]},"properties":{"iata":"UTP","icao":"VTBU","name":"Rayong","tier":1}},{"type":"Feature","geometry":{"type":"Point","coordinates":[107.4397,51.8086]},"properties":{"iata":"UUD","icao":"UIUU","name":"Ulan Ude","tier":1}},{"type":"Feature","geometry":{"type":"Point","coordinates":[142.7175,46.8855]},"properties":{"iata":"UUS","icao":"UHSS","name":"Yuzhno-Sakhalinsk","tier":1}},{"type":"Feature","geometry":{"type":"Point","coordinates":[-60.9526,13.7332]},"properties":{"iata":"UVF","icao":"TLPL","name":"Vieux Fort","tier":1}},{"type":"Feature","geometry":{"type":"Point","coordinates":[-66.8576,-20.4413]},"properties":{"iata":"UYU","icao":"SLUY","name":"Quijarro","tier":1}},{"type":"Feature","geometry":{"type":"Point","coordinates":[21.7625,63.0502]},"properties":{"iata":"VAA","icao":"EFVA","name":"Vaasa","tier":1}},{"type":"Feature","geometry":{"type":"Point","coordinates":[27.8251,43.2321]},"properties":{"iata":"VAR","icao":"LBWN","name":"Varna","tier":1}},{"type":"Feature","geometry":{"type":"Point","coordinates":[-173.962,-18.5853]},"properties":{"iata":"VAV","icao":"NFTV","name":"Vava'u Island","tier":1}},{"type":"Feature","geometry":{"type":"Point","coordinates":[18.3462,57.6628]},"properties":{"iata":"VBY","icao":"ESSV","name":"Visby","tier":1}},{"type":"Feature","geometry":{"type":"Point","coordinates":[105.7094,10.0834]},"properties":{"iata":"VCA","icao":"VVCT","name":"Can Tho","tier":1}},{"type":"Feature","geometry":{"type":"Point","coordinates":[12.3519,45.5053]},"properties":{"iata":"VCE","icao":"LIPZ","name":"Venezia (VE)","tier":1}},{"type":"Feature","geometry":{"type":"Point","coordinates":[-47.1345,-23.0074]},"properties":{"iata":"VCP","icao":"SBKP","name":"Campinas","tier":1}},{"type":"Feature","geometry":{"type":"Point","coordinates":[-96.1886,19.1396]},"properties":{"iata":"VER","icao":"MMVR","name":"Veracruz","tier":1}},{"type":"Feature","geometry":{"type":"Point","coordinates":[25.8369,-18.0974]},"properties":{"iata":"VFA","icao":"FVFA","name":"Victoria Falls","tier":1}},{"type":"Feature","geometry":{"type":"Point","coordinates":[80.8049,16.53]},"properties":{"iata":"VGA","icao":"VOBZ","name":"Vijayawada","tier":1}},{"type":"Feature","geometry":{"type":"Point","coordinates":[16.5697,48.1103]},"properties":{"iata":"VIE","icao":"LOWW","name":"Vienna","tier":1}},{"type":"Feature","geometry":{"type":"Point","coordinates":[-15.932,23.7183]},"properties":{"iata":"VIL","icao":"GMMH","name":"Dakhla","tier":1}},{"type":"Feature","geometry":{"type":"Point","coordinates":[-40.285,-20.258]},"properties":{"iata":"VIX","icao":"SBVT","name":"Vitória","tier":1}},{"type":"Feature","geometry":{"type":"Point","coordinates":[37.2615,55.5915]},"properties":{"iata":"VKO","icao":"UUWW","name":"Moscow","tier":1}},{"type":"Feature","geometry":{"type":"Point","coordinates":[-0.481,39.4892]},"properties":{"iata":"VLC","icao":"LEVC","name":"Valencia","tier":1}},{"type":"Feature","geometry":{"type":"Point","coordinates":[168.32,-17.6993]},"properties":{"iata":"VLI","icao":"NVVV","name":"Port Vila","tier":1}},{"type":"Feature","geometry":{"type":"Point","coordinates":[-67.9284,10.1497]},"properties":{"iata":"VLN","icao":"SVVA","name":"Valencia","tier":1}},{"type":"Feature","geometry":{"type":"Point","coordinates":[25.2858,54.6341]},"properties":{"iata":"VNO","icao":"EYVI","name":"Vilnius","tier":1}},{"type":"Feature","geometry":{"type":"Point","coordinates":[82.8625,25.4522]},"properties":{"iata":"VNS","icao":"VEBN","name":"Varanasi","tier":1}},{"type":"Feature","geometry":{"type":"Point","coordinates":[44.3392,48.7813]},"properties":{"iata":"VOG","icao":"URWW","name":"Volgograd","tier":1}},{"type":"Feature","geometry":{"type":"Point","coordinates":[-81.4353,23.0344]},"properties":{"iata":"VRA","icao":"MUVR","name":"Matanzas","tier":1}},{"type":"Feature","geometry":{"type":"Point","coordinates":[10.8873,45.395]},"properties":{"iata":"VRN","icao":"LIPX","name":"Caselle (VR)","tier":1}},{"type":"Feature","geometry":{"type":"Point","coordinates":[-92.8182,17.9943]},"properties":{"iata":"VSA","icao":"MMVA","name":"Villahermosa","tier":1}},{"type":"Feature","geometry":{"type":"Point","coordinates":[16.6336,59.5894]},"properties":{"iata":"VST","icao":"ESOW","name":"Stockholm / Västerås","tier":1}},{"type":"Feature","geometry":{"type":"Point","coordinates":[102.5667,17.9851]},"properties":{"iata":"VTE","icao":"VLVT","name":"Vientiane","tier":1}},{"type":"Feature","geometry":{"type":"Point","coordinates":[83.2277,17.7235]},"properties":{"iata":"VTZ","icao":"VOVZ","name":"Visakhapatnam","tier":1}},{"type":"Feature","geometry":{"type":"Point","coordinates":[-63.1354,-17.6448]},"properties":{"iata":"VVI","icao":"SLVR","name":"Santa Cruz","tier":1}},{"type":"Feature","geometry":{"type":"Point","coordinates":[132.1482,43.3963]},"properties":{"iata":"VVO","icao":"UHWW","name":"Artyom","tier":1}},{"type":"Feature","geometry":{"type":"Point","coordinates":[-25.0553,16.8334]},"properties":{"iata":"VXE","icao":"GVSV","name":"São Pedro","tier":1}},{"type":"Feature","geometry":{"type":"Point","coordinates":[20.9671,52.1657]},"properties":{"iata":"WAW","icao":"EPWA","name":"Warsaw","tier":1}},{"type":"Feature","geometry":{"type":"Point","coordinates":[17.4709,-22.4799]},"properties":{"iata":"WDH","icao":"FYWH","name":"Windhoek","tier":1}},{"type":"Feature","geometry":{"type":"Point","coordinates":[174.8069,-41.3268]},"properties":{"iata":"WLG","icao":"NZWN","name":"Wellington","tier":1}},{"type":"Feature","geometry":{"type":"Point","coordinates":[-176.1986,-13.2394]},"properties":{"iata":"WLS","icao":"NLWW","name":"Wallis Island","tier":1}},{"type":"Feature","geometry":{"type":"Point","coordinates":[20.6518,52.4511]},"properties":{"iata":"WMI","icao":"EPMO","name":"Nowy Dwór Mazowiecki","tier":1}},{"type":"Feature","geometry":{"type":"Point","coordinates":[120.8535,27.9106]},"properties":{"iata":"WNZ","icao":"ZSWZ","name":"Wenzhou (Longwan)","tier":1}},{"type":"Feature","geometry":{"type":"Point","coordinates":[16.8821,51.1037]},"properties":{"iata":"WRO","icao":"EPWR","name":"Wrocław","tier":1}},{"type":"Feature","geometry":{"type":"Point","coordinates":[151.7933,-27.5583]},"properties":{"iata":"WTB","icao":"YBWW","name":"Toowoomba","tier":1}},{"type":"Feature","geometry":{"type":"Point","coordinates":[114.2137,30.7748]},"properties":{"iata":"WUH","icao":"ZHHH","name":"Wuhan (Huangpi)","tier":1}},{"type":"Feature","geometry":{"type":"Point","coordinates":[120.4304,31.497]},"properties":{"iata":"WUX","icao":"ZSWX","name":"Wuxi","tier":1}},{"type":"Feature","geometry":{"type":"Point","coordinates":[14.6471,-22.9793]},"properties":{"iata":"WVB","icao":"FYWB","name":"Walvis Bay(Rooikop)","tier":1}},{"type":"Feature","geometry":{"type":"Point","coordinates":[59.2813,32.8965]},"properties":{"iata":"XBJ","icao":"OIMB","name":"Birjand","tier":1}},{"type":"Feature","geometry":{"type":"Point","coordinates":[108.7624,34.4422]},"properties":{"iata":"XIY","icao":"ZLXY","name":"Xi'an","tier":1}},{"type":"Feature","geometry":{"type":"Point","coordinates":[118.1275,24.5439]},"properties":{"iata":"XMN","icao":"ZSAM","name":"Xiamen","tier":1}},{"type":"Feature","geometry":{"type":"Point","coordinates":[102.0402,36.5277]},"properties":{"iata":"XNN","icao":"ZLXN","name":"Haidong (Huzhu Tu Autonomous County)","tier":1}},{"type":"Feature","geometry":{"type":"Point","coordinates":[-87.6212,14.3824]},"properties":{"iata":"XPL","icao":"MHPR","name":"Palmerola","tier":1}},{"type":"Feature","geometry":{"type":"Point","coordinates":[138.083,9.4989]},"properties":{"iata":"YAP","icao":"PTYA","name":"Yap Island","tier":1}},{"type":"Feature","geometry":{"type":"Point","coordinates":[111.034,35.1178]},"properties":{"iata":"YCU","icao":"ZBYC","name":"Yuncheng (Yanhu)","tier":1}},{"type":"Feature","geometry":{"type":"Point","coordinates":[-113.58,53.3097]},"properties":{"iata":"YEG","icao":"CYEG","name":"Edmonton","tier":1}},{"type":"Feature","geometry":{"type":"Point","coordinates":[-63.5086,44.8808]},"properties":{"iata":"YHZ","icao":"CYHZ","name":"Halifax","tier":1}},{"type":"Feature","geometry":{"type":"Point","coordinates":[110.0573,-7.9053]},"properties":{"iata":"YIA","icao":"WAHI","name":"Yogyakarta","tier":1}},{"type":"Feature","geometry":{"type":"Point","coordinates":[120.0312,29.3421]},"properties":{"iata":"YIW","icao":"ZSYW","name":"Yiwu/Jinhua","tier":1}},{"type":"Feature","geometry":{"type":"Point","coordinates":[129.771,62.0933]},"properties":{"iata":"YKS","icao":"UEEE","name":"Yakutsk","tier":1}},{"type":"Feature","geometry":{"type":"Point","coordinates":[-119.378,49.9561]},"properties":{"iata":"YLW","icao":"CYLW","name":"Kelowna","tier":1}},{"type":"Feature","geometry":{"type":"Point","coordinates":[38.0634,24.1442]},"properties":{"iata":"YNB","icao":"OEYN","name":"Yanbu","tier":1}},{"type":"Feature","geometry":{"type":"Point","coordinates":[120.9781,37.6597]},"properties":{"iata":"YNT","icao":"ZSYT","name":"Yantai","tier":1}},{"type":"Feature","geometry":{"type":"Point","coordinates":[128.6698,38.0605]},"properties":{"iata":"YNY","icao":"RKNY","name":"Gonghang-ro","tier":1}},{"type":"Feature","geometry":{"type":"Point","coordinates":[120.2054,33.4283]},"properties":{"iata":"YNZ","icao":"ZSYN","name":"Yancheng (Tinghu)","tier":1}},{"type":"Feature","geometry":{"type":"Point","coordinates":[-75.6692,45.3225]},"properties":{"iata":"YOW","icao":"CYOW","name":"Ottawa","tier":1}},{"type":"Feature","geometry":{"type":"Point","coordinates":[-71.3933,46.7911]},"properties":{"iata":"YQB","icao":"CYQB","name":"Quebec","tier":1}},{"type":"Feature","geometry":{"type":"Point","coordinates":[-73.7423,45.4678]},"properties":{"iata":"YUL","icao":"CYUL","name":"Montréal","tier":1}},{"type":"Feature","geometry":{"type":"Point","coordinates":[-123.184,49.1939]},"properties":{"iata":"YVR","icao":"CYVR","name":"Vancouver","tier":1}},{"type":"Feature","geometry":{"type":"Point","coordinates":[-97.2399,49.91]},"properties":{"iata":"YWG","icao":"CYWG","name":"Winnipeg","tier":1}},{"type":"Feature","geometry":{"type":"Point","coordinates":[-106.7008,52.1707]},"properties":{"iata":"YXE","icao":"CYXE","name":"Saskatoon","tier":1}},{"type":"Feature","geometry":{"type":"Point","coordinates":[-114.0099,51.1188]},"properties":{"iata":"YYC","icao":"CYYC","name":"Calgary","tier":1}},{"type":"Feature","geometry":{"type":"Point","coordinates":[-123.4278,48.6472]},"properties":{"iata":"YYJ","icao":"CYYJ","name":"Victoria","tier":1}},{"type":"Feature","geometry":{"type":"Point","coordinates":[-52.7519,47.6186]},"properties":{"iata":"YYT","icao":"CYYT","name":"St. John's","tier":1}},{"type":"Feature","geometry":{"type":"Point","coordinates":[-79.6294,43.6759]},"properties":{"iata":"YYZ","icao":"CYYZ","name":"Toronto","tier":1}},{"type":"Feature","geometry":{"type":"Point","coordinates":[15.3536,44.097]},"properties":{"iata":"ZAD","icao":"LDZD","name":"Zadar","tier":1}},{"type":"Feature","geometry":{"type":"Point","coordinates":[16.0688,45.7429]},"properties":{"iata":"ZAG","icao":"LDZA","name":"Velika Gorica","tier":1}},{"type":"Feature","geometry":{"type":"Point","coordinates":[60.9062,29.4757]},"properties":{"iata":"ZAH","icao":"OIZH","name":"Zahedan","tier":1}},{"type":"Feature","geometry":{"type":"Point","coordinates":[122.06,6.9224]},"properties":{"iata":"ZAM","icao":"RPMZ","name":"Zamboanga","tier":1}},{"type":"Feature","geometry":{"type":"Point","coordinates":[-1.0415,41.6662]},"properties":{"iata":"ZAZ","icao":"LEZG","name":"Zaragoza","tier":1}},{"type":"Feature","geometry":{"type":"Point","coordinates":[-72.6515,-38.9259]},"properties":{"iata":"ZCO","icao":"SCQP","name":"Temuco","tier":1}},{"type":"Feature","geometry":{"type":"Point","coordinates":[110.5903,21.4817]},"properties":{"iata":"ZHA","icao":"ZGZJ","name":"Zhanjiang","tier":1}},{"type":"Feature","geometry":{"type":"Point","coordinates":[38.15,55.5533]},"properties":{"iata":"ZIA","icao":"UUBW","name":"Moscow","tier":1}},{"type":"Feature","geometry":{"type":"Point","coordinates":[-101.4606,17.6018]},"properties":{"iata":"ZIH","icao":"MMZH","name":"Ixtapa","tier":1}},{"type":"Feature","geometry":{"type":"Point","coordinates":[39.2249,-6.222]},"properties":{"iata":"ZNZ","icao":"HTZA","name":"Zanzibar","tier":1}},{"type":"Feature","geometry":{"type":"Point","coordinates":[168.7464,-45.0192]},"properties":{"iata":"ZQN","icao":"NZQN","name":"Queenstown","tier":1}},{"type":"Feature","geometry":{"type":"Point","coordinates":[8.5481,47.4581]},"properties":{"iata":"ZRH","icao":"LSZH","name":"Zurich","tier":1}},{"type":"Feature","geometry":{"type":"Point","coordinates":[-74.5232,24.063]},"properties":{"iata":"ZSA","icao":"MYSM","name":"San Salvador","tier":1}},{"type":"Feature","geometry":{"type":"Point","coordinates":[55.4225,-21.3194]},"properties":{"iata":"ZSE","icao":"FMEP","name":"Saint-Pierre","tier":1}},{"type":"Feature","geometry":{"type":"Point","coordinates":[113.376,22.0064]},"properties":{"iata":"ZUH","icao":"ZGSD","name":"Zhuhai (Jinwan)","tier":1}},{"type":"Feature","geometry":{"type":"Point","coordinates":[91.8647,24.964]},"properties":{"iata":"ZYL","icao":"VGSY","name":"Sylhet","tier":1}},{"type":"Feature","geometry":{"type":"Point","coordinates":[-145.51,-17.3526]},"properties":{"iata":"AAA","icao":"NTGA","name":"Anaa","tier":2}},{"type":"Feature","geometry":{"type":"Point","coordinates":[117.2501,-0.3745]},"properties":{"iata":"AAP","icao":"WALS","name":"Samarinda","tier":2}},{"type":"Feature","geometry":{"type":"Point","coordinates":[37.3473,45.0021]},"properties":{"iata":"AAQ","icao":"URKA","name":"Krasnyi Kurgan","tier":2}},{"type":"Feature","geometry":{"type":"Point","coordinates":[88.0858,47.7499]},"properties":{"iata":"AAT","icao":"ZWAT","name":"Altay","tier":2}},{"type":"Feature","geometry":{"type":"Point","coordinates":[-46.9604,-19.5632]},"properties":{"iata":"AAX","icao":"SBAX","name":"Araxá","tier":2}},{"type":"Feature","geometry":{"type":"Point","coordinates":[52.1742,16.1933]},"properties":{"iata":"AAY","icao":"OYGD","name":"Al Ghaydah","tier":2}},{"type":"Feature","geometry":{"type":"Point","coordinates":[-75.4428,40.6518]},"properties":{"iata":"ABE","icao":"KABE","name":"Allentown/Bethlehem","tier":2}},{"type":"Feature","geometry":{"type":"Point","coordinates":[-99.6819,32.4113]},"properties":{"iata":"ABI","icao":"KABI","name":"Abilene","tier":2}},{"type":"Feature","geometry":{"type":"Point","coordinates":[44.2413,6.7326]},"properties":{"iata":"ABK","icao":"HAKD","name":"Kebri Dahar","tier":2}},{"type":"Feature","geometry":{"type":"Point","coordinates":[-157.8553,67.1055]},"properties":{"iata":"ABL","icao":"PAFM","name":"Ambler","tier":2}},{"type":"Feature","geometry":{"type":"Point","coordinates":[-98.4218,45.4491]},"properties":{"iata":"ABR","icao":"KABR","name":"Aberdeen","tier":2}},{"type":"Feature","geometry":{"type":"Point","coordinates":[31.6117,22.3759]},"properties":{"iata":"ABS","icao":"HEBL","name":"Abu Simbel","tier":2}},{"type":"Feature","geometry":{"type":"Point","coordinates":[41.6362,20.2985]},"properties":{"iata":"ABT","icao":"OEBA","name":"Al-Baha","tier":2}},{"type":"Feature","geometry":{"type":"Point","coordinates":[146.9591,-36.0668]},"properties":{"iata":"ABX","icao":"YMAY","name":"East Albury","tier":2}},{"type":"Feature","geometry":{"type":"Point","coordinates":[-84.1962,31.5329]},"properties":{"iata":"ABY","icao":"KABY","name":"Albany","tier":2}},{"type":"Feature","geometry":{"type":"Point","coordinates":[9.5608,47.485]},"properties":{"iata":"ACH","icao":"LSZR","name":"St. Gallen","tier":2}},{"type":"Feature","geometry":{"type":"Point","coordinates":[-2.2147,49.7061]},"properties":{"iata":"ACI","icao":"EGJA","name":"Saint Anne","tier":2}},{"type":"Feature","geometry":{"type":"Point","coordinates":[-70.0602,41.2531]},"properties":{"iata":"ACK","icao":"KACK","name":"Nantucket","tier":2}},{"type":"Feature","geometry":{"type":"Point","coordinates":[-97.2305,31.6113]},"properties":{"iata":"ACT","icao":"KACT","name":"Waco","tier":2}},{"type":"Feature","geometry":{"type":"Point","coordinates":[-124.109,40.9781]},"properties":{"iata":"ACV","icao":"KACV","name":"Arcata/Eureka","tier":2}},{"type":"Feature","geometry":{"type":"Point","coordinates":[104.9608,25.0834]},"properties":{"iata":"ACX","icao":"ZUYI","name":"Xingyi","tier":2}},{"type":"Feature","geometry":{"type":"Point","coordinates":[-74.5775,39.4562]},"properties":{"iata":"ACY","icao":"KACY","name":"Atlantic City","tier":2}},{"type":"Feature","geometry":{"type":"Point","coordinates":[38.4689,37.7314]},"properties":{"iata":"ADF","icao":"LTCP","name":"Adıyaman","tier":2}},{"type":"Feature","geometry":{"type":"Point","coordinates":[-176.6428,51.8836]},"properties":{"iata":"ADK","icao":"PADK","name":"Adak","tier":2}},{"type":"Feature","geometry":{"type":"Point","coordinates":[-152.494,57.75]},"properties":{"iata":"ADQ","icao":"PADQ","name":"Kodiak","tier":2}},{"type":"Feature","geometry":{"type":"Point","coordinates":[48.4244,38.3257]},"properties":{"iata":"ADU","icao":"OITL","name":"Ardabil","tier":2}},{"type":"Feature","geometry":{"type":"Point","coordinates":[106.96,23.7206]},"properties":{"iata":"AEB","icao":"ZGBS","name":"Baise (Tianyang)","tier":2}},{"type":"Feature","geometry":{"type":"Point","coordinates":[20.8443,13.847]},"properties":{"iata":"AEH","icao":"FTTC","name":"Abeche","tier":2}},{"type":"Feature","geometry":{"type":"Point","coordinates":[55.033,25.8757]},"properties":{"iata":"AEU","icao":"OIBA","name":"Abu Musa","tier":2}},{"type":"Feature","geometry":{"type":"Point","coordinates":[-92.5467,31.3258]},"properties":{"iata":"AEX","icao":"KAEX","name":"Alexandria","tier":2}},{"type":"Feature","geometry":{"type":"Point","coordinates":[-68.4039,-34.5883]},"properties":{"iata":"AFA","icao":"SAMR","name":"San Rafael","tier":2}},{"type":"Feature","geometry":{"type":"Point","coordinates":[-56.1063,-9.8664]},"properties":{"iata":"AFL","icao":"SBAT","name":"Alta Floresta","tier":2}},{"type":"Feature","geometry":{"type":"Point","coordinates":[57.5952,36.1681]},"properties":{"iata":"AFZ","icao":"OIMS","name":"Sabzevar","tier":2}},{"type":"Feature","geometry":{"type":"Point","coordinates":[12.8471,56.2961]},"properties":{"iata":"AGH","icao":"ESTA","name":"Ängelholm","tier":2}},{"type":"Feature","geometry":{"type":"Point","coordinates":[77.961,27.158]},"properties":{"iata":"AGR","icao":"VIAG","name":"Agra","tier":2}},{"type":"Feature","geometry":{"type":"Point","coordinates":[-81.9645,33.3699]},"properties":{"iata":"AGS","icao":"KAGS","name":"Augusta","tier":2}},{"type":"Feature","geometry":{"type":"Point","coordinates":[72.176,10.8237]},"properties":{"iata":"AGX","icao":"VOAT","name":"Agatti","tier":2}},{"type":"Feature","geometry":{"type":"Point","coordinates":[83.1961,22.9875]},"properties":{"iata":"AHA","icao":"VEAP","name":"Ambikapur","tier":2}},{"type":"Feature","geometry":{"type":"Point","coordinates":[-146.257,-14.4281]},"properties":{"iata":"AHE","icao":"NTHE","name":"Ahe Atoll","tier":2}},{"type":"Feature","geometry":{"type":"Point","coordinates":[8.2908,40.6321]},"properties":{"iata":"AHO","icao":"LIEA","name":"Alghero","tier":2}},{"type":"Feature","geometry":{"type":"Point","coordinates":[-102.804,42.0525]},"properties":{"iata":"AIA","icao":"KAIA","name":"Alliance","tier":2}},{"type":"Feature","geometry":{"type":"Point","coordinates":[-159.995,70.638]},"properties":{"iata":"AIN","icao":"PAWI","name":"Wainwright","tier":2}},{"type":"Feature","geometry":{"type":"Point","coordinates":[8.8029,41.9236]},"properties":{"iata":"AJA","icao":"LFKJ","name":"Ajaccio","tier":2}},{"type":"Feature","geometry":{"type":"Point","coordinates":[43.0257,39.6556]},"properties":{"iata":"AJI","icao":"LTCO","name":"Ağrı","tier":2}},{"type":"Feature","geometry":{"type":"Point","coordinates":[92.6197,23.8406]},"properties":{"iata":"AJL","icao":"VELP","name":"Aizawl (Lengpui)","tier":2}},{"type":"Feature","geometry":{"type":"Point","coordinates":[44.43,-12.131]},"properties":{"iata":"AJN","icao":"FMCV","name":"Ouani","tier":2}},{"type":"Feature","geometry":{"type":"Point","coordinates":[19.2819,65.5903]},"properties":{"iata":"AJR","icao":"ESNX","name":"Arvidsjaur","tier":2}},{"type":"Feature","geometry":{"type":"Point","coordinates":[-37.0729,-10.9839]},"properties":{"iata":"AJU","icao":"SBAR","name":"Aracaju","tier":2}},{"type":"Feature","geometry":{"type":"Point","coordinates":[23.314,24.1787]},"properties":{"iata":"AKF","icao":"HLKF","name":"Kufra","tier":2}},{"type":"Feature","geometry":{"type":"Point","coordinates":[142.447,43.6708]},"properties":{"iata":"AKJ","icao":"RJEC","name":"Higashikagura","tier":2}},{"type":"Feature","geometry":{"type":"Point","coordinates":[-156.652,58.6778]},"properties":{"iata":"AKN","icao":"PAKN","name":"King Salmon","tier":2}},{"type":"Feature","geometry":{"type":"Point","coordinates":[-151.743,68.1336]},"properties":{"iata":"AKP","icao":"PAKP","name":"Anaktuvuk Pass","tier":2}},{"type":"Feature","geometry":{"type":"Point","coordinates":[5.301,7.2467]},"properties":{"iata":"AKR","icao":"DNAK","name":"Akure","tier":2}},{"type":"Feature","geometry":{"type":"Point","coordinates":[80.2917,41.2625]},"properties":{"iata":"AKU","icao":"ZWAK","name":"Aksu (Onsu)","tier":2}},{"type":"Feature","geometry":{"type":"Point","coordinates":[92.8707,20.1332]},"properties":{"iata":"AKY","icao":"VYSW","name":"Sittwe","tier":2}},{"type":"Feature","geometry":{"type":"Point","coordinates":[23.3717,69.9761]},"properties":{"iata":"ALF","icao":"ENAT","name":"Alta","tier":2}},{"type":"Feature","geometry":{"type":"Point","coordinates":[117.8089,-34.9433]},"properties":{"iata":"ALH","icao":"YABA","name":"Albany","tier":2}},{"type":"Feature","geometry":{"type":"Point","coordinates":[-92.4003,42.5571]},"properties":{"iata":"ALO","icao":"KALO","name":"Waterloo","tier":2}},{"type":"Feature","geometry":{"type":"Point","coordinates":[-105.867,37.4349]},"properties":{"iata":"ALS","icao":"KALS","name":"Alamosa","tier":2}},{"type":"Feature","geometry":{"type":"Point","coordinates":[-118.288,46.0949]},"properties":{"iata":"ALW","icao":"KALW","name":"Walla Walla","tier":2}},{"type":"Feature","geometry":{"type":"Point","coordinates":[-101.7064,35.2179]},"properties":{"iata":"AMA","icao":"KAMA","name":"Amarillo","tier":2}},{"type":"Feature","geometry":{"type":"Point","coordinates":[37.5905,6.0394]},"properties":{"iata":"AMH","icao":"HAAM","name":"Arba Minch","tier":2}},{"type":"Feature","geometry":{"type":"Point","coordinates":[61.5564,69.7633]},"properties":{"iata":"AMV","icao":"ULDD","name":"Amderma","tier":2}},{"type":"Feature","geometry":{"type":"Point","coordinates":[-159.543,61.5816]},"properties":{"iata":"ANI","icao":"PANI","name":"Aniak","tier":2}},{"type":"Feature","geometry":{"type":"Point","coordinates":[4.4632,51.1907]},"properties":{"iata":"ANR","icao":"EBAW","name":"Antwerp","tier":2}},{"type":"Feature","geometry":{"type":"Point","coordinates":[-160.191,62.6467]},"properties":{"iata":"ANV","icao":"PANV","name":"Anvik","tier":2}},{"type":"Feature","geometry":{"type":"Point","coordinates":[16.1394,69.2952]},"properties":{"iata":"ANX","icao":"ENAN","name":"Andenes","tier":2}},{"type":"Feature","geometry":{"type":"Point","coordinates":[122.854,41.1053]},"properties":{"iata":"AOG","icao":"ZYAS","name":"Anshan","tier":2}},{"type":"Feature","geometry":{"type":"Point","coordinates":[13.3623,43.6163]},"properties":{"iata":"AOI","icao":"LIPY","name":"Falconara Marittima (AN)","tier":2}},{"type":"Feature","geometry":{"type":"Point","coordinates":[27.146,35.4214]},"properties":{"iata":"AOK","icao":"LGKP","name":"Karpathos Island","tier":2}},{"type":"Feature","geometry":{"type":"Point","coordinates":[-78.32,40.2964]},"properties":{"iata":"AOO","icao":"KAOO","name":"Altoona","tier":2}},{"type":"Feature","geometry":{"type":"Point","coordinates":[100.398,6.1897]},"properties":{"iata":"AOR","icao":"WMKA","name":"Alor Satar","tier":2}},{"type":"Feature","geometry":{"type":"Point","coordinates":[-83.5603,45.0781]},"properties":{"iata":"APN","icao":"KAPN","name":"Alpena","tier":2}},{"type":"Feature","geometry":{"type":"Point","coordinates":[-76.7164,7.812]},"properties":{"iata":"APO","icao":"SKLC","name":"Carepa","tier":2}},{"type":"Feature","geometry":{"type":"Point","coordinates":[-48.133,-21.812]},"properties":{"iata":"AQA","icao":"SBAQ","name":"Araraquara","tier":2}},{"type":"Feature","geometry":{"type":"Point","coordinates":[117.05,30.5822]},"properties":{"iata":"AQG","icao":"ZSAQ","name":"Anqing","tier":2}},{"type":"Feature","geometry":{"type":"Point","coordinates":[-145.579,68.1147]},"properties":{"iata":"ARC","icao":"PARC","name":"Arctic Village","tier":2}},{"type":"Feature","geometry":{"type":"Point","coordinates":[40.7167,64.6003]},"properties":{"iata":"ARH","icao":"ULAA","name":"Archangelsk","tier":2}},{"type":"Feature","geometry":{"type":"Point","coordinates":[-70.3387,-18.3485]},"properties":{"iata":"ARI","icao":"SCAR","name":"Arica","tier":2}},{"type":"Feature","geometry":{"type":"Point","coordinates":[36.6333,-3.3678]},"properties":{"iata":"ARK","icao":"HTAR","name":"Arusha","tier":2}},{"type":"Feature","geometry":{"type":"Point","coordinates":[151.617,-30.5281]},"properties":{"iata":"ARM","icao":"YARM","name":"Armidale","tier":2}},{"type":"Feature","geometry":{"type":"Point","coordinates":[-76.0217,43.9919]},"properties":{"iata":"ART","icao":"KART","name":"Watertown","tier":2}},{"type":"Feature","geometry":{"type":"Point","coordinates":[-50.4246,-21.1415]},"properties":{"iata":"ARU","icao":"SBAU","name":"Araçatuba","tier":2}},{"type":"Feature","geometry":{"type":"Point","coordinates":[21.2643,46.1761]},"properties":{"iata":"ARW","icao":"LRAR","name":"Arad","tier":2}},{"type":"Feature","geometry":{"type":"Point","coordinates":[-77.7956,24.6979]},"properties":{"iata":"ASD","icao":"MYAF","name":"Andros Town","tier":2}},{"type":"Feature","geometry":{"type":"Point","coordinates":[-106.869,39.2232]},"properties":{"iata":"ASE","icao":"KASE","name":"Aspen","tier":2}},{"type":"Feature","geometry":{"type":"Point","coordinates":[-14.3927,-7.9702]},"properties":{"iata":"ASI","icao":"FHAW","name":"Cat Hill","tier":2}},{"type":"Feature","geometry":{"type":"Point","coordinates":[129.713,28.4306]},"properties":{"iata":"ASJ","icao":"RJKA","name":"Amami","tier":2}},{"type":"Feature","geometry":{"type":"Point","coordinates":[38.9107,15.2919]},"properties":{"iata":"ASM","icao":"HHAS","name":"Asmara","tier":2}},{"type":"Feature","geometry":{"type":"Point","coordinates":[34.5863,10.0185]},"properties":{"iata":"ASO","icao":"HASO","name":"Asosa","tier":2}},{"type":"Feature","geometry":{"type":"Point","coordinates":[133.9034,-23.8066]},"properties":{"iata":"ASP","icao":"YBAS","name":"Alice Springs","tier":2}},{"type":"Feature","geometry":{"type":"Point","coordinates":[37.2529,-2.6448]},"properties":{"iata":"ASV","icao":"HKAM","name":"Ol Tukai","tier":2}},{"type":"Feature","geometry":{"type":"Point","coordinates":[-75.6738,24.6294]},"properties":{"iata":"ATC","icao":"MYCA","name":"Arthur's Town","tier":2}},{"type":"Feature","geometry":{"type":"Point","coordinates":[-157.436,70.467]},"properties":{"iata":"ATK","icao":"PATQ","name":"Atqasuk","tier":2}},{"type":"Feature","geometry":{"type":"Point","coordinates":[-52.2539,-3.2531]},"properties":{"iata":"ATM","icao":"SBHT","name":"Altamira","tier":2}},{"type":"Feature","geometry":{"type":"Point","coordinates":[-88.519,44.2585]},"properties":{"iata":"ATW","icao":"KATW","name":"Appleton","tier":2}},{"type":"Feature","geometry":{"type":"Point","coordinates":[-97.1547,44.914]},"properties":{"iata":"ATY","icao":"KATY","name":"Watertown","tier":2}},{"type":"Feature","geometry":{"type":"Point","coordinates":[-70.7369,7.0689]},"properties":{"iata":"AUC","icao":"SKUC","name":"Arauca","tier":2}},{"type":"Feature","geometry":{"type":"Point","coordinates":[-69.7973,44.3206]},"properties":{"iata":"AUG","icao":"KAUG","name":"Augusta","tier":2}},{"type":"Feature","geometry":{"type":"Point","coordinates":[-139.011,-9.7688]},"properties":{"iata":"AUQ","icao":"NTMN","name":"Hiva Oa Island","tier":2}},{"type":"Feature","geometry":{"type":"Point","coordinates":[2.4219,44.8914]},"properties":{"iata":"AUR","icao":"LFLW","name":"Aurillac","tier":2}},{"type":"Feature","geometry":{"type":"Point","coordinates":[-48.2405,-7.2279]},"properties":{"iata":"AUX","icao":"SWGN","name":"Araguaína","tier":2}},{"type":"Feature","geometry":{"type":"Point","coordinates":[105.8733,26.2606]},"properties":{"iata":"AVA","icao":"ZUAS","name":"Anshun (Xixiu)","tier":2}},{"type":"Feature","geometry":{"type":"Point","coordinates":[102.802,46.2503]},"properties":{"iata":"AVK","icao":"ZMAH","name":"Arvaikheer","tier":2}},{"type":"Feature","geometry":{"type":"Point","coordinates":[-82.5419,35.4355]},"properties":{"iata":"AVL","icao":"KAVL","name":"Asheville","tier":2}},{"type":"Feature","geometry":{"type":"Point","coordinates":[4.9018,43.9073]},"properties":{"iata":"AVN","icao":"LFMV","name":"Avignon","tier":2}},{"type":"Feature","geometry":{"type":"Point","coordinates":[-75.7242,41.3371]},"properties":{"iata":"AVP","icao":"KAVP","name":"Wilkes-Barre/Scranton","tier":2}},{"type":"Feature","geometry":{"type":"Point","coordinates":[166.6366,19.2824]},"properties":{"iata":"AWK","icao":"PWAK","name":"Wake Island","tier":2}},{"type":"Feature","geometry":{"type":"Point","coordinates":[-63.0538,18.2048]},"properties":{"iata":"AXA","icao":"TQPF","name":"The Valley","tier":2}},{"type":"Feature","geometry":{"type":"Point","coordinates":[25.9563,40.8559]},"properties":{"iata":"AXD","icao":"LGAL","name":"Alexandroupolis","tier":2}},{"type":"Feature","geometry":{"type":"Point","coordinates":[105.5842,38.7483]},"properties":{"iata":"AXF","icao":"ZBAL","name":"Bayanhot","tier":2}},{"type":"Feature","geometry":{"type":"Point","coordinates":[130.159,32.4825]},"properties":{"iata":"AXJ","icao":"RJDA","name":"Amakusa","tier":2}},{"type":"Feature","geometry":{"type":"Point","coordinates":[-75.7664,4.4528]},"properties":{"iata":"AXM","icao":"SKAR","name":"Armenia","tier":2}},{"type":"Feature","geometry":{"type":"Point","coordinates":[-73.9709,22.4418]},"properties":{"iata":"AXP","icao":"MYAP","name":"Spring Point","tier":2}},{"type":"Feature","geometry":{"type":"Point","coordinates":[-146.617,-15.2483]},"properties":{"iata":"AXR","icao":"NTGU","name":"Arutua Airport","tier":2}},{"type":"Feature","geometry":{"type":"Point","coordinates":[140.219,39.6156]},"properties":{"iata":"AXT","icao":"RJSK","name":"Akita","tier":2}},{"type":"Feature","geometry":{"type":"Point","coordinates":[38.7728,14.1468]},"properties":{"iata":"AXU","icao":"HAAX","name":"Axum","tier":2}},{"type":"Feature","geometry":{"type":"Point","coordinates":[82.1637,26.7477]},"properties":{"iata":"AYJ","icao":"VEAY","name":"Faizabad","tier":2}},{"type":"Feature","geometry":{"type":"Point","coordinates":[-74.2044,-13.1548]},"properties":{"iata":"AYP","icao":"SPHO","name":"Ayacucho","tier":2}},{"type":"Feature","geometry":{"type":"Point","coordinates":[130.977,-25.1859]},"properties":{"iata":"AYQ","icao":"YAYE","name":"Yulara","tier":2}},{"type":"Feature","geometry":{"type":"Point","coordinates":[-111.655,33.3078]},"properties":{"iata":"AZA","icao":"KIWA","name":"Mesa","tier":2}},{"type":"Feature","geometry":{"type":"Point","coordinates":[54.2765,31.9049]},"properties":{"iata":"AZD","icao":"OIYY","name":"Yazd","tier":2}},{"type":"Feature","geometry":{"type":"Point","coordinates":[72.294,40.7277]},"properties":{"iata":"AZN","icao":"UZFA","name":"Andijan","tier":2}},{"type":"Feature","geometry":{"type":"Point","coordinates":[-85.5496,42.2321]},"properties":{"iata":"AZO","icao":"KAZO","name":"Kalamazoo","tier":2}},{"type":"Feature","geometry":{"type":"Point","coordinates":[-0.1864,27.8376]},"properties":{"iata":"AZR","icao":"DAUA","name":"Adrar","tier":2}},{"type":"Feature","geometry":{"type":"Point","coordinates":[-69.7374,19.2693]},"properties":{"iata":"AZS","icao":"MDCY","name":"Samana","tier":2}},{"type":"Feature","geometry":{"type":"Point","coordinates":[41.1166,37.929]},"properties":{"iata":"BAL","icao":"LTCJ","name":"Batman","tier":2}},{"type":"Feature","geometry":{"type":"Point","coordinates":[110.4528,19.141]},"properties":{"iata":"BAR","icao":"ZJQH","name":"Qionghai (Basuo)","tier":2}},{"type":"Feature","geometry":{"type":"Point","coordinates":[23.4644,47.6584]},"properties":{"iata":"BAY","icao":"LRBM","name":"Tăuții-Măgherăuș","tier":2}},{"type":"Feature","geometry":{"type":"Point","coordinates":[-71.6895,-45.916]},"properties":{"iata":"BBA","icao":"SCBA","name":"Balmaceda","tier":2}},{"type":"Feature","geometry":{"type":"Point","coordinates":[103.224,13.0956]},"properties":{"iata":"BBM","icao":"VDBG","name":"Battambang","tier":2}},{"type":"Feature","geometry":{"type":"Point","coordinates":[115.4785,3.7346]},"properties":{"iata":"BBN","icao":"WBGZ","name":"Bario","tier":2}},{"type":"Feature","geometry":{"type":"Point","coordinates":[44.9367,10.385]},"properties":{"iata":"BBO","icao":"HCMI","name":"Berbera","tier":2}},{"type":"Feature","geometry":{"type":"Point","coordinates":[-61.7983,17.6212]},"properties":{"iata":"BBQ","icao":"TAPB","name":"Codrington","tier":2}},{"type":"Feature","geometry":{"type":"Point","coordinates":[-74.5062,20.3653]},"properties":{"iata":"BCA","icao":"MUBA","name":"Baracoa","tier":2}},{"type":"Feature","geometry":{"type":"Point","coordinates":[126.4,-8.4865]},"properties":{"iata":"BCH","icao":"WPEC","name":"Baucau","tier":2}},{"type":"Feature","geometry":{"type":"Point","coordinates":[145.3021,-23.5663]},"properties":{"iata":"BCI","icao":"YBAR","name":"Barcaldine","tier":2}},{"type":"Feature","geometry":{"type":"Point","coordinates":[36.5602,5.7497]},"properties":{"iata":"BCO","icao":"HABC","name":"Jinka","tier":2}},{"type":"Feature","geometry":{"type":"Point","coordinates":[152.3226,-24.905]},"properties":{"iata":"BDB","icao":"YBUD","name":"Bundaberg","tier":2}},{"type":"Feature","geometry":{"type":"Point","coordinates":[54.8248,26.5323]},"properties":{"iata":"BDH","icao":"OIBL","name":"Bandar Lengeh","tier":2}},{"type":"Feature","geometry":{"type":"Point","coordinates":[107.576,-6.9006]},"properties":{"iata":"BDO","icao":"WICC","name":"Bandung","tier":2}},{"type":"Feature","geometry":{"type":"Point","coordinates":[20.9753,4.2527]},"properties":{"iata":"BDT","icao":"FZFD","name":"Gbadolite","tier":2}},{"type":"Feature","geometry":{"type":"Point","coordinates":[18.5404,69.0558]},"properties":{"iata":"BDU","icao":"ENDU","name":"Målselv","tier":2}},{"type":"Feature","geometry":{"type":"Point","coordinates":[-7.3628,57.4811]},"properties":{"iata":"BEB","icao":"EGPL","name":"Balivanich","tier":2}},{"type":"Feature","geometry":{"type":"Point","coordinates":[-71.289,42.47]},"properties":{"iata":"BED","icao":"KBED","name":"Bedford","tier":2}},{"type":"Feature","geometry":{"type":"Point","coordinates":[-83.7741,11.991]},"properties":{"iata":"BEF","icao":"MNBL","name":"Bluefields","tier":2}},{"type":"Feature","geometry":{"type":"Point","coordinates":[117.4307,2.1478]},"properties":{"iata":"BEJ","icao":"WAQT","name":"Tanjung Redeb - Borneo Island","tier":2}},{"type":"Feature","geometry":{"type":"Point","coordinates":[79.4508,28.4221]},"properties":{"iata":"BEK","icao":"VIBY","name":"Bareilly","tier":2}},{"type":"Feature","geometry":{"type":"Point","coordinates":[-161.838,60.7798]},"properties":{"iata":"BET","icao":"PABE","name":"Bethel","tier":2}},{"type":"Feature","geometry":{"type":"Point","coordinates":[139.46,-24.3461]},"properties":{"iata":"BEU","icao":"YBIE","name":"Bedourie","tier":2}},{"type":"Feature","geometry":{"type":"Point","coordinates":[-78.6401,41.8031]},"properties":{"iata":"BFD","icao":"KBFD","name":"Bradford","tier":2}},{"type":"Feature","geometry":{"type":"Point","coordinates":[-103.596,41.874]},"properties":{"iata":"BFF","icao":"KBFF","name":"Scottsbluff","tier":2}},{"type":"Feature","geometry":{"type":"Point","coordinates":[-122.2999,47.527]},"properties":{"iata":"BFI","icao":"KBFI","name":"Seattle","tier":2}},{"type":"Feature","geometry":{"type":"Point","coordinates":[105.4721,27.2671]},"properties":{"iata":"BFJ","icao":"ZUBJ","name":"Bijie","tier":2}},{"type":"Feature","geometry":{"type":"Point","coordinates":[-119.057,35.4336]},"properties":{"iata":"BFL","icao":"KBFL","name":"Bakersfield","tier":2}},{"type":"Feature","geometry":{"type":"Point","coordinates":[103.253,15.2295]},"properties":{"iata":"BFV","icao":"VTUO","name":"Buriram","tier":2}},{"type":"Feature","geometry":{"type":"Point","coordinates":[117.0583,33.1663]},"properties":{"iata":"BFY","icao":"ZSBA","name":"Bengbu","tier":2}},{"type":"Feature","geometry":{"type":"Point","coordinates":[-73.1848,7.1265]},"properties":{"iata":"BGA","icao":"SKBG","name":"Bucaramanga","tier":2}},{"type":"Feature","geometry":{"type":"Point","coordinates":[-6.7071,41.8578]},"properties":{"iata":"BGC","icao":"LPBG","name":"Bragança","tier":2}},{"type":"Feature","geometry":{"type":"Point","coordinates":[-75.9798,42.2087]},"properties":{"iata":"BGM","icao":"KBGM","name":"Binghamton","tier":2}},{"type":"Feature","geometry":{"type":"Point","coordinates":[-68.8267,44.8064]},"properties":{"iata":"BGR","icao":"KBGR","name":"Bangor","tier":2}},{"type":"Feature","geometry":{"type":"Point","coordinates":[-68.3615,44.45]},"properties":{"iata":"BHB","icao":"KBHB","name":"Bar Harbor","tier":2}},{"type":"Feature","geometry":{"type":"Point","coordinates":[-5.8725,54.6181]},"properties":{"iata":"BHD","icao":"EGAC","name":"Belfast","tier":2}},{"type":"Feature","geometry":{"type":"Point","coordinates":[173.87,-41.5183]},"properties":{"iata":"BHE","icao":"NZWB","name":"Blenheim","tier":2}},{"type":"Feature","geometry":{"type":"Point","coordinates":[42.6209,19.9844]},"properties":{"iata":"BHH","icao":"OEBH","name":"Bisha","tier":2}},{"type":"Feature","geometry":{"type":"Point","coordinates":[-62.1693,-38.725]},"properties":{"iata":"BHI","icao":"SAZB","name":"Bahía Blanca","tier":2}},{"type":"Feature","geometry":{"type":"Point","coordinates":[69.6702,23.2878]},"properties":{"iata":"BHJ","icao":"VABJ","name":"Bhuj","tier":2}},{"type":"Feature","geometry":{"type":"Point","coordinates":[141.472,-32.0014]},"properties":{"iata":"BHQ","icao":"YBHI","name":"Broken Hill","tier":2}},{"type":"Feature","geometry":{"type":"Point","coordinates":[149.6512,-33.4068]},"properties":{"iata":"BHS","icao":"YBTH","name":"Bathurst","tier":2}},{"type":"Feature","geometry":{"type":"Point","coordinates":[72.1852,21.7522]},"properties":{"iata":"BHU","icao":"VABV","name":"Bhavnagar","tier":2}},{"type":"Feature","geometry":{"type":"Point","coordinates":[71.718,29.3481]},"properties":{"iata":"BHV","icao":"OPBW","name":"Bahawalpur","tier":2}},{"type":"Feature","geometry":{"type":"Point","coordinates":[109.2937,21.5387]},"properties":{"iata":"BHY","icao":"ZGBH","name":"Beihai","tier":2}},{"type":"Feature","geometry":{"type":"Point","coordinates":[-118.364,37.3731]},"properties":{"iata":"BIH","icao":"KBIH","name":"Bishop","tier":2}},{"type":"Feature","geometry":{"type":"Point","coordinates":[136.108,-1.19]},"properties":{"iata":"BIK","icao":"WABB","name":"Biak","tier":2}},{"type":"Feature","geometry":{"type":"Point","coordinates":[-108.5412,45.8089]},"properties":{"iata":"BIL","icao":"KBIL","name":"Billings","tier":2}},{"type":"Feature","geometry":{"type":"Point","coordinates":[-79.2647,25.6999]},"properties":{"iata":"BIM","icao":"MYBS","name":"South Bimini","tier":2}},{"type":"Feature","geometry":{"type":"Point","coordinates":[-1.5232,43.4684]},"properties":{"iata":"BIQ","icao":"LFBZ","name":"Biarritz","tier":2}},{"type":"Feature","geometry":{"type":"Point","coordinates":[87.264,26.4815]},"properties":{"iata":"BIR","icao":"VNVT","name":"Biratnagar","tier":2}},{"type":"Feature","geometry":{"type":"Point","coordinates":[-100.7469,46.7727]},"properties":{"iata":"BIS","icao":"KBIS","name":"Bismarck","tier":2}},{"type":"Feature","geometry":{"type":"Point","coordinates":[57.3082,37.493]},"properties":{"iata":"BJB","icao":"OIMN","name":"Bojnord","tier":2}},{"type":"Feature","geometry":{"type":"Point","coordinates":[-105.117,39.9088]},"properties":{"iata":"BJC","icao":"KBJC","name":"Denver","tier":2}},{"type":"Feature","geometry":{"type":"Point","coordinates":[29.6926,70.6003]},"properties":{"iata":"BJF","icao":"ENBS","name":"Båtsfjord","tier":2}},{"type":"Feature","geometry":{"type":"Point","coordinates":[37.3216,11.6081]},"properties":{"iata":"BJR","icao":"HABD","name":"Bahir Dar","tier":2}},{"type":"Feature","geometry":{"type":"Point","coordinates":[-6.8213,38.8913]},"properties":{"iata":"BJZ","icao":"LEBZ","name":"Badajoz","tier":2}},{"type":"Feature","geometry":{"type":"Point","coordinates":[-93.2005,36.5321]},"properties":{"iata":"BKG","icao":"KBBG","name":"Branson","tier":2}},{"type":"Feature","geometry":{"type":"Point","coordinates":[54.206,39.6811]},"properties":{"iata":"BKN","icao":"UTAN","name":"Balkanabat","tier":2}},{"type":"Feature","geometry":{"type":"Point","coordinates":[145.4297,-24.4317]},"properties":{"iata":"BKQ","icao":"YBCK","name":"Blackall","tier":2}},{"type":"Feature","geometry":{"type":"Point","coordinates":[102.339,-3.8637]},"properties":{"iata":"BKS","icao":"WIGG","name":"Bengkulu","tier":2}},{"type":"Feature","geometry":{"type":"Point","coordinates":[-81.1242,37.7873]},"properties":{"iata":"BKW","icao":"KBKW","name":"Beaver","tier":2}},{"type":"Feature","geometry":{"type":"Point","coordinates":[-114.8588,35.9472]},"properties":{"iata":"BLD","icao":"KBVU","name":"Boulder City","tier":2}},{"type":"Feature","geometry":{"type":"Point","coordinates":[15.5152,60.422]},"properties":{"iata":"BLE","icao":"ESSD","name":"Borlange","tier":2}},{"type":"Feature","geometry":{"type":"Point","coordinates":[-122.538,48.7928]},"properties":{"iata":"BLI","icao":"KBLI","name":"Bellingham","tier":2}},{"type":"Feature","geometry":{"type":"Point","coordinates":[-89.8352,38.5452]},"properties":{"iata":"BLV","icao":"KBLV","name":"Belleville","tier":2}},{"type":"Feature","geometry":{"type":"Point","coordinates":[17.9417,59.3544]},"properties":{"iata":"BMA","icao":"ESSB","name":"Stockholm","tier":2}},{"type":"Feature","geometry":{"type":"Point","coordinates":[-88.9159,40.4771]},"properties":{"iata":"BMI","icao":"KBMI","name":"Bloomington/Normal","tier":2}},{"type":"Feature","geometry":{"type":"Point","coordinates":[118.685,-8.5372]},"properties":{"iata":"BMU","icao":"WADB","name":"Bima","tier":2}},{"type":"Feature","geometry":{"type":"Point","coordinates":[108.12,12.6683]},"properties":{"iata":"BMV","icao":"VVBM","name":"Buon Ma Thuot","tier":2}},{"type":"Feature","geometry":{"type":"Point","coordinates":[0.927,21.3778]},"properties":{"iata":"BMW","icao":"DATM","name":"Bordj Badji Mokhtar","tier":2}},{"type":"Feature","geometry":{"type":"Point","coordinates":[5.5995,6.317]},"properties":{"iata":"BNI","icao":"DNBE","name":"Benin","tier":2}},{"type":"Feature","geometry":{"type":"Point","coordinates":[153.5615,-28.8332]},"properties":{"iata":"BNK","icao":"YBNA","name":"Ballina","tier":2}},{"type":"Feature","geometry":{"type":"Point","coordinates":[12.2175,65.4611]},"properties":{"iata":"BNN","icao":"ENBN","name":"Brønnøy","tier":2}},{"type":"Feature","geometry":{"type":"Point","coordinates":[-70.2142,8.615]},"properties":{"iata":"BNS","icao":"SVBI","name":"Barinas","tier":2}},{"type":"Feature","geometry":{"type":"Point","coordinates":[-151.751,-16.4444]},"properties":{"iata":"BOB","icao":"NTTB","name":"Motu Mute","tier":2}},{"type":"Feature","geometry":{"type":"Point","coordinates":[-82.2508,9.3408]},"properties":{"iata":"BOC","icao":"MPBO","name":"Isla Colón","tier":2}},{"type":"Feature","geometry":{"type":"Point","coordinates":[-1.8396,50.7805]},"properties":{"iata":"BOH","icao":"EGHH","name":"Bournemouth","tier":2}},{"type":"Feature","geometry":{"type":"Point","coordinates":[100.1654,20.324]},"properties":{"iata":"BOR","icao":"VLBK","name":"Ton Phueng","tier":2}},{"type":"Feature","geometry":{"type":"Point","coordinates":[119.0614,39.6664]},"properties":{"iata":"BPE","icao":"ZBDH","name":"Qinhuangdao (Changli)","tier":2}},{"type":"Feature","geometry":{"type":"Point","coordinates":[82.3001,44.8955]},"properties":{"iata":"BPL","icao":"ZWBL","name":"Bole","tier":2}},{"type":"Feature","geometry":{"type":"Point","coordinates":[-94.0207,29.9508]},"properties":{"iata":"BPT","icao":"KBPT","name":"Beaumont/Port Arthur","tier":2}},{"type":"Feature","geometry":{"type":"Point","coordinates":[97.1083,30.5536]},"properties":{"iata":"BPX","icao":"ZUBD","name":"Bangda","tier":2}},{"type":"Feature","geometry":{"type":"Point","coordinates":[44.4825,-16.7445]},"properties":{"iata":"BPY","icao":"FMNQ","name":"Besalampy","tier":2}},{"type":"Feature","geometry":{"type":"Point","coordinates":[-81.4665,31.2588]},"properties":{"iata":"BQK","icao":"KBQK","name":"Brunswick","tier":2}},{"type":"Feature","geometry":{"type":"Point","coordinates":[139.9,-22.9133]},"properties":{"iata":"BQL","icao":"YBOU","name":"Boulia Airport","tier":2}},{"type":"Feature","geometry":{"type":"Point","coordinates":[-67.1294,18.4949]},"properties":{"iata":"BQN","icao":"TJBQ","name":"Aguadilla","tier":2}},{"type":"Feature","geometry":{"type":"Point","coordinates":[127.4155,50.4267]},"properties":{"iata":"BQS","icao":"UHBB","name":"Blagoveschensk","tier":2}},{"type":"Feature","geometry":{"type":"Point","coordinates":[-61.262,12.9884]},"properties":{"iata":"BQU","icao":"TVSB","name":"Bequia","tier":2}},{"type":"Feature","geometry":{"type":"Point","coordinates":[-94.1297,46.4029]},"properties":{"iata":"BRD","icao":"KBRD","name":"Brainerd","tier":2}},{"type":"Feature","geometry":{"type":"Point","coordinates":[145.952,-30.0392]},"properties":{"iata":"BRK","icao":"YBKE","name":"Bourke Airport","tier":2}},{"type":"Feature","geometry":{"type":"Point","coordinates":[-91.1255,40.7832]},"properties":{"iata":"BRL","icao":"KBRL","name":"Burlington","tier":2}},{"type":"Feature","geometry":{"type":"Point","coordinates":[7.4988,46.9127]},"properties":{"iata":"BRN","icao":"LSZB","name":"Bern","tier":2}},{"type":"Feature","geometry":{"type":"Point","coordinates":[-97.4252,25.9072]},"properties":{"iata":"BRO","icao":"KBRO","name":"Brownsville","tier":2}},{"type":"Feature","geometry":{"type":"Point","coordinates":[16.694,49.1513]},"properties":{"iata":"BRQ","icao":"LKTB","name":"Brno","tier":2}},{"type":"Feature","geometry":{"type":"Point","coordinates":[-7.4431,57.0228]},"properties":{"iata":"BRR","icao":"EGPR","name":"Eoligarry","tier":2}},{"type":"Feature","geometry":{"type":"Point","coordinates":[-156.766,71.2854]},"properties":{"iata":"BRW","icao":"PABR","name":"Utqiaġvik","tier":2}},{"type":"Feature","geometry":{"type":"Point","coordinates":[-71.1204,18.2515]},"properties":{"iata":"BRX","icao":"MDBH","name":"Barahona","tier":2}},{"type":"Feature","geometry":{"type":"Point","coordinates":[-77.3947,6.2029]},"properties":{"iata":"BSC","icao":"SKBS","name":"Bahía Solano","tier":2}},{"type":"Feature","geometry":{"type":"Point","coordinates":[99.1683,25.0533]},"properties":{"iata":"BSD","icao":"ZPBS","name":"Baoshan (Longyang)","tier":2}},{"type":"Feature","geometry":{"type":"Point","coordinates":[121.98,20.4513]},"properties":{"iata":"BSO","icao":"RPUO","name":"Basco","tier":2}},{"type":"Feature","geometry":{"type":"Point","coordinates":[81.6772,7.7051]},"properties":{"iata":"BTC","icao":"VCCB","name":"Batticaloa","tier":2}},{"type":"Feature","geometry":{"type":"Point","coordinates":[-143.582,70.134]},"properties":{"iata":"BTI","icao":"PABA","name":"Barter Island","tier":2}},{"type":"Feature","geometry":{"type":"Point","coordinates":[101.7018,56.3696]},"properties":{"iata":"BTK","icao":"UIBB","name":"Bratsk","tier":2}},{"type":"Feature","geometry":{"type":"Point","coordinates":[-112.497,45.9548]},"properties":{"iata":"BTM","icao":"KBTM","name":"Butte","tier":2}},{"type":"Feature","geometry":{"type":"Point","coordinates":[-91.1496,30.5332]},"properties":{"iata":"BTR","icao":"KBTR","name":"Baton Rouge","tier":2}},{"type":"Feature","geometry":{"type":"Point","coordinates":[113.02,3.1239]},"properties":{"iata":"BTU","icao":"WBGB","name":"Bintulu","tier":2}},{"type":"Feature","geometry":{"type":"Point","coordinates":[-73.1533,44.4719]},"properties":{"iata":"BTV","icao":"KBTV","name":"Burlington","tier":2}},{"type":"Feature","geometry":{"type":"Point","coordinates":[154.6727,-5.4223]},"properties":{"iata":"BUA","icao":"AYBK","name":"Buka Island","tier":2}},{"type":"Feature","geometry":{"type":"Point","coordinates":[-76.9898,3.8196]},"properties":{"iata":"BUN","icao":"SKBU","name":"Buenaventura","tier":2}},{"type":"Feature","geometry":{"type":"Point","coordinates":[30.2207,1.5657]},"properties":{"iata":"BUX","icao":"FZKA","name":"Bunia","tier":2}},{"type":"Feature","geometry":{"type":"Point","coordinates":[50.8346,28.9448]},"properties":{"iata":"BUZ","icao":"OIBB","name":"Bushehr","tier":2}},{"type":"Feature","geometry":{"type":"Point","coordinates":[1.4856,45.0397]},"properties":{"iata":"BVE","icao":"LFSL","name":"Brive","tier":2}},{"type":"Feature","geometry":{"type":"Point","coordinates":[29.0341,70.8715]},"properties":{"iata":"BVG","icao":"ENBV","name":"Berlevåg","tier":2}},{"type":"Feature","geometry":{"type":"Point","coordinates":[-60.0983,-12.6944]},"properties":{"iata":"BVH","icao":"SBVH","name":"Vilhena","tier":2}},{"type":"Feature","geometry":{"type":"Point","coordinates":[139.348,-25.8975]},"properties":{"iata":"BVI","icao":"YBDV","name":"Birdsville Airport","tier":2}},{"type":"Feature","geometry":{"type":"Point","coordinates":[68.3336,70.3153]},"properties":{"iata":"BVJ","icao":"USDB","name":"Bovanenkovo","tier":2}},{"type":"Feature","geometry":{"type":"Point","coordinates":[16.6784,43.2845]},"properties":{"iata":"BWK","icao":"LDSB","name":"Gornji Humac","tier":2}},{"type":"Feature","geometry":{"type":"Point","coordinates":[47.7456,51.8583]},"properties":{"iata":"BWO","icao":"UWSB","name":"Balakovo","tier":2}},{"type":"Feature","geometry":{"type":"Point","coordinates":[145.726,-40.997]},"properties":{"iata":"BWT","icao":"YWYY","name":"Burnie","tier":2}},{"type":"Feature","geometry":{"type":"Point","coordinates":[75.0045,46.8942]},"properties":{"iata":"BXH","icao":"UAAH","name":"Balkhash","tier":2}},{"type":"Feature","geometry":{"type":"Point","coordinates":[58.45,29.0842]},"properties":{"iata":"BXR","icao":"OIKM","name":"Bam","tier":2}},{"type":"Feature","geometry":{"type":"Point","coordinates":[125.4788,8.9515]},"properties":{"iata":"BXU","icao":"RPME","name":"Butuan","tier":2}},{"type":"Feature","geometry":{"type":"Point","coordinates":[-5.0737,7.7388]},"properties":{"iata":"BYK","icao":"DIBK","name":"Bouaké","tier":2}},{"type":"Feature","geometry":{"type":"Point","coordinates":[-76.6214,20.3964]},"properties":{"iata":"BYM","icao":"MUBY","name":"Bayamo","tier":2}},{"type":"Feature","geometry":{"type":"Point","coordinates":[100.704,46.1633]},"properties":{"iata":"BYN","icao":"ZMBH","name":"Bayankhongor","tier":2}},{"type":"Feature","geometry":{"type":"Point","coordinates":[17.9777,53.0968]},"properties":{"iata":"BZG","icao":"EPBY","name":"Bydgoszcz","tier":2}},{"type":"Feature","geometry":{"type":"Point","coordinates":[27.926,39.6193]},"properties":{"iata":"BZI","icao":"LTBF","name":"Balıkesir","tier":2}},{"type":"Feature","geometry":{"type":"Point","coordinates":[34.176,53.2144]},"properties":{"iata":"BZK","icao":"UUBP","name":"Bryansk","tier":2}},{"type":"Feature","geometry":{"type":"Point","coordinates":[90.3012,22.801]},"properties":{"iata":"BZL","icao":"VGBR","name":"Barisal","tier":2}},{"type":"Feature","geometry":{"type":"Point","coordinates":[-111.1537,45.7789]},"properties":{"iata":"BZN","icao":"KBZN","name":"Bozeman","tier":2}},{"type":"Feature","geometry":{"type":"Point","coordinates":[11.3261,46.4592]},"properties":{"iata":"BZO","icao":"LIPB","name":"Bolzano (BZ)","tier":2}},{"type":"Feature","geometry":{"type":"Point","coordinates":[3.3539,43.3235]},"properties":{"iata":"BZR","icao":"LFMU","name":"Béziers","tier":2}},{"type":"Feature","geometry":{"type":"Point","coordinates":[106.6449,31.7384]},"properties":{"iata":"BZX","icao":"ZUBZ","name":"Bazhong","tier":2}},{"type":"Feature","geometry":{"type":"Point","coordinates":[12.1881,-5.5984]},"properties":{"iata":"CAB","icao":"FNCA","name":"Cabinda","tier":2}},{"type":"Feature","geometry":{"type":"Point","coordinates":[-53.5012,-25.0003]},"properties":{"iata":"CAC","icao":"SBCA","name":"Cascavel","tier":2}},{"type":"Feature","geometry":{"type":"Point","coordinates":[-81.123,33.9382]},"properties":{"iata":"CAE","icao":"KCAE","name":"Columbia","tier":2}},{"type":"Feature","geometry":{"type":"Point","coordinates":[105.1778,9.1777]},"properties":{"iata":"CAH","icao":"VVCM","name":"Ca Mau City","tier":2}},{"type":"Feature","geometry":{"type":"Point","coordinates":[-62.8548,6.232]},"properties":{"iata":"CAJ","icao":"SVCN","name":"Canaima","tier":2}},{"type":"Feature","geometry":{"type":"Point","coordinates":[-81.4422,40.9161]},"properties":{"iata":"CAK","icao":"KCAK","name":"Akron","tier":2}},{"type":"Feature","geometry":{"type":"Point","coordinates":[-5.6864,55.4372]},"properties":{"iata":"CAL","icao":"EGEC","name":"Campbeltown","tier":2}},{"type":"Feature","geometry":{"type":"Point","coordinates":[-9.3552,38.725]},"properties":{"iata":"CAT","icao":"LPCS","name":"Cascais","tier":2}},{"type":"Feature","geometry":{"type":"Point","coordinates":[-41.3017,-21.6983]},"properties":{"iata":"CAW","icao":"SBCP","name":"Campos dos Goytacazes","tier":2}},{"type":"Feature","geometry":{"type":"Point","coordinates":[145.794,-31.5383]},"properties":{"iata":"CAZ","icao":"YCBA","name":"Cobar Airport","tier":2}},{"type":"Feature","geometry":{"type":"Point","coordinates":[-2.2699,31.6457]},"properties":{"iata":"CBH","icao":"DAOR","name":"Béchar","tier":2}},{"type":"Feature","geometry":{"type":"Point","coordinates":[124.2099,7.1648]},"properties":{"iata":"CBO","icao":"RPMC","name":"Datu Odin Sinsuat","tier":2}},{"type":"Feature","geometry":{"type":"Point","coordinates":[8.3472,4.976]},"properties":{"iata":"CBQ","icao":"DNCA","name":"Calabar","tier":2}},{"type":"Feature","geometry":{"type":"Point","coordinates":[149.195,-35.3069]},"properties":{"iata":"CBR","icao":"YSCB","name":"Canberra","tier":2}},{"type":"Feature","geometry":{"type":"Point","coordinates":[13.4869,-12.4792]},"properties":{"iata":"CBT","icao":"FNCT","name":"Catumbela","tier":2}},{"type":"Feature","geometry":{"type":"Point","coordinates":[-78.3284,22.461]},"properties":{"iata":"CCC","icao":"MUCC","name":"Cayo Coco","tier":2}},{"type":"Feature","geometry":{"type":"Point","coordinates":[31.84,30.0647]},"properties":{"iata":"CCE","icao":"HECP","name":"New Cairo","tier":2}},{"type":"Feature","geometry":{"type":"Point","coordinates":[2.3063,43.216]},"properties":{"iata":"CCF","icao":"LFMK","name":"Carcassonne","tier":2}},{"type":"Feature","geometry":{"type":"Point","coordinates":[-122.057,37.9897]},"properties":{"iata":"CCR","icao":"KCCR","name":"Concord","tier":2}},{"type":"Feature","geometry":{"type":"Point","coordinates":[-77.8809,25.4171]},"properties":{"iata":"CCZ","icao":"MYBC","name":"Chub Cay","tier":2}},{"type":"Feature","geometry":{"type":"Point","coordinates":[-162.725,55.2079]},"properties":{"iata":"CDB","icao":"PACD","name":"Cold Bay","tier":2}},{"type":"Feature","geometry":{"type":"Point","coordinates":[-113.099,37.701]},"properties":{"iata":"CDC","icao":"KCDC","name":"Cedar City","tier":2}},{"type":"Feature","geometry":{"type":"Point","coordinates":[118.0739,41.1225]},"properties":{"iata":"CDE","icao":"ZBCD","name":"Chengde","tier":2}},{"type":"Feature","geometry":{"type":"Point","coordinates":[78.7692,14.5132]},"properties":{"iata":"CDP","icao":"VOCP","name":"Kadapa","tier":2}},{"type":"Feature","geometry":{"type":"Point","coordinates":[-103.095,42.8376]},"properties":{"iata":"CDR","icao":"KCDR","name":"Chadron","tier":2}},{"type":"Feature","geometry":{"type":"Point","coordinates":[0.0733,40.2139]},"properties":{"iata":"CDT","icao":"LECH","name":"Castellón de la Plana","tier":2}},{"type":"Feature","geometry":{"type":"Point","coordinates":[-145.478,60.4918]},"properties":{"iata":"CDV","icao":"PACV","name":"Cordova","tier":2}},{"type":"Feature","geometry":{"type":"Point","coordinates":[-124.2364,41.7789]},"properties":{"iata":"CEC","icao":"KCEC","name":"Crescent City","tier":2}},{"type":"Feature","geometry":{"type":"Point","coordinates":[133.71,-32.1306]},"properties":{"iata":"CED","icao":"YCDU","name":"Ceduna Airport","tier":2}},{"type":"Feature","geometry":{"type":"Point","coordinates":[38.0158,59.2736]},"properties":{"iata":"CEE","icao":"ULWC","name":"Cherepovets","tier":2}},{"type":"Feature","geometry":{"type":"Point","coordinates":[-109.833,27.3926]},"properties":{"iata":"CEN","icao":"MMCN","name":"Ciudad Obregón","tier":2}},{"type":"Feature","geometry":{"type":"Point","coordinates":[-108.628,37.303]},"properties":{"iata":"CEZ","icao":"KCEZ","name":"Cortez","tier":2}},{"type":"Feature","geometry":{"type":"Point","coordinates":[-80.4142,22.15]},"properties":{"iata":"CFG","icao":"MUCF","name":"Cienfuegos","tier":2}},{"type":"Feature","geometry":{"type":"Point","coordinates":[-8.341,55.0442]},"properties":{"iata":"CFN","icao":"EIDL","name":"Donegal","tier":2}},{"type":"Feature","geometry":{"type":"Point","coordinates":[-0.4549,49.1768]},"properties":{"iata":"CFR","icao":"LFRK","name":"Caen","tier":2}},{"type":"Feature","geometry":{"type":"Point","coordinates":[153.116,-30.3206]},"properties":{"iata":"CFS","icao":"YCFS","name":"Coffs Harbour","tier":2}},{"type":"Feature","geometry":{"type":"Point","coordinates":[111.64,28.9189]},"properties":{"iata":"CGD","icao":"ZGCD","name":"Changde (Dingcheng)","tier":2}},{"type":"Feature","geometry":{"type":"Point","coordinates":[-89.5708,37.2253]},"properties":{"iata":"CGI","icao":"KCGI","name":"Cape Girardeau","tier":2}},{"type":"Feature","geometry":{"type":"Point","coordinates":[124.7091,9.2539]},"properties":{"iata":"CGM","icao":"RPMH","name":"Mambajao","tier":2}},{"type":"Feature","geometry":{"type":"Point","coordinates":[-54.674,-20.47]},"properties":{"iata":"CGR","icao":"SBCG","name":"Campo Grande","tier":2}},{"type":"Feature","geometry":{"type":"Point","coordinates":[-85.2038,35.0353]},"properties":{"iata":"CHA","icao":"KCHA","name":"Chattanooga","tier":2}},{"type":"Feature","geometry":{"type":"Point","coordinates":[120.435,41.5381]},"properties":{"iata":"CHG","icao":"ZYCY","name":"Shuangta, Chaoyang","tier":2}},{"type":"Feature","geometry":{"type":"Point","coordinates":[-77.8562,-6.2019]},"properties":{"iata":"CHH","icao":"SPPY","name":"Chachapoyas","tier":2}},{"type":"Feature","geometry":{"type":"Point","coordinates":[-78.5238,-9.1496]},"properties":{"iata":"CHM","icao":"SPEO","name":"Chimbote","tier":2}},{"type":"Feature","geometry":{"type":"Point","coordinates":[-78.4529,38.1386]},"properties":{"iata":"CHO","icao":"KCHO","name":"Charlottesville","tier":2}},{"type":"Feature","geometry":{"type":"Point","coordinates":[-176.4651,-43.8119]},"properties":{"iata":"CHT","icao":"NZCI","name":"Te One","tier":2}},{"type":"Feature","geometry":{"type":"Point","coordinates":[-82.5151,9.459]},"properties":{"iata":"CHX","icao":"MPCH","name":"Changuinola","tier":2}},{"type":"Feature","geometry":{"type":"Point","coordinates":[-91.7108,41.8847]},"properties":{"iata":"CID","icao":"KCID","name":"Cedar Rapids","tier":2}},{"type":"Feature","geometry":{"type":"Point","coordinates":[118.841,42.1597]},"properties":{"iata":"CIF","icao":"ZBCF","name":"Chifeng","tier":2}},{"type":"Feature","geometry":{"type":"Point","coordinates":[-68.7828,-11.0391]},"properties":{"iata":"CIJ","icao":"SLCO","name":"Cobija","tier":2}},{"type":"Feature","geometry":{"type":"Point","coordinates":[-84.4621,46.242]},"properties":{"iata":"CIU","icao":"KCIU","name":"Kincheloe","tier":2}},{"type":"Feature","geometry":{"type":"Point","coordinates":[-61.3424,12.699]},"properties":{"iata":"CIW","icao":"TVSC","name":"Canouan","tier":2}},{"type":"Feature","geometry":{"type":"Point","coordinates":[14.6089,36.9958]},"properties":{"iata":"CIY","icao":"LICB","name":"Comiso","tier":2}},{"type":"Feature","geometry":{"type":"Point","coordinates":[-78.4894,-7.1392]},"properties":{"iata":"CJA","icao":"SPJR","name":"Cajamarca","tier":2}},{"type":"Feature","geometry":{"type":"Point","coordinates":[-68.9036,-22.4982]},"properties":{"iata":"CJC","icao":"SCCF","name":"Calama","tier":2}},{"type":"Feature","geometry":{"type":"Point","coordinates":[71.7999,35.8862]},"properties":{"iata":"CJL","icao":"OPCH","name":"Chitral","tier":2}},{"type":"Feature","geometry":{"type":"Point","coordinates":[99.3617,10.7112]},"properties":{"iata":"CJM","icao":"VTSE","name":"Chumphon","tier":2}},{"type":"Feature","geometry":{"type":"Point","coordinates":[-80.2281,39.2966]},"properties":{"iata":"CKB","icao":"KCKB","name":"Bridgeport","tier":2}},{"type":"Feature","geometry":{"type":"Point","coordinates":[147.902,70.6231]},"properties":{"iata":"CKH","icao":"UESO","name":"Chokurdah","tier":2}},{"type":"Feature","geometry":{"type":"Point","coordinates":[-50.0034,-6.1178]},"properties":{"iata":"CKS","icao":"SBCJ","name":"Parauapebas","tier":2}},{"type":"Feature","geometry":{"type":"Point","coordinates":[26.4268,40.1377]},"properties":{"iata":"CKZ","icao":"LTBH","name":"Çanakkale","tier":2}},{"type":"Feature","geometry":{"type":"Point","coordinates":[-117.28,33.1283]},"properties":{"iata":"CLD","icao":"KCRQ","name":"Carlsbad","tier":2}},{"type":"Feature","geometry":{"type":"Point","coordinates":[-96.3638,30.5886]},"properties":{"iata":"CLL","icao":"KCLL","name":"College Station","tier":2}},{"type":"Feature","geometry":{"type":"Point","coordinates":[-103.577,19.277]},"properties":{"iata":"CLQ","icao":"MMIA","name":"Colima","tier":2}},{"type":"Feature","geometry":{"type":"Point","coordinates":[8.793,42.5304]},"properties":{"iata":"CLY","icao":"LFKC","name":"Calvi","tier":2}},{"type":"Feature","geometry":{"type":"Point","coordinates":[145.622,-28.03]},"properties":{"iata":"CMA","icao":"YCMU","name":"Cunnamulla Airport","tier":2}},{"type":"Feature","geometry":{"type":"Point","coordinates":[-91.7994,18.6515]},"properties":{"iata":"CME","icao":"MMCE","name":"Ciudad del Carmen","tier":2}},{"type":"Feature","geometry":{"type":"Point","coordinates":[5.8802,45.6381]},"properties":{"iata":"CMF","icao":"LFLB","name":"Chambéry","tier":2}},{"type":"Feature","geometry":{"type":"Point","coordinates":[-57.6728,-19.0119]},"properties":{"iata":"CMG","icao":"SBCR","name":"Corumbá","tier":2}},{"type":"Feature","geometry":{"type":"Point","coordinates":[-88.2762,40.0398]},"properties":{"iata":"CMI","icao":"KCMI","name":"Savoy","tier":2}},{"type":"Feature","geometry":{"type":"Point","coordinates":[144.971,-6.0243]},"properties":{"iata":"CMU","icao":"AYCH","name":"Kundiawa","tier":2}},{"type":"Feature","geometry":{"type":"Point","coordinates":[-88.4891,47.1684]},"properties":{"iata":"CMX","icao":"KCMX","name":"Hancock","tier":2}},{"type":"Feature","geometry":{"type":"Point","coordinates":[148.3778,-30.9809]},"properties":{"iata":"CNB","icao":"YCNM","name":"Coonamble Airport","tier":2}},{"type":"Feature","geometry":{"type":"Point","coordinates":[140.504,-20.6686]},"properties":{"iata":"CNJ","icao":"YCCY","name":"Cloncurry","tier":2}},{"type":"Feature","geometry":{"type":"Point","coordinates":[-104.263,32.3375]},"properties":{"iata":"CNM","icao":"KCNM","name":"Carlsbad","tier":2}},{"type":"Feature","geometry":{"type":"Point","coordinates":[-22.6505,70.7431]},"properties":{"iata":"CNP","icao":"BGCO","name":"Neerlerit Inaat","tier":2}},{"type":"Feature","geometry":{"type":"Point","coordinates":[-58.7619,-27.4455]},"properties":{"iata":"CNQ","icao":"SARC","name":"Corrientes","tier":2}},{"type":"Feature","geometry":{"type":"Point","coordinates":[-109.755,38.755]},"properties":{"iata":"CNY","icao":"KCNY","name":"Moab","tier":2}},{"type":"Feature","geometry":{"type":"Point","coordinates":[-109.024,44.5202]},"properties":{"iata":"COD","icao":"KCOD","name":"Cody","tier":2}},{"type":"Feature","geometry":{"type":"Point","coordinates":[114.6472,48.1354]},"properties":{"iata":"COQ","icao":"ZMCD","name":"Choibalsan Airport","tier":2}},{"type":"Feature","geometry":{"type":"Point","coordinates":[-92.2196,38.8181]},"properties":{"iata":"COU","icao":"KCOU","name":"Columbia","tier":2}},{"type":"Feature","geometry":{"type":"Point","coordinates":[-71.1373,-40.0754]},"properties":{"iata":"CPC","icao":"SAZY","name":"Chapelco/San Martin de los Andes","tier":2}},{"type":"Feature","geometry":{"type":"Point","coordinates":[134.7222,-29.0383]},"properties":{"iata":"CPD","icao":"YCBP","name":"Coober Pedy","tier":2}},{"type":"Feature","geometry":{"type":"Point","coordinates":[-90.5001,19.816]},"properties":{"iata":"CPE","icao":"MMCP","name":"Campeche","tier":2}},{"type":"Feature","geometry":{"type":"Point","coordinates":[-70.7792,-27.2612]},"properties":{"iata":"CPO","icao":"SCAT","name":"Copiapo","tier":2}},{"type":"Feature","geometry":{"type":"Point","coordinates":[-106.4616,42.9074]},"properties":{"iata":"CPR","icao":"KCPR","name":"Casper","tier":2}},{"type":"Feature","geometry":{"type":"Point","coordinates":[-35.8961,-7.2697]},"properties":{"iata":"CPV","icao":"SBKG","name":"Campina Grande","tier":2}},{"type":"Feature","geometry":{"type":"Point","coordinates":[-65.3039,18.313]},"properties":{"iata":"CPX","icao":"TJCP","name":"Culebra","tier":2}},{"type":"Feature","geometry":{"type":"Point","coordinates":[107.6937,29.4657]},"properties":{"iata":"CQW","icao":"ZUWL","name":"Wulong","tier":2}},{"type":"Feature","geometry":{"type":"Point","coordinates":[-74.1824,22.7456]},"properties":{"iata":"CRI","icao":"MYCI","name":"Colonel Hill","tier":2}},{"type":"Feature","geometry":{"type":"Point","coordinates":[124.6353,12.5016]},"properties":{"iata":"CRM","icao":"RPVF","name":"Catarman","tier":2}},{"type":"Feature","geometry":{"type":"Point","coordinates":[-97.5012,27.7704]},"properties":{"iata":"CRP","icao":"KCRP","name":"Corpus Christi","tier":2}},{"type":"Feature","geometry":{"type":"Point","coordinates":[17.0802,38.9972]},"properties":{"iata":"CRV","icao":"LIBC","name":"Isola di Capo Rizzuto (KR)","tier":2}},{"type":"Feature","geometry":{"type":"Point","coordinates":[-81.5932,38.3731]},"properties":{"iata":"CRW","icao":"KCRW","name":"Charleston","tier":2}},{"type":"Feature","geometry":{"type":"Point","coordinates":[-84.9396,32.5164]},"properties":{"iata":"CSG","icao":"KCSG","name":"Columbus","tier":2}},{"type":"Feature","geometry":{"type":"Point","coordinates":[-16.748,12.3953]},"properties":{"iata":"CSK","icao":"GOGS","name":"Cap Skirring","tier":2}},{"type":"Feature","geometry":{"type":"Point","coordinates":[-109.9395,22.9491]},"properties":{"iata":"CSW","icao":"MMSL","name":"Cabo San Lucas","tier":2}},{"type":"Feature","geometry":{"type":"Point","coordinates":[47.3473,56.0903]},"properties":{"iata":"CSY","icao":"UWKS","name":"Cheboksary","tier":2}},{"type":"Feature","geometry":{"type":"Point","coordinates":[-65.7512,-28.5931]},"properties":{"iata":"CTC","icao":"SANC","name":"Catamarca","tier":2}},{"type":"Feature","geometry":{"type":"Point","coordinates":[-80.4098,7.9878]},"properties":{"iata":"CTD","icao":"MPCE","name":"Chitré","tier":2}},{"type":"Feature","geometry":{"type":"Point","coordinates":[146.262,-26.4133]},"properties":{"iata":"CTL","icao":"YBCV","name":"Charleville","tier":2}},{"type":"Feature","geometry":{"type":"Point","coordinates":[-88.328,18.505]},"properties":{"iata":"CTM","icao":"MMCM","name":"Chetumal","tier":2}},{"type":"Feature","geometry":{"type":"Point","coordinates":[145.1832,-15.4436]},"properties":{"iata":"CTN","icao":"YCKN","name":"Cooktown Airport","tier":2}},{"type":"Feature","geometry":{"type":"Point","coordinates":[-72.5115,7.9276]},"properties":{"iata":"CUC","icao":"SKCC","name":"Cúcuta","tier":2}},{"type":"Feature","geometry":{"type":"Point","coordinates":[-78.9844,-2.8895]},"properties":{"iata":"CUE","icao":"SECU","name":"Cuenca","tier":2}},{"type":"Feature","geometry":{"type":"Point","coordinates":[7.623,44.5475]},"properties":{"iata":"CUF","icao":"LIMZ","name":"Levaldigi (CN)","tier":2}},{"type":"Feature","geometry":{"type":"Point","coordinates":[-88.0329,17.735]},"properties":{"iata":"CUK","icao":"MZCK","name":"Caye Caulker","tier":2}},{"type":"Feature","geometry":{"type":"Point","coordinates":[-64.1305,10.4503]},"properties":{"iata":"CUM","icao":"SVCU","name":"Cumaná","tier":2}},{"type":"Feature","geometry":{"type":"Point","coordinates":[-63.2617,10.66]},"properties":{"iata":"CUP","icao":"SVCP","name":"Carúpano","tier":2}},{"type":"Feature","geometry":{"type":"Point","coordinates":[143.1133,-13.7611]},"properties":{"iata":"CUQ","icao":"YCOE","name":"Coen","tier":2}},{"type":"Feature","geometry":{"type":"Point","coordinates":[-98.9565,23.7033]},"properties":{"iata":"CVM","icao":"MMCV","name":"Ciudad Victoria","tier":2}},{"type":"Feature","geometry":{"type":"Point","coordinates":[-103.0788,34.4266]},"properties":{"iata":"CVN","icao":"KCVN","name":"Clovis","tier":2}},{"type":"Feature","geometry":{"type":"Point","coordinates":[113.6664,-24.8843]},"properties":{"iata":"CVQ","icao":"YCAR","name":"Carnarvon","tier":2}},{"type":"Feature","geometry":{"type":"Point","coordinates":[-89.6702,44.7774]},"properties":{"iata":"CWA","icao":"KCWA","name":"Mosinee","tier":2}},{"type":"Feature","geometry":{"type":"Point","coordinates":[25.9808,48.2593]},"properties":{"iata":"CWC","icao":"UKLN","name":"Chernivtsi","tier":2}},{"type":"Feature","geometry":{"type":"Point","coordinates":[99.3732,23.2763]},"properties":{"iata":"CWJ","icao":"ZPCW","name":"Lincang (Cangyuan)","tier":2}},{"type":"Feature","geometry":{"type":"Point","coordinates":[91.9633,21.4575]},"properties":{"iata":"CXB","icao":"VGCB","name":"Cox's Bazar","tier":2}},{"type":"Feature","geometry":{"type":"Point","coordinates":[-51.1876,-29.1972]},"properties":{"iata":"CXJ","icao":"SBCX","name":"Caxias Do Sul","tier":2}},{"type":"Feature","geometry":{"type":"Point","coordinates":[109.034,-7.6451]},"properties":{"iata":"CXP","icao":"WAHL","name":"Cilacap","tier":2}},{"type":"Feature","geometry":{"type":"Point","coordinates":[-73.7883,18.2711]},"properties":{"iata":"CYA","icao":"MTCA","name":"Les Cayes","tier":2}},{"type":"Feature","geometry":{"type":"Point","coordinates":[-79.8828,19.687]},"properties":{"iata":"CYB","icao":"MWCB","name":"West End","tier":2}},{"type":"Feature","geometry":{"type":"Point","coordinates":[-88.045,17.6838]},"properties":{"iata":"CYC","icao":"MZCP","name":"Caye Chapel","tier":2}},{"type":"Feature","geometry":{"type":"Point","coordinates":[120.3905,23.4626]},"properties":{"iata":"CYI","icao":"RCKU","name":"Shuishang","tier":2}},{"type":"Feature","geometry":{"type":"Point","coordinates":[-81.546,21.6165]},"properties":{"iata":"CYO","icao":"MUCL","name":"Cayo Largo del Sur","tier":2}},{"type":"Feature","geometry":{"type":"Point","coordinates":[124.5451,12.0726]},"properties":{"iata":"CYP","icao":"RPVC","name":"Calbayog City","tier":2}},{"type":"Feature","geometry":{"type":"Point","coordinates":[-104.812,41.1557]},"properties":{"iata":"CYS","icao":"KCYS","name":"Cheyenne","tier":2}},{"type":"Feature","geometry":{"type":"Point","coordinates":[161.338,68.7406]},"properties":{"iata":"CYX","icao":"UESS","name":"Cherskiy","tier":2}},{"type":"Feature","geometry":{"type":"Point","coordinates":[121.753,16.9299]},"properties":{"iata":"CYZ","icao":"RPUY","name":"Cauayan City","tier":2}},{"type":"Feature","geometry":{"type":"Point","coordinates":[-69.6809,11.4149]},"properties":{"iata":"CZE","icao":"SVCR","name":"Coro","tier":2}},{"type":"Feature","geometry":{"type":"Point","coordinates":[-88.4119,18.3822]},"properties":{"iata":"CZH","icao":"MZCZ","name":"Corozal","tier":2}},{"type":"Feature","geometry":{"type":"Point","coordinates":[-72.7695,-7.5999]},"properties":{"iata":"CZS","icao":"SBCZ","name":"Cruzeiro Do Sul","tier":2}},{"type":"Feature","geometry":{"type":"Point","coordinates":[-75.2856,9.3327]},"properties":{"iata":"CZU","icao":"SKCZ","name":"Corozal","tier":2}},{"type":"Feature","geometry":{"type":"Point","coordinates":[119.7755,31.9205]},"properties":{"iata":"CZX","icao":"ZSCG","name":"Changzhou","tier":2}},{"type":"Feature","geometry":{"type":"Point","coordinates":[-81.0595,29.1825]},"properties":{"iata":"DAB","icao":"KDAB","name":"Daytona Beach","tier":2}},{"type":"Feature","geometry":{"type":"Point","coordinates":[143.208,-9.0868]},"properties":{"iata":"DAU","icao":"AYDU","name":"Daru","tier":2}},{"type":"Feature","geometry":{"type":"Point","coordinates":[-82.4364,8.389]},"properties":{"iata":"DAV","icao":"MPDA","name":"David","tier":2}},{"type":"Feature","geometry":{"type":"Point","coordinates":[-84.2194,39.9024]},"properties":{"iata":"DAY","icao":"KDAY","name":"Dayton","tier":2}},{"type":"Feature","geometry":{"type":"Point","coordinates":[123.0197,45.5053]},"properties":{"iata":"DBC","icao":"ZYBA","name":"Baicheng","tier":2}},{"type":"Feature","geometry":{"type":"Point","coordinates":[148.575,-32.2167]},"properties":{"iata":"DBO","icao":"YSDU","name":"Dubbo","tier":2}},{"type":"Feature","geometry":{"type":"Point","coordinates":[-90.7095,42.402]},"properties":{"iata":"DBQ","icao":"KDBQ","name":"Dubuque","tier":2}},{"type":"Feature","geometry":{"type":"Point","coordinates":[85.9169,26.1928]},"properties":{"iata":"DBR","icao":"VEDH","name":"Darbhanga","tier":2}},{"type":"Feature","geometry":{"type":"Point","coordinates":[-61.3921,15.3367]},"properties":{"iata":"DCF","icao":"TDCF","name":"Canefield","tier":2}},{"type":"Feature","geometry":{"type":"Point","coordinates":[2.2892,43.5563]},"properties":{"iata":"DCM","icao":"LFCK","name":"Castres","tier":2}},{"type":"Feature","geometry":{"type":"Point","coordinates":[100.0603,29.3163]},"properties":{"iata":"DCY","icao":"ZUDC","name":"Garzê (Daocheng)","tier":2}},{"type":"Feature","geometry":{"type":"Point","coordinates":[-99.9656,37.7634]},"properties":{"iata":"DDC","icao":"KDDC","name":"Dodge City","tier":2}},{"type":"Feature","geometry":{"type":"Point","coordinates":[124.2867,40.0255]},"properties":{"iata":"DDG","icao":"ZYDD","name":"Dandong (Zhenxing)","tier":2}},{"type":"Feature","geometry":{"type":"Point","coordinates":[86.798,28.6046]},"properties":{"iata":"DDR","icao":"ZUDR","name":"Xigazê (Dingri)","tier":2}},{"type":"Feature","geometry":{"type":"Point","coordinates":[70.4859,29.961]},"properties":{"iata":"DEA","icao":"OPDG","name":"Dera Ghazi Khan","tier":2}},{"type":"Feature","geometry":{"type":"Point","coordinates":[-88.8657,39.8346]},"properties":{"iata":"DEC","icao":"KDEC","name":"Decatur","tier":2}},{"type":"Feature","geometry":{"type":"Point","coordinates":[78.1767,30.1892]},"properties":{"iata":"DED","icao":"VIDN","name":"Dehradun (Jauligrant)","tier":2}},{"type":"Feature","geometry":{"type":"Point","coordinates":[48.3976,32.4344]},"properties":{"iata":"DEF","icao":"OIAD","name":"Dezful","tier":2}},{"type":"Feature","geometry":{"type":"Point","coordinates":[-88.231,16.9825]},"properties":{"iata":"DGA","icao":"MZPB","name":"Dangriga","tier":2}},{"type":"Feature","geometry":{"type":"Point","coordinates":[-104.5279,24.1255]},"properties":{"iata":"DGO","icao":"MMDO","name":"Durango","tier":2}},{"type":"Feature","geometry":{"type":"Point","coordinates":[123.3019,9.3342]},"properties":{"iata":"DGT","icao":"RPVD","name":"Dumaguete City","tier":2}},{"type":"Feature","geometry":{"type":"Point","coordinates":[76.263,32.1649]},"properties":{"iata":"DHM","icao":"VIGG","name":"Kangra","tier":2}},{"type":"Feature","geometry":{"type":"Point","coordinates":[-85.4496,31.3213]},"properties":{"iata":"DHN","icao":"KDHN","name":"Dothan","tier":2}},{"type":"Feature","geometry":{"type":"Point","coordinates":[111.9468,-7.7495]},"properties":{"iata":"DHX","icao":"WARD","name":"Kediri","tier":2}},{"type":"Feature","geometry":{"type":"Point","coordinates":[95.0169,27.4839]},"properties":{"iata":"DIB","icao":"VEMN","name":"Dibrugarh","tier":2}},{"type":"Feature","geometry":{"type":"Point","coordinates":[49.2917,-12.3494]},"properties":{"iata":"DIE","icao":"FMNA","name":"Antisiranana","tier":2}},{"type":"Feature","geometry":{"type":"Point","coordinates":[99.6772,27.7936]},"properties":{"iata":"DIG","icao":"ZPDQ","name":"Diqing (Shangri-La)","tier":2}},{"type":"Feature","geometry":{"type":"Point","coordinates":[5.09,47.2689]},"properties":{"iata":"DIJ","icao":"LFSD","name":"Dijon","tier":2}},{"type":"Feature","geometry":{"type":"Point","coordinates":[-102.8019,46.7975]},"properties":{"iata":"DIK","icao":"KDIK","name":"Dickinson","tier":2}},{"type":"Feature","geometry":{"type":"Point","coordinates":[103.008,21.3975]},"properties":{"iata":"DIN","icao":"VVDB","name":"Dien Bien Phu","tier":2}},{"type":"Feature","geometry":{"type":"Point","coordinates":[40.201,37.8939]},"properties":{"iata":"DIY","icao":"LTCC","name":"Diyarbakır","tier":2}},{"type":"Feature","geometry":{"type":"Point","coordinates":[7.6604,13.0078]},"properties":{"iata":"DKA","icao":"DNKT","name":"Katsina","tier":2}},{"type":"Feature","geometry":{"type":"Point","coordinates":[5.4276,47.039]},"properties":{"iata":"DLE","icao":"LFGJ","name":"Dole","tier":2}},{"type":"Feature","geometry":{"type":"Point","coordinates":[-158.505,59.0447]},"properties":{"iata":"DLG","icao":"PADL","name":"Dillingham","tier":2}},{"type":"Feature","geometry":{"type":"Point","coordinates":[-92.1987,46.8419]},"properties":{"iata":"DLH","icao":"KDLH","name":"Duluth","tier":2}},{"type":"Feature","geometry":{"type":"Point","coordinates":[108.367,11.7506]},"properties":{"iata":"DLI","icao":"VVDL","name":"Da Lat","tier":2}},{"type":"Feature","geometry":{"type":"Point","coordinates":[100.319,25.6494]},"properties":{"iata":"DLU","icao":"ZPDL","name":"Dali (Xiaguan)","tier":2}},{"type":"Feature","geometry":{"type":"Point","coordinates":[104.3677,43.6086]},"properties":{"iata":"DLZ","icao":"ZMDZ","name":"Dalanzadgad","tier":2}},{"type":"Feature","geometry":{"type":"Point","coordinates":[93.7711,25.8839]},"properties":{"iata":"DMU","icao":"VEMR","name":"Dimapur","tier":2}},{"type":"Feature","geometry":{"type":"Point","coordinates":[-3.0258,56.4525]},"properties":{"iata":"DND","icao":"EGPN","name":"Dundee","tier":2}},{"type":"Feature","geometry":{"type":"Point","coordinates":[35.1006,48.3572]},"properties":{"iata":"DNK","icao":"UKDD","name":"Dnipro","tier":2}},{"type":"Feature","geometry":{"type":"Point","coordinates":[-2.08,48.5877]},"properties":{"iata":"DNR","icao":"LFRD","name":"Dinard","tier":2}},{"type":"Feature","geometry":{"type":"Point","coordinates":[29.7013,37.7856]},"properties":{"iata":"DNZ","icao":"LTAY","name":"Denizli","tier":2}},{"type":"Feature","geometry":{"type":"Point","coordinates":[35.756,-6.1706]},"properties":{"iata":"DOD","icao":"HTDO","name":"Dodoma","tier":2}},{"type":"Feature","geometry":{"type":"Point","coordinates":[30.4301,19.1537]},"properties":{"iata":"DOG","icao":"HSDN","name":"Dongola","tier":2}},{"type":"Feature","geometry":{"type":"Point","coordinates":[0.1545,49.3652]},"properties":{"iata":"DOL","icao":"LFRG","name":"Deauville","tier":2}},{"type":"Feature","geometry":{"type":"Point","coordinates":[-61.3011,15.5467]},"properties":{"iata":"DOM","icao":"TDPD","name":"Marigot","tier":2}},{"type":"Feature","geometry":{"type":"Point","coordinates":[-75.466,39.1295]},"properties":{"iata":"DOV","icao":"KDOV","name":"Dover","tier":2}},{"type":"Feature","geometry":{"type":"Point","coordinates":[118.7899,37.5014]},"properties":{"iata":"DOY","icao":"ZSDY","name":"Dongying (Kenli)","tier":2}},{"type":"Feature","geometry":{"type":"Point","coordinates":[123.3419,8.602]},"properties":{"iata":"DPL","icao":"RPMG","name":"Dipolog","tier":2}},{"type":"Feature","geometry":{"type":"Point","coordinates":[146.43,-41.1697]},"properties":{"iata":"DPO","icao":"YDPO","name":"Devonport","tier":2}},{"type":"Feature","geometry":{"type":"Point","coordinates":[-162.7669,66.0689]},"properties":{"iata":"DRG","icao":"PADE","name":"Deering","tier":2}},{"type":"Feature","geometry":{"type":"Point","coordinates":[-107.754,37.1515]},"properties":{"iata":"DRO","icao":"KDRO","name":"Durango","tier":2}},{"type":"Feature","geometry":{"type":"Point","coordinates":[-86.4715,30.4001]},"properties":{"iata":"DSI","icao":"KDTS","name":"Destin","tier":2}},{"type":"Feature","geometry":{"type":"Point","coordinates":[127.474,39.7452]},"properties":{"iata":"DSO","icao":"ZKSD","name":"Sŏndŏng-ni","tier":2}},{"type":"Feature","geometry":{"type":"Point","coordinates":[126.1284,48.441]},"properties":{"iata":"DTU","icao":"ZYDU","name":"Heihe","tier":2}},{"type":"Feature","geometry":{"type":"Point","coordinates":[170.1978,-45.929]},"properties":{"iata":"DUD","icao":"NZDN","name":"Dunedin","tier":2}},{"type":"Feature","geometry":{"type":"Point","coordinates":[20.8185,-7.4009]},"properties":{"iata":"DUE","icao":"FNDU","name":"Chitato","tier":2}},{"type":"Feature","geometry":{"type":"Point","coordinates":[-78.8987,41.1783]},"properties":{"iata":"DUJ","icao":"KDUJ","name":"Dubois","tier":2}},{"type":"Feature","geometry":{"type":"Point","coordinates":[101.4335,1.609]},"properties":{"iata":"DUM","icao":"WIBD","name":"Dumai","tier":2}},{"type":"Feature","geometry":{"type":"Point","coordinates":[-166.545,53.8988]},"properties":{"iata":"DUT","icao":"PADU","name":"Unalaska","tier":2}},{"type":"Feature","geometry":{"type":"Point","coordinates":[-98.9088,48.1155]},"properties":{"iata":"DVL","icao":"KDVL","name":"Devils Lake","tier":2}},{"type":"Feature","geometry":{"type":"Point","coordinates":[44.1212,24.4499]},"properties":{"iata":"DWD","icao":"OEDM","name":"Dawadmi","tier":2}},{"type":"Feature","geometry":{"type":"Point","coordinates":[177.741,64.7349]},"properties":{"iata":"DYR","icao":"UHMA","name":"Anadyr","tier":2}},{"type":"Feature","geometry":{"type":"Point","coordinates":[107.4356,31.0488]},"properties":{"iata":"DZH","icao":"ZUDA","name":"Dazhou (Dachuan)","tier":2}},{"type":"Feature","geometry":{"type":"Point","coordinates":[44.4192,17.6114]},"properties":{"iata":"EAM","icao":"OENG","name":"Najran","tier":2}},{"type":"Feature","geometry":{"type":"Point","coordinates":[-99.0068,40.727]},"properties":{"iata":"EAR","icao":"KEAR","name":"Kearney","tier":2}},{"type":"Feature","geometry":{"type":"Point","coordinates":[-1.7906,43.3565]},"properties":{"iata":"EAS","icao":"LESO","name":"Hondarribia","tier":2}},{"type":"Feature","geometry":{"type":"Point","coordinates":[-120.207,47.3989]},"properties":{"iata":"EAT","icao":"KEAT","name":"Wenatchee","tier":2}},{"type":"Feature","geometry":{"type":"Point","coordinates":[-91.4843,44.8658]},"properties":{"iata":"EAU","icao":"KEAU","name":"Eau Claire","tier":2}},{"type":"Feature","geometry":{"type":"Point","coordinates":[10.2398,42.7609]},"properties":{"iata":"EBA","icao":"LIRJ","name":"Campo nell'Elba (LI)","tier":2}},{"type":"Feature","geometry":{"type":"Point","coordinates":[30.2327,13.1532]},"properties":{"iata":"EBD","icao":"HSOB","name":"El-Obeid","tier":2}},{"type":"Feature","geometry":{"type":"Point","coordinates":[8.5534,55.5259]},"properties":{"iata":"EBJ","icao":"EKEB","name":"Esbjerg","tier":2}},{"type":"Feature","geometry":{"type":"Point","coordinates":[-85.7954,30.3571]},"properties":{"iata":"ECP","icao":"KECP","name":"Panama City Beach","tier":2}},{"type":"Feature","geometry":{"type":"Point","coordinates":[20.5005,38.1201]},"properties":{"iata":"EFL","icao":"LGKF","name":"Kefallinia Island","tier":2}},{"type":"Feature","geometry":{"type":"Point","coordinates":[0.5186,44.8253]},"properties":{"iata":"EGC","icao":"LFBE","name":"Bergerac","tier":2}},{"type":"Feature","geometry":{"type":"Point","coordinates":[-106.918,39.6426]},"properties":{"iata":"EGE","icao":"KEGE","name":"Eagle","tier":2}},{"type":"Feature","geometry":{"type":"Point","coordinates":[36.5901,50.6438]},"properties":{"iata":"EGO","icao":"UUOB","name":"Belgorod","tier":2}},{"type":"Feature","geometry":{"type":"Point","coordinates":[-14.4014,65.2833]},"properties":{"iata":"EGS","icao":"BIEG","name":"Egilsstaðir","tier":2}},{"type":"Feature","geometry":{"type":"Point","coordinates":[-157.3749,58.1844]},"properties":{"iata":"EGX","icao":"PAII","name":"Egegik","tier":2}},{"type":"Feature","geometry":{"type":"Point","coordinates":[92.1125,58.4742]},"properties":{"iata":"EIE","icao":"UNII","name":"Yeniseysk","tier":2}},{"type":"Feature","geometry":{"type":"Point","coordinates":[-73.8068,7.0243]},"properties":{"iata":"EJA","icao":"SKEJ","name":"Barrancabermeja","tier":2}},{"type":"Feature","geometry":{"type":"Point","coordinates":[36.4764,26.1986]},"properties":{"iata":"EJH","icao":"OEWJ","name":"Al Wajh","tier":2}},{"type":"Feature","geometry":{"type":"Point","coordinates":[-115.792,40.8249]},"properties":{"iata":"EKO","icao":"KEKO","name":"Elko","tier":2}},{"type":"Feature","geometry":{"type":"Point","coordinates":[135.571,-12.0194]},"properties":{"iata":"ELC","icao":"YELD","name":"Elcho Island","tier":2}},{"type":"Feature","geometry":{"type":"Point","coordinates":[-92.8133,33.221]},"properties":{"iata":"ELD","icao":"KELD","name":"El Dorado","tier":2}},{"type":"Feature","geometry":{"type":"Point","coordinates":[25.3246,13.6149]},"properties":{"iata":"ELF","icao":"HSFS","name":"El Fasher","tier":2}},{"type":"Feature","geometry":{"type":"Point","coordinates":[2.8616,30.5807]},"properties":{"iata":"ELG","icao":"DAUE","name":"El Menia","tier":2}},{"type":"Feature","geometry":{"type":"Point","coordinates":[-76.6808,25.4758]},"properties":{"iata":"ELH","icao":"MYEH","name":"North Eleuthera","tier":2}},{"type":"Feature","geometry":{"type":"Point","coordinates":[-76.8916,42.1599]},"properties":{"iata":"ELM","icao":"KELM","name":"Elmira/Corning","tier":2}},{"type":"Feature","geometry":{"type":"Point","coordinates":[6.7768,33.5114]},"properties":{"iata":"ELU","icao":"DAUO","name":"Guemar","tier":2}},{"type":"Feature","geometry":{"type":"Point","coordinates":[148.179,-23.5675]},"properties":{"iata":"EMD","icao":"YEML","name":"Emerald","tier":2}},{"type":"Feature","geometry":{"type":"Point","coordinates":[-164.491,62.7861]},"properties":{"iata":"EMK","icao":"PAEM","name":"Emmonak","tier":2}},{"type":"Feature","geometry":{"type":"Point","coordinates":[-151.2452,60.5709]},"properties":{"iata":"ENA","icao":"PAEN","name":"Kenai","tier":2}},{"type":"Feature","geometry":{"type":"Point","coordinates":[23.4243,68.3626]},"properties":{"iata":"ENF","icao":"EFET","name":"Enontekio","tier":2}},{"type":"Feature","geometry":{"type":"Point","coordinates":[109.485,30.3203]},"properties":{"iata":"ENH","icao":"ZHES","name":"Enshi (Enshi)","tier":2}},{"type":"Feature","geometry":{"type":"Point","coordinates":[109.4641,36.4794]},"properties":{"iata":"ENY","icao":"ZLYA","name":"Yan'an (Baota)","tier":2}},{"type":"Feature","geometry":{"type":"Point","coordinates":[-75.5906,6.2197]},"properties":{"iata":"EOH","icao":"SKMD","name":"Medellín","tier":2}},{"type":"Feature","geometry":{"type":"Point","coordinates":[-2.7722,59.1906]},"properties":{"iata":"EOI","icao":"EGED","name":"Eday","tier":2}},{"type":"Feature","geometry":{"type":"Point","coordinates":[121.823,-33.6844]},"properties":{"iata":"EPR","icao":"YESP","name":"Esperance","tier":2}},{"type":"Feature","geometry":{"type":"Point","coordinates":[24.4728,58.419]},"properties":{"iata":"EPU","icao":"EEPU","name":"Pärnu","tier":2}},{"type":"Feature","geometry":{"type":"Point","coordinates":[-71.1395,-42.908]},"properties":{"iata":"EQS","icao":"SAVE","name":"Esquel","tier":2}},{"type":"Feature","geometry":{"type":"Point","coordinates":[39.527,39.7102]},"properties":{"iata":"ERC","icao":"LTCD","name":"Erzincan","tier":2}},{"type":"Feature","geometry":{"type":"Point","coordinates":[-4.3983,31.9475]},"properties":{"iata":"ERH","icao":"GMFK","name":"Errachidia","tier":2}},{"type":"Feature","geometry":{"type":"Point","coordinates":[-80.1739,42.0831]},"properties":{"iata":"ERI","icao":"KERI","name":"Erie","tier":2}},{"type":"Feature","geometry":{"type":"Point","coordinates":[112.0911,43.4241]},"properties":{"iata":"ERL","icao":"ZBER","name":"Erenhot","tier":2}},{"type":"Feature","geometry":{"type":"Point","coordinates":[17.079,-22.6049]},"properties":{"iata":"ERS","icao":"FYWE","name":"Windhoek","tier":2}},{"type":"Feature","geometry":{"type":"Point","coordinates":[41.1702,39.9565]},"properties":{"iata":"ERZ","icao":"LTCE","name":"Erzurum","tier":2}},{"type":"Feature","geometry":{"type":"Point","coordinates":[-87.0886,45.7232]},"properties":{"iata":"ESC","icao":"KESC","name":"Escanaba","tier":2}},{"type":"Feature","geometry":{"type":"Point","coordinates":[-122.91,48.7082]},"properties":{"iata":"ESD","icao":"KORS","name":"Eastsound","tier":2}},{"type":"Feature","geometry":{"type":"Point","coordinates":[44.3309,46.3739]},"properties":{"iata":"ESL","icao":"URWI","name":"Elista","tier":2}},{"type":"Feature","geometry":{"type":"Point","coordinates":[-69.7652,-26.3111]},"properties":{"iata":"ESR","icao":"SCES","name":"El Salvador","tier":2}},{"type":"Feature","geometry":{"type":"Point","coordinates":[-9.6817,31.3975]},"properties":{"iata":"ESU","icao":"GMMI","name":"Essaouira","tier":2}},{"type":"Feature","geometry":{"type":"Point","coordinates":[-79.997,-3.442]},"properties":{"iata":"ETR","icao":"SERO","name":"Santa Rosa","tier":2}},{"type":"Feature","geometry":{"type":"Point","coordinates":[6.2513,48.9821]},"properties":{"iata":"ETZ","icao":"LFJL","name":"Goin","tier":2}},{"type":"Feature","geometry":{"type":"Point","coordinates":[-123.212,44.1246]},"properties":{"iata":"EUG","icao":"KEUG","name":"Eugene","tier":2}},{"type":"Feature","geometry":{"type":"Point","coordinates":[-62.9794,17.4965]},"properties":{"iata":"EUX","icao":"TNCE","name":"Oranjestad","tier":2}},{"type":"Feature","geometry":{"type":"Point","coordinates":[-87.5324,38.037]},"properties":{"iata":"EVV","icao":"KEVV","name":"Evansville","tier":2}},{"type":"Feature","geometry":{"type":"Point","coordinates":[-70.9569,41.6761]},"properties":{"iata":"EWB","icao":"KEWB","name":"New Bedford","tier":2}},{"type":"Feature","geometry":{"type":"Point","coordinates":[-77.0429,35.073]},"properties":{"iata":"EWN","icao":"KEWN","name":"New Bern","tier":2}},{"type":"Feature","geometry":{"type":"Point","coordinates":[-3.414,50.7343]},"properties":{"iata":"EXT","icao":"EGTE","name":"Exeter, Devon","tier":2}},{"type":"Feature","geometry":{"type":"Point","coordinates":[66.6986,63.6869]},"properties":{"iata":"EYK","icao":"USHQ","name":"Beloyarskiy Airport","tier":2}},{"type":"Feature","geometry":{"type":"Point","coordinates":[-72.384,5.3191]},"properties":{"iata":"EYP","icao":"SKYP","name":"Yopal","tier":2}},{"type":"Feature","geometry":{"type":"Point","coordinates":[-81.7596,24.5561]},"properties":{"iata":"EYW","icao":"KEYW","name":"Key West","tier":2}},{"type":"Feature","geometry":{"type":"Point","coordinates":[39.2835,38.598]},"properties":{"iata":"EZS","icao":"LTCA","name":"Elazığ","tier":2}},{"type":"Feature","geometry":{"type":"Point","coordinates":[-147.856,64.8151]},"properties":{"iata":"FAI","icao":"PAFA","name":"Fairbanks","tier":2}},{"type":"Feature","geometry":{"type":"Point","coordinates":[-96.8158,46.9207]},"properties":{"iata":"FAR","icao":"KFAR","name":"Fargo","tier":2}},{"type":"Feature","geometry":{"type":"Point","coordinates":[-145.657,-16.0541]},"properties":{"iata":"FAV","icao":"NTGF","name":"Fakarava Airport","tier":2}},{"type":"Feature","geometry":{"type":"Point","coordinates":[-78.8803,34.9912]},"properties":{"iata":"FAY","icao":"KFAY","name":"Fayetteville","tier":2}},{"type":"Feature","geometry":{"type":"Point","coordinates":[-114.256,48.3105]},"properties":{"iata":"FCA","icao":"KGPI","name":"Kalispell","tier":2}},{"type":"Feature","geometry":{"type":"Point","coordinates":[8.6592,53.7677]},"properties":{"iata":"FCN","icao":"ETMN","name":"Wurster Nordseeküste","tier":2}},{"type":"Feature","geometry":{"type":"Point","coordinates":[17.3817,-3.3113]},"properties":{"iata":"FDU","icao":"FZBO","name":"Bandundu","tier":2}},{"type":"Feature","geometry":{"type":"Point","coordinates":[71.745,40.3588]},"properties":{"iata":"FEG","icao":"UZFF","name":"Fergana","tier":2}},{"type":"Feature","geometry":{"type":"Point","coordinates":[-32.423,-3.8545]},"properties":{"iata":"FEN","icao":"SBFN","name":"Fernando de Noronha","tier":2}},{"type":"Feature","geometry":{"type":"Point","coordinates":[-140.8881,-15.82]},"properties":{"iata":"FGU","icao":"NTGB","name":"Fangatau","tier":2}},{"type":"Feature","geometry":{"type":"Point","coordinates":[125.5598,-18.1836]},"properties":{"iata":"FIZ","icao":"YFTZ","name":"Fitzroy Crossing Airport","tier":2}},{"type":"Feature","geometry":{"type":"Point","coordinates":[132.267,-2.9205]},"properties":{"iata":"FKQ","icao":"WASF","name":"Fakfak","tier":2}},{"type":"Feature","geometry":{"type":"Point","coordinates":[140.431,37.2274]},"properties":{"iata":"FKS","icao":"RJSF","name":"Sukagawa","tier":2}},{"type":"Feature","geometry":{"type":"Point","coordinates":[-75.5644,1.5892]},"properties":{"iata":"FLA","icao":"SKFL","name":"Florencia","tier":2}},{"type":"Feature","geometry":{"type":"Point","coordinates":[-111.6698,35.1398]},"properties":{"iata":"FLG","icao":"KFLG","name":"Flagstaff","tier":2}},{"type":"Feature","geometry":{"type":"Point","coordinates":[-79.7239,34.1854]},"properties":{"iata":"FLO","icao":"KFLO","name":"Florence","tier":2}},{"type":"Feature","geometry":{"type":"Point","coordinates":[-31.1314,39.4553]},"properties":{"iata":"FLW","icao":"LPFL","name":"Santa Cruz das Flores","tier":2}},{"type":"Feature","geometry":{"type":"Point","coordinates":[98.8871,1.5571]},"properties":{"iata":"FLZ","icao":"WIMS","name":"Sibolga (Pinangsori)","tier":2}},{"type":"Feature","geometry":{"type":"Point","coordinates":[-58.2281,-26.2127]},"properties":{"iata":"FMA","icao":"SARF","name":"Formosa","tier":2}},{"type":"Feature","geometry":{"type":"Point","coordinates":[29.25,-5.8756]},"properties":{"iata":"FMI","icao":"FZRF","name":"Kalemie","tier":2}},{"type":"Feature","geometry":{"type":"Point","coordinates":[4.4164,43.7574]},"properties":{"iata":"FNI","icao":"LFTW","name":"Nîmes/Garons","tier":2}},{"type":"Feature","geometry":{"type":"Point","coordinates":[-83.7434,42.9693]},"properties":{"iata":"FNT","icao":"KFNT","name":"Flint","tier":2}},{"type":"Feature","geometry":{"type":"Point","coordinates":[-94.1912,42.5526]},"properties":{"iata":"FOD","icao":"KFOD","name":"Fort Dodge","tier":2}},{"type":"Feature","geometry":{"type":"Point","coordinates":[15.5346,41.4336]},"properties":{"iata":"FOG","icao":"LIBF","name":"Foggia (FG)","tier":2}},{"type":"Feature","geometry":{"type":"Point","coordinates":[-84.5791,10.4693]},"properties":{"iata":"FON","icao":"MRAN","name":"La Fortuna","tier":2}},{"type":"Feature","geometry":{"type":"Point","coordinates":[-123.0246,48.5237]},"properties":{"iata":"FRD","icao":"KFHR","name":"Friday Harbor","tier":2}},{"type":"Feature","geometry":{"type":"Point","coordinates":[12.0701,44.1948]},"properties":{"iata":"FRL","icao":"LIPK","name":"Forlì (FC)","tier":2}},{"type":"Feature","geometry":{"type":"Point","coordinates":[5.0247,61.5836]},"properties":{"iata":"FRO","icao":"ENFL","name":"Florø","tier":2}},{"type":"Feature","geometry":{"type":"Point","coordinates":[-89.8661,16.9137]},"properties":{"iata":"FRS","icao":"MGMM","name":"San Benito","tier":2}},{"type":"Feature","geometry":{"type":"Point","coordinates":[-96.7412,43.5855]},"properties":{"iata":"FSD","icao":"KFSD","name":"Sioux Falls","tier":2}},{"type":"Feature","geometry":{"type":"Point","coordinates":[-94.3674,35.3366]},"properties":{"iata":"FSM","icao":"KFSM","name":"Fort Smith","tier":2}},{"type":"Feature","geometry":{"type":"Point","coordinates":[-56.175,46.7627]},"properties":{"iata":"FSP","icao":"LFVP","name":"Saint-Pierre","tier":2}},{"type":"Feature","geometry":{"type":"Point","coordinates":[-72.0534,-50.2803]},"properties":{"iata":"FTE","icao":"SAWC","name":"El Calafate","tier":2}},{"type":"Feature","geometry":{"type":"Point","coordinates":[46.9561,-25.0381]},"properties":{"iata":"FTU","icao":"FMSD","name":"Tôlanaro","tier":2}},{"type":"Feature","geometry":{"type":"Point","coordinates":[-97.3608,32.8199]},"properties":{"iata":"FTW","icao":"KFTW","name":"Fort Worth","tier":2}},{"type":"Feature","geometry":{"type":"Point","coordinates":[115.7344,32.8822]},"properties":{"iata":"FUG","icao":"ZSFY","name":"Yingzhou, Fuyang","tier":2}},{"type":"Feature","geometry":{"type":"Point","coordinates":[128.833,32.6663]},"properties":{"iata":"FUJ","icao":"RJFE","name":"Goto","tier":2}},{"type":"Feature","geometry":{"type":"Point","coordinates":[179.197,-8.5239]},"properties":{"iata":"FUN","icao":"NGFU","name":"Funafuti","tier":2}},{"type":"Feature","geometry":{"type":"Point","coordinates":[113.0708,23.0825]},"properties":{"iata":"FUO","icao":"ZGFS","name":"Foshan (Nanhai)","tier":2}},{"type":"Feature","geometry":{"type":"Point","coordinates":[-85.1945,40.9789]},"properties":{"iata":"FWA","icao":"KFWA","name":"Fort Wayne","tier":2}},{"type":"Feature","geometry":{"type":"Point","coordinates":[134.363,48.1972]},"properties":{"iata":"FYJ","icao":"ZYFY","name":"Fuyuan","tier":2}},{"type":"Feature","geometry":{"type":"Point","coordinates":[89.512,46.8042]},"properties":{"iata":"FYN","icao":"ZWFY","name":"Fuyun","tier":2}},{"type":"Feature","geometry":{"type":"Point","coordinates":[-145.25,66.5717]},"properties":{"iata":"FYU","icao":"PFYU","name":"Fort Yukon","tier":2}},{"type":"Feature","geometry":{"type":"Point","coordinates":[9.9194,33.7337]},"properties":{"iata":"GAE","icao":"DTTG","name":"Gabès","tier":2}},{"type":"Feature","geometry":{"type":"Point","coordinates":[8.8225,34.422]},"properties":{"iata":"GAF","icao":"DTTF","name":"Gafsa","tier":2}},{"type":"Feature","geometry":{"type":"Point","coordinates":[140.371,38.4119]},"properties":{"iata":"GAJ","icao":"RJSC","name":"Higashine","tier":2}},{"type":"Feature","geometry":{"type":"Point","coordinates":[-156.937,64.7362]},"properties":{"iata":"GAL","icao":"PAGA","name":"Galena","tier":2}},{"type":"Feature","geometry":{"type":"Point","coordinates":[-171.7333,63.7677]},"properties":{"iata":"GAM","icao":"PAGM","name":"Gambell","tier":2}},{"type":"Feature","geometry":{"type":"Point","coordinates":[-0.0054,16.2485]},"properties":{"iata":"GAQ","icao":"GAGO","name":"Gao","tier":2}},{"type":"Feature","geometry":{"type":"Point","coordinates":[84.9512,24.7443]},"properties":{"iata":"GAY","icao":"VEGY","name":"Gaya","tier":2}},{"type":"Feature","geometry":{"type":"Point","coordinates":[47.7254,40.8086]},"properties":{"iata":"GBB","icao":"UBBQ","name":"Gabala","tier":2}},{"type":"Feature","geometry":{"type":"Point","coordinates":[-61.2701,15.8689]},"properties":{"iata":"GBJ","icao":"TFFM","name":"Grand-Bourg","tier":2}},{"type":"Feature","geometry":{"type":"Point","coordinates":[-105.539,44.3489]},"properties":{"iata":"GCC","icao":"KGCC","name":"Gillette","tier":2}},{"type":"Feature","geometry":{"type":"Point","coordinates":[50.8338,30.3339]},"properties":{"iata":"GCH","icao":"OIAH","name":"Gachsaran","tier":2}},{"type":"Feature","geometry":{"type":"Point","coordinates":[-2.602,49.435]},"properties":{"iata":"GCI","icao":"EGJB","name":"Saint Peter Port","tier":2}},{"type":"Feature","geometry":{"type":"Point","coordinates":[-100.724,37.9275]},"properties":{"iata":"GCK","icao":"KGCK","name":"Garden City","tier":2}},{"type":"Feature","geometry":{"type":"Point","coordinates":[-112.147,35.9524]},"properties":{"iata":"GCN","icao":"KGCN","name":"Grand Canyon - Tusayan","tier":2}},{"type":"Feature","geometry":{"type":"Point","coordinates":[80.2903,21.5268]},"properties":{"iata":"GDB","icao":"VAGD","name":"Gondia","tier":2}},{"type":"Feature","geometry":{"type":"Point","coordinates":[43.5786,5.9351]},"properties":{"iata":"GDE","icao":"HAGO","name":"Gode","tier":2}},{"type":"Feature","geometry":{"type":"Point","coordinates":[37.434,12.5199]},"properties":{"iata":"GDQ","icao":"HAGN","name":"Azezo","tier":2}},{"type":"Feature","geometry":{"type":"Point","coordinates":[-71.1423,21.4445]},"properties":{"iata":"GDT","icao":"MBGT","name":"Cockburn Town","tier":2}},{"type":"Feature","geometry":{"type":"Point","coordinates":[-104.8069,47.1377]},"properties":{"iata":"GDV","icao":"KGDV","name":"Glendive","tier":2}},{"type":"Feature","geometry":{"type":"Point","coordinates":[150.72,59.911]},"properties":{"iata":"GDX","icao":"UHMM","name":"Magadan","tier":2}},{"type":"Feature","geometry":{"type":"Point","coordinates":[38.0125,44.5821]},"properties":{"iata":"GDZ","icao":"URKG","name":"Gelendzhik","tier":2}},{"type":"Feature","geometry":{"type":"Point","coordinates":[166.4728,-22.2577]},"properties":{"iata":"GEA","icao":"NWWM","name":"Nouméa","tier":2}},{"type":"Feature","geometry":{"type":"Point","coordinates":[33.7201,35.2359]},"properties":{"iata":"GEC","icao":"LCGK","name":"Lefkoniko (Geçitkale)","tier":2}},{"type":"Feature","geometry":{"type":"Point","coordinates":[-54.1696,-28.2825]},"properties":{"iata":"GEL","icao":"SBNM","name":"Santo Ângelo","tier":2}},{"type":"Feature","geometry":{"type":"Point","coordinates":[11.0249,1.6764]},"properties":{"iata":"GEM","icao":"FGMY","name":"Mengomeyén","tier":2}},{"type":"Feature","geometry":{"type":"Point","coordinates":[-82.7838,21.8347]},"properties":{"iata":"GER","icao":"MUNG","name":"Nueva Gerona","tier":2}},{"type":"Feature","geometry":{"type":"Point","coordinates":[114.707,-28.7961]},"properties":{"iata":"GET","icao":"YGEL","name":"Moonyoonooka","tier":2}},{"type":"Feature","geometry":{"type":"Point","coordinates":[20.8146,67.1324]},"properties":{"iata":"GEV","icao":"ESNG","name":"Gällivare","tier":2}},{"type":"Feature","geometry":{"type":"Point","coordinates":[146.067,-34.2508]},"properties":{"iata":"GFF","icao":"YGTH","name":"Griffith","tier":2}},{"type":"Feature","geometry":{"type":"Point","coordinates":[-97.1761,47.9493]},"properties":{"iata":"GFK","icao":"KGFK","name":"Grand Forks","tier":2}},{"type":"Feature","geometry":{"type":"Point","coordinates":[-94.7115,32.384]},"properties":{"iata":"GGG","icao":"KGGG","name":"Longview","tier":2}},{"type":"Feature","geometry":{"type":"Point","coordinates":[-75.878,23.5626]},"properties":{"iata":"GGT","icao":"MYEF","name":"Moss Town","tier":2}},{"type":"Feature","geometry":{"type":"Point","coordinates":[-106.615,48.2125]},"properties":{"iata":"GGW","icao":"KGGW","name":"Glasgow","tier":2}},{"type":"Feature","geometry":{"type":"Point","coordinates":[3.7941,32.3841]},"properties":{"iata":"GHA","icao":"DAUG","name":"El Atteuf","tier":2}},{"type":"Feature","geometry":{"type":"Point","coordinates":[-76.331,25.2847]},"properties":{"iata":"GHB","icao":"MYEM","name":"Governor's Harbour","tier":2}},{"type":"Feature","geometry":{"type":"Point","coordinates":[10.1426,25.1456]},"properties":{"iata":"GHT","icao":"HLGT","name":"Ghat","tier":2}},{"type":"Feature","geometry":{"type":"Point","coordinates":[29.9113,-3.4172]},"properties":{"iata":"GID","icao":"HBBE","name":"Gitega","tier":2}},{"type":"Feature","geometry":{"type":"Point","coordinates":[74.3336,35.9188]},"properties":{"iata":"GIL","icao":"OPGT","name":"Gilgit","tier":2}},{"type":"Feature","geometry":{"type":"Point","coordinates":[177.978,-38.6633]},"properties":{"iata":"GIS","icao":"NZGS","name":"Gisborne","tier":2}},{"type":"Feature","geometry":{"type":"Point","coordinates":[42.5858,16.9011]},"properties":{"iata":"GIZ","icao":"OEGN","name":"Jizan","tier":2}},{"type":"Feature","geometry":{"type":"Point","coordinates":[-85.9066,16.4454]},"properties":{"iata":"GJA","icao":"MHNJ","name":"Guanaja","tier":2}},{"type":"Feature","geometry":{"type":"Point","coordinates":[-108.5294,39.1267]},"properties":{"iata":"GJT","icao":"KGJT","name":"Grand Junction","tier":2}},{"type":"Feature","geometry":{"type":"Point","coordinates":[145.392,-6.0817]},"properties":{"iata":"GKA","icao":"AYGA","name":"Goronka","tier":2}},{"type":"Feature","geometry":{"type":"Point","coordinates":[-145.4547,62.1559]},"properties":{"iata":"GKN","icao":"PAGK","name":"Gulkana","tier":2}},{"type":"Feature","geometry":{"type":"Point","coordinates":[-83.1822,8.654]},"properties":{"iata":"GLF","icao":"MRGF","name":"Golfito","tier":2}},{"type":"Feature","geometry":{"type":"Point","coordinates":[-90.9856,33.4829]},"properties":{"iata":"GLH","icao":"KGLH","name":"Greenville","tier":2}},{"type":"Feature","geometry":{"type":"Point","coordinates":[151.2254,-23.8698]},"properties":{"iata":"GLT","icao":"YGLA","name":"Gladstone","tier":2}},{"type":"Feature","geometry":{"type":"Point","coordinates":[19.7713,3.2354]},"properties":{"iata":"GMA","icao":"FZFK","name":"Gemena","tier":2}},{"type":"Feature","geometry":{"type":"Point","coordinates":[34.5631,8.1288]},"properties":{"iata":"GMB","icao":"HAGM","name":"Gambela","tier":2}},{"type":"Feature","geometry":{"type":"Point","coordinates":[31.0167,52.527]},"properties":{"iata":"GME","icao":"UMGG","name":"Gomel","tier":2}},{"type":"Feature","geometry":{"type":"Point","coordinates":[10.9,10.2989]},"properties":{"iata":"GMO","icao":"DNGO","name":"Gombe","tier":2}},{"type":"Feature","geometry":{"type":"Point","coordinates":[100.3011,34.4181]},"properties":{"iata":"GMQ","icao":"ZLGL","name":"Golog (Maqên)","tier":2}},{"type":"Feature","geometry":{"type":"Point","coordinates":[-134.89,-23.0799]},"properties":{"iata":"GMR","icao":"NTGJ","name":"Totegegie Airport","tier":2}},{"type":"Feature","geometry":{"type":"Point","coordinates":[5.3294,45.3629]},"properties":{"iata":"GNB","icao":"LFLS","name":"Grenoble","tier":2}},{"type":"Feature","geometry":{"type":"Point","coordinates":[97.7052,1.1663]},"properties":{"iata":"GNS","icao":"WIMB","name":"Gunungsitoli","tier":2}},{"type":"Feature","geometry":{"type":"Point","coordinates":[-82.2718,29.6901]},"properties":{"iata":"GNV","icao":"KGNV","name":"Gainesville","tier":2}},{"type":"Feature","geometry":{"type":"Point","coordinates":[83.4497,26.7397]},"properties":{"iata":"GOP","icao":"VEGK","name":"Gorakhpur","tier":2}},{"type":"Feature","geometry":{"type":"Point","coordinates":[94.7861,36.4006]},"properties":{"iata":"GOQ","icao":"ZLGM","name":"Golmud","tier":2}},{"type":"Feature","geometry":{"type":"Point","coordinates":[136.818,-12.2694]},"properties":{"iata":"GOV","icao":"YPGV","name":"Nhulunbuy","tier":2}},{"type":"Feature","geometry":{"type":"Point","coordinates":[21.4256,38.1511]},"properties":{"iata":"GPA","icao":"LGRX","name":"Patras","tier":2}},{"type":"Feature","geometry":{"type":"Point","coordinates":[-77.898,2.5701]},"properties":{"iata":"GPI","icao":"SKGP","name":"Guapi","tier":2}},{"type":"Feature","geometry":{"type":"Point","coordinates":[-90.2659,-0.4538]},"properties":{"iata":"GPS","icao":"SEGS","name":"Isla Baltra","tier":2}},{"type":"Feature","geometry":{"type":"Point","coordinates":[-89.0698,30.4056]},"properties":{"iata":"GPT","icao":"KGPT","name":"Gulfport","tier":2}},{"type":"Feature","geometry":{"type":"Point","coordinates":[-88.1308,44.4835]},"properties":{"iata":"GRB","icao":"KGRB","name":"Green Bay","tier":2}},{"type":"Feature","geometry":{"type":"Point","coordinates":[-98.3096,40.9675]},"properties":{"iata":"GRI","icao":"KGRI","name":"Grand Island","tier":2}},{"type":"Feature","geometry":{"type":"Point","coordinates":[-97.8289,31.0672]},"properties":{"iata":"GRK","icao":"KGRK","name":"Fort Cavazos","tier":2}},{"type":"Feature","geometry":{"type":"Point","coordinates":[-28.0298,39.0922]},"properties":{"iata":"GRW","icao":"LPGR","name":"Santa Cruz da Graciosa","tier":2}},{"type":"Feature","geometry":{"type":"Point","coordinates":[-3.7774,37.1887]},"properties":{"iata":"GRX","icao":"LEGR","name":"Granada","tier":2}},{"type":"Feature","geometry":{"type":"Point","coordinates":[-18.0173,66.5458]},"properties":{"iata":"GRY","icao":"BIGR","name":"Grímsey/Sandvík","tier":2}},{"type":"Feature","geometry":{"type":"Point","coordinates":[-82.2189,34.8957]},"properties":{"iata":"GSP","icao":"KGSP","name":"Greenville/Greer/Spartanburg","tier":2}},{"type":"Feature","geometry":{"type":"Point","coordinates":[-135.707,58.4253]},"properties":{"iata":"GST","icao":"PAGS","name":"Gustavus","tier":2}},{"type":"Feature","geometry":{"type":"Point","coordinates":[136.4586,-13.9724]},"properties":{"iata":"GTE","icao":"YGTE","name":"Groote Eylandt","tier":2}},{"type":"Feature","geometry":{"type":"Point","coordinates":[-111.371,47.482]},"properties":{"iata":"GTF","icao":"KGTF","name":"Great Falls","tier":2}},{"type":"Feature","geometry":{"type":"Point","coordinates":[-88.5914,33.4503]},"properties":{"iata":"GTR","icao":"KGTR","name":"Columbus/W Point/Starkville","tier":2}},{"type":"Feature","geometry":{"type":"Point","coordinates":[-106.9346,38.5347]},"properties":{"iata":"GUC","icao":"KGUC","name":"Gunnison","tier":2}},{"type":"Feature","geometry":{"type":"Point","coordinates":[-108.7882,35.5117]},"properties":{"iata":"GUP","icao":"KGUP","name":"Gallup","tier":2}},{"type":"Feature","geometry":{"type":"Point","coordinates":[150.334,-10.3115]},"properties":{"iata":"GUR","icao":"AYGN","name":"Gurney","tier":2}},{"type":"Feature","geometry":{"type":"Point","coordinates":[-41.9829,-18.8959]},"properties":{"iata":"GVR","icao":"SBGV","name":"Governador Valadares","tier":2}},{"type":"Feature","geometry":{"type":"Point","coordinates":[78.2278,26.2933]},"properties":{"iata":"GWL","icao":"VIGR","name":"Gwalior","tier":2}},{"type":"Feature","geometry":{"type":"Point","coordinates":[8.3405,54.9132]},"properties":{"iata":"GWT","icao":"EDXW","name":"Sylt","tier":2}},{"type":"Feature","geometry":{"type":"Point","coordinates":[15.2877,-7.7545]},"properties":{"iata":"GXG","icao":"FNNG","name":"Negage","tier":2}},{"type":"Feature","geometry":{"type":"Point","coordinates":[102.6223,34.819]},"properties":{"iata":"GXH","icao":"ZLXH","name":"Gannan (Xiahe)","tier":2}},{"type":"Feature","geometry":{"type":"Point","coordinates":[-65.381,-10.8886]},"properties":{"iata":"GYA","icao":"SLGM","name":"Guayaramerín","tier":2}},{"type":"Feature","geometry":{"type":"Point","coordinates":[-110.925,27.969]},"properties":{"iata":"GYM","icao":"MMGM","name":"Guaymas","tier":2}},{"type":"Feature","geometry":{"type":"Point","coordinates":[105.6946,32.3903]},"properties":{"iata":"GYS","icao":"ZUGU","name":"Guangyuan (Lizhou)","tier":2}},{"type":"Feature","geometry":{"type":"Point","coordinates":[106.2169,36.0789]},"properties":{"iata":"GYU","icao":"ZLGY","name":"Guyuan (Yuanzhou)","tier":2}},{"type":"Feature","geometry":{"type":"Point","coordinates":[-87.4132,41.6171]},"properties":{"iata":"GYY","icao":"KGYY","name":"Gary","tier":2}},{"type":"Feature","geometry":{"type":"Point","coordinates":[32.297,36.2988]},"properties":{"iata":"GZP","icao":"LTFG","name":"Gazipaşa","tier":2}},{"type":"Feature","geometry":{"type":"Point","coordinates":[139.7856,33.1148]},"properties":{"iata":"HAC","icao":"RJTH","name":"Hachijojima","tier":2}},{"type":"Feature","geometry":{"type":"Point","coordinates":[12.8202,56.6911]},"properties":{"iata":"HAD","icao":"ESMT","name":"Halmstad","tier":2}},{"type":"Feature","geometry":{"type":"Point","coordinates":[5.2084,59.3453]},"properties":{"iata":"HAU","icao":"ENHD","name":"Karmøy","tier":2}},{"type":"Feature","geometry":{"type":"Point","coordinates":[75.0821,15.3611]},"properties":{"iata":"HBX","icao":"VOHB","name":"Hubballi","tier":2}},{"type":"Feature","geometry":{"type":"Point","coordinates":[107.7108,24.8043]},"properties":{"iata":"HCJ","icao":"ZGHC","name":"Hechi (Jinchengjiang)","tier":2}},{"type":"Feature","geometry":{"type":"Point","coordinates":[-159.775,62.1883]},"properties":{"iata":"HCR","icao":"PAHC","name":"Holy Cross","tier":2}},{"type":"Feature","geometry":{"type":"Point","coordinates":[112.8454,25.7534]},"properties":{"iata":"HCZ","icao":"ZGCZ","name":"Chenzhou","tier":2}},{"type":"Feature","geometry":{"type":"Point","coordinates":[14.1523,53.8787]},"properties":{"iata":"HDF","icao":"EDAH","name":"Zirchow","tier":2}},{"type":"Feature","geometry":{"type":"Point","coordinates":[114.4241,36.5248]},"properties":{"iata":"HDG","icao":"ZBHD","name":"Handan","tier":2}},{"type":"Feature","geometry":{"type":"Point","coordinates":[48.5607,34.8664]},"properties":{"iata":"HDM","icao":"OIHH","name":"Hamadan","tier":2}},{"type":"Feature","geometry":{"type":"Point","coordinates":[-107.218,40.4812]},"properties":{"iata":"HDN","icao":"KHDN","name":"Hayden","tier":2}},{"type":"Feature","geometry":{"type":"Point","coordinates":[31.0529,-24.3619]},"properties":{"iata":"HDS","icao":"FAHS","name":"Hoedspruit","tier":2}},{"type":"Feature","geometry":{"type":"Point","coordinates":[96.792,20.7471]},"properties":{"iata":"HEH","icao":"VYHH","name":"Heho","tier":2}},{"type":"Feature","geometry":{"type":"Point","coordinates":[127.3089,50.1716]},"properties":{"iata":"HEK","icao":"ZYHE","name":"Heihe","tier":2}},{"type":"Feature","geometry":{"type":"Point","coordinates":[35.0437,32.8102]},"properties":{"iata":"HFA","icao":"LLHA","name":"Haifa","tier":2}},{"type":"Feature","geometry":{"type":"Point","coordinates":[-15.2272,64.2956]},"properties":{"iata":"HFN","icao":"BIHN","name":"Höfn","tier":2}},{"type":"Feature","geometry":{"type":"Point","coordinates":[23.6686,70.6797]},"properties":{"iata":"HFT","icao":"ENHF","name":"Hammerfest","tier":2}},{"type":"Feature","geometry":{"type":"Point","coordinates":[93.6388,26.9668]},"properties":{"iata":"HGI","icao":"VEHO","name":"Hollongi","tier":2}},{"type":"Feature","geometry":{"type":"Point","coordinates":[97.9758,19.3013]},"properties":{"iata":"HGN","icao":"VTCH","name":"Mae Hong Son","tier":2}},{"type":"Feature","geometry":{"type":"Point","coordinates":[-5.5567,9.3872]},"properties":{"iata":"HGO","icao":"DIKO","name":"Korhogo","tier":2}},{"type":"Feature","geometry":{"type":"Point","coordinates":[-77.728,39.7088]},"properties":{"iata":"HGR","icao":"KHGR","name":"Hagerstown","tier":2}},{"type":"Feature","geometry":{"type":"Point","coordinates":[144.2994,-5.8282]},"properties":{"iata":"HGU","icao":"AYMH","name":"Mount Hagen","tier":2}},{"type":"Feature","geometry":{"type":"Point","coordinates":[-80.6975,32.2244]},"properties":{"iata":"HHH","icao":"KHXD","name":"Hilton Head Island","tier":2}},{"type":"Feature","geometry":{"type":"Point","coordinates":[99.9515,12.6362]},"properties":{"iata":"HHQ","icao":"VTPH","name":"Hua Hin","tier":2}},{"type":"Feature","geometry":{"type":"Point","coordinates":[-118.335,33.9228]},"properties":{"iata":"HHR","icao":"KHHR","name":"Hawthorne","tier":2}},{"type":"Feature","geometry":{"type":"Point","coordinates":[-92.8369,47.3848]},"properties":{"iata":"HIB","icao":"KHIB","name":"Hibbing","tier":2}},{"type":"Feature","geometry":{"type":"Point","coordinates":[142.2928,-10.5856]},"properties":{"iata":"HID","icao":"YHID","name":"Horn","tier":2}},{"type":"Feature","geometry":{"type":"Point","coordinates":[-114.3577,34.5705]},"properties":{"iata":"HII","icao":"KHII","name":"Lake Havasu City","tier":2}},{"type":"Feature","geometry":{"type":"Point","coordinates":[128.0717,35.0886]},"properties":{"iata":"HIN","icao":"RKPS","name":"Sacheon","tier":2}},{"type":"Feature","geometry":{"type":"Point","coordinates":[109.7047,27.4431]},"properties":{"iata":"HJJ","icao":"ZGCJ","name":"Huaihua","tier":2}},{"type":"Feature","geometry":{"type":"Point","coordinates":[79.9186,24.8172]},"properties":{"iata":"HJR","icao":"VEKO","name":"Khajuraho","tier":2}},{"type":"Feature","geometry":{"type":"Point","coordinates":[170.985,-42.7136]},"properties":{"iata":"HKK","icao":"NZHK","name":"Hokitika Airfield","tier":2}},{"type":"Feature","geometry":{"type":"Point","coordinates":[150.4073,-5.4638]},"properties":{"iata":"HKN","icao":"AYHK","name":"Kimbe","tier":2}},{"type":"Feature","geometry":{"type":"Point","coordinates":[-5.6461,-15.9589]},"properties":{"iata":"HLE","icao":"FHSH","name":"Jamestown","tier":2}},{"type":"Feature","geometry":{"type":"Point","coordinates":[-111.983,46.6068]},"properties":{"iata":"HLN","icao":"KHLN","name":"Helena","tier":2}},{"type":"Feature","geometry":{"type":"Point","coordinates":[175.332,-37.867]},"properties":{"iata":"HLZ","icao":"NZHN","name":"Hamilton","tier":2}},{"type":"Feature","geometry":{"type":"Point","coordinates":[69.0861,61.0285]},"properties":{"iata":"HMA","icao":"USHH","name":"Khanty-Mansiysk","tier":2}},{"type":"Feature","geometry":{"type":"Point","coordinates":[6.1404,31.673]},"properties":{"iata":"HME","icao":"DAUH","name":"Hassi Messaoud","tier":2}},{"type":"Feature","geometry":{"type":"Point","coordinates":[93.6692,42.8414]},"properties":{"iata":"HMI","icao":"ZWHM","name":"Hami","tier":2}},{"type":"Feature","geometry":{"type":"Point","coordinates":[141.135,39.4286]},"properties":{"iata":"HNA","icao":"RJSI","name":"Hanamaki","tier":2}},{"type":"Feature","geometry":{"type":"Point","coordinates":[-156.014,20.7956]},"properties":{"iata":"HNM","icao":"PHHN","name":"Hana","tier":2}},{"type":"Feature","geometry":{"type":"Point","coordinates":[-135.5239,59.2439]},"properties":{"iata":"HNS","icao":"PAHN","name":"Haines","tier":2}},{"type":"Feature","geometry":{"type":"Point","coordinates":[-103.217,32.6875]},"properties":{"iata":"HOB","icao":"KHOB","name":"Hobbs","tier":2}},{"type":"Feature","geometry":{"type":"Point","coordinates":[-140.946,-18.0748]},"properties":{"iata":"HOI","icao":"NTTO","name":"Otepa","tier":2}},{"type":"Feature","geometry":{"type":"Point","coordinates":[-151.4792,59.6445]},"properties":{"iata":"HOM","icao":"PAHO","name":"Homer","tier":2}},{"type":"Feature","geometry":{"type":"Point","coordinates":[-28.7159,38.5199]},"properties":{"iata":"HOR","icao":"LPHR","name":"Horta","tier":2}},{"type":"Feature","geometry":{"type":"Point","coordinates":[-93.0963,34.4788]},"properties":{"iata":"HOT","icao":"KHOT","name":"Hot Springs","tier":2}},{"type":"Feature","geometry":{"type":"Point","coordinates":[6.0741,62.18]},"properties":{"iata":"HOV","icao":"ENOV","name":"Ørsta","tier":2}},{"type":"Feature","geometry":{"type":"Point","coordinates":[-174.341,-19.777]},"properties":{"iata":"HPA","icao":"NFTL","name":"Lifuka","tier":2}},{"type":"Feature","geometry":{"type":"Point","coordinates":[110.34,31.626]},"properties":{"iata":"HPG","icao":"ZHSN","name":"Shennongjia (Hongping)","tier":2}},{"type":"Feature","geometry":{"type":"Point","coordinates":[-73.7076,41.067]},"properties":{"iata":"HPN","icao":"KHPN","name":"White Plains","tier":2}},{"type":"Feature","geometry":{"type":"Point","coordinates":[75.2889,37.6613]},"properties":{"iata":"HQL","icao":"ZWTK","name":"Tashikuergan","tier":2}},{"type":"Feature","geometry":{"type":"Point","coordinates":[81.1242,6.2839]},"properties":{"iata":"HRI","icao":"VCRI","name":"Mattala","tier":2}},{"type":"Feature","geometry":{"type":"Point","coordinates":[-97.6544,26.2285]},"properties":{"iata":"HRL","icao":"KHRL","name":"Harlingen","tier":2}},{"type":"Feature","geometry":{"type":"Point","coordinates":[-93.1547,36.2615]},"properties":{"iata":"HRO","icao":"KHRO","name":"Harrison","tier":2}},{"type":"Feature","geometry":{"type":"Point","coordinates":[113.421,24.9786]},"properties":{"iata":"HSC","icao":"ZGSG","name":"Shaoguan","tier":2}},{"type":"Feature","geometry":{"type":"Point","coordinates":[-156.351,65.6979]},"properties":{"iata":"HSL","icao":"PAHL","name":"Huslia","tier":2}},{"type":"Feature","geometry":{"type":"Point","coordinates":[-86.7744,34.6362]},"properties":{"iata":"HSV","icao":"KHSV","name":"Huntsville","tier":2}},{"type":"Feature","geometry":{"type":"Point","coordinates":[102.491,71.9781]},"properties":{"iata":"HTG","icao":"UOHH","name":"Khatanga","tier":2}},{"type":"Feature","geometry":{"type":"Point","coordinates":[148.952,-20.3581]},"properties":{"iata":"HTI","icao":"YBHM","name":"Hamilton Island","tier":2}},{"type":"Feature","geometry":{"type":"Point","coordinates":[79.8649,37.0385]},"properties":{"iata":"HTN","icao":"ZWTN","name":"Hotan","tier":2}},{"type":"Feature","geometry":{"type":"Point","coordinates":[-82.558,38.3667]},"properties":{"iata":"HTS","icao":"KHTS","name":"Huntington","tier":2}},{"type":"Feature","geometry":{"type":"Point","coordinates":[90.8378,38.2016]},"properties":{"iata":"HTT","icao":"ZLHX","name":"Mengnai","tier":2}},{"type":"Feature","geometry":{"type":"Point","coordinates":[36.2856,36.3608]},"properties":{"iata":"HTY","icao":"LTDA","name":"Antakya","tier":2}},{"type":"Feature","geometry":{"type":"Point","coordinates":[-151.0216,-16.6871]},"properties":{"iata":"HUH","icao":"NTTH","name":"Fare","tier":2}},{"type":"Feature","geometry":{"type":"Point","coordinates":[107.7031,16.4006]},"properties":{"iata":"HUI","icao":"VVPB","name":"Huế","tier":2}},{"type":"Feature","geometry":{"type":"Point","coordinates":[119.4072,45.4872]},"properties":{"iata":"HUO","icao":"ZBHZ","name":"Holingol","tier":2}},{"type":"Feature","geometry":{"type":"Point","coordinates":[-76.2048,-9.8788]},"properties":{"iata":"HUU","icao":"SPNC","name":"Huánuco","tier":2}},{"type":"Feature","geometry":{"type":"Point","coordinates":[-0.3495,53.5762]},"properties":{"iata":"HUY","icao":"EGNJ","name":"Grimsby, Lincolnshire","tier":2}},{"type":"Feature","geometry":{"type":"Point","coordinates":[114.6,23.05]},"properties":{"iata":"HUZ","icao":"ZGHZ","name":"Huizhou (Pingtan)","tier":2}},{"type":"Feature","geometry":{"type":"Point","coordinates":[152.8807,-25.3201]},"properties":{"iata":"HVB","icao":"YHBA","name":"Hervey Bay","tier":2}},{"type":"Feature","geometry":{"type":"Point","coordinates":[91.6282,47.9541]},"properties":{"iata":"HVD","icao":"ZMKD","name":"Khovd","tier":2}},{"type":"Feature","geometry":{"type":"Point","coordinates":[25.9836,71.0097]},"properties":{"iata":"HVG","icao":"ENHV","name":"Honningsvåg","tier":2}},{"type":"Feature","geometry":{"type":"Point","coordinates":[-72.8877,41.2629]},"properties":{"iata":"HVN","icao":"KHVN","name":"New Haven","tier":2}},{"type":"Feature","geometry":{"type":"Point","coordinates":[-109.7629,48.5414]},"properties":{"iata":"HVR","icao":"KHVR","name":"Havre","tier":2}},{"type":"Feature","geometry":{"type":"Point","coordinates":[97.2687,37.1253]},"properties":{"iata":"HXD","icao":"ZLDL","name":"Delingha","tier":2}},{"type":"Feature","geometry":{"type":"Point","coordinates":[-70.2804,41.6693]},"properties":{"iata":"HYA","icao":"KHYA","name":"Hyannis","tier":2}},{"type":"Feature","geometry":{"type":"Point","coordinates":[121.429,28.5622]},"properties":{"iata":"HYN","icao":"ZSLQ","name":"Taizhou (Luqiao)","tier":2}},{"type":"Feature","geometry":{"type":"Point","coordinates":[-99.2731,38.8445]},"properties":{"iata":"HYS","icao":"KHYS","name":"Hays","tier":2}},{"type":"Feature","geometry":{"type":"Point","coordinates":[115.7367,35.213]},"properties":{"iata":"HZA","icao":"ZSHZ","name":"Heze (Dingtao)","tier":2}},{"type":"Feature","geometry":{"type":"Point","coordinates":[107.2038,33.1335]},"properties":{"iata":"HZG","icao":"ZLHZ","name":"Hanzhong (Chenggu)","tier":2}},{"type":"Feature","geometry":{"type":"Point","coordinates":[109.1499,26.3222]},"properties":{"iata":"HZH","icao":"ZUNP","name":"Liping","tier":2}},{"type":"Feature","geometry":{"type":"Point","coordinates":[86.6219,67.4372]},"properties":{"iata":"IAA","icao":"UOII","name":"Igarka","tier":2}},{"type":"Feature","geometry":{"type":"Point","coordinates":[-78.9462,43.1073]},"properties":{"iata":"IAG","icao":"KIAG","name":"Niagara Falls","tier":2}},{"type":"Feature","geometry":{"type":"Point","coordinates":[9.6429,28.0515]},"properties":{"iata":"IAM","icao":"DAUZ","name":"In Aménas","tier":2}},{"type":"Feature","geometry":{"type":"Point","coordinates":[-160.439,66.9761]},"properties":{"iata":"IAN","icao":"PAIK","name":"Kiana","tier":2}},{"type":"Feature","geometry":{"type":"Point","coordinates":[3.9783,7.3625]},"properties":{"iata":"IBA","icao":"DNIB","name":"Ibadan","tier":2}},{"type":"Feature","geometry":{"type":"Point","coordinates":[-75.1333,4.4216]},"properties":{"iata":"IBE","icao":"SKIB","name":"Ibagué","tier":2}},{"type":"Feature","geometry":{"type":"Point","coordinates":[-97.4286,37.6503]},"properties":{"iata":"ICT","icao":"KICT","name":"Wichita","tier":2}},{"type":"Feature","geometry":{"type":"Point","coordinates":[-112.071,43.5146]},"properties":{"iata":"IDA","icao":"KIDA","name":"Idaho Falls","tier":2}},{"type":"Feature","geometry":{"type":"Point","coordinates":[15.7986,52.1385]},"properties":{"iata":"IEG","icao":"EPZG","name":"Nowe Kramsko","tier":2}},{"type":"Feature","geometry":{"type":"Point","coordinates":[-23.1353,66.0581]},"properties":{"iata":"IFJ","icao":"BIIS","name":"Ísafjörður","tier":2}},{"type":"Feature","geometry":{"type":"Point","coordinates":[24.6861,48.8842]},"properties":{"iata":"IFO","icao":"UKLI","name":"Ivano-Frankivsk","tier":2}},{"type":"Feature","geometry":{"type":"Point","coordinates":[-73.6669,20.975]},"properties":{"iata":"IGA","icao":"MYIG","name":"Matthew Town","tier":2}},{"type":"Feature","geometry":{"type":"Point","coordinates":[43.8766,39.9766]},"properties":{"iata":"IGD","icao":"LTCT","name":"Iğdır","tier":2}},{"type":"Feature","geometry":{"type":"Point","coordinates":[-54.4734,-25.7373]},"properties":{"iata":"IGR","icao":"SARI","name":"Puerto Iguazu","tier":2}},{"type":"Feature","geometry":{"type":"Point","coordinates":[45.0126,43.3233]},"properties":{"iata":"IGT","icao":"URMS","name":"Sunzha","tier":2}},{"type":"Feature","geometry":{"type":"Point","coordinates":[53.4622,56.8345]},"properties":{"iata":"IJK","icao":"USII","name":"Izhevsk","tier":2}},{"type":"Feature","geometry":{"type":"Point","coordinates":[78.4078,42.5081]},"properties":{"iata":"IKG","icao":"UCFK","name":"Karakol","tier":2}},{"type":"Feature","geometry":{"type":"Point","coordinates":[129.785,33.749]},"properties":{"iata":"IKI","icao":"RJDB","name":"Iki","tier":2}},{"type":"Feature","geometry":{"type":"Point","coordinates":[128.903,71.6977]},"properties":{"iata":"IKS","icao":"UEST","name":"Tiksi","tier":2}},{"type":"Feature","geometry":{"type":"Point","coordinates":[0.535,41.7282]},"properties":{"iata":"ILD","icao":"LEDA","name":"Lleida","tier":2}},{"type":"Feature","geometry":{"type":"Point","coordinates":[-75.6065,39.6787]},"properties":{"iata":"ILG","icao":"KILG","name":"Wilmington","tier":2}},{"type":"Feature","geometry":{"type":"Point","coordinates":[-154.911,59.7544]},"properties":{"iata":"ILI","icao":"PAIL","name":"Iliamna","tier":2}},{"type":"Feature","geometry":{"type":"Point","coordinates":[-77.9051,34.2723]},"properties":{"iata":"ILM","icao":"KILM","name":"Wilmington","tier":2}},{"type":"Feature","geometry":{"type":"Point","coordinates":[167.456,-22.5889]},"properties":{"iata":"ILP","icao":"NWWE","name":"Île des Pins","tier":2}},{"type":"Feature","geometry":{"type":"Point","coordinates":[-71.344,-17.695]},"properties":{"iata":"ILQ","icao":"SPLO","name":"Ilo","tier":2}},{"type":"Feature","geometry":{"type":"Point","coordinates":[-89.1199,13.6995]},"properties":{"iata":"ILS","icao":"MSSS","name":"San Salvador","tier":2}},{"type":"Feature","geometry":{"type":"Point","coordinates":[-6.2575,55.6827]},"properties":{"iata":"ILY","icao":"EGPI","name":"Isle of Islay, Argyll and Bute","tier":2}},{"type":"Feature","geometry":{"type":"Point","coordinates":[-47.46,-5.5313]},"properties":{"iata":"IMP","icao":"SBIZ","name":"Imperatriz","tier":2}},{"type":"Feature","geometry":{"type":"Point","coordinates":[-88.1146,45.8191]},"properties":{"iata":"IMT","icao":"KIMT","name":"Kingsford","tier":2}},{"type":"Feature","geometry":{"type":"Point","coordinates":[35.4085,-23.8764]},"properties":{"iata":"INH","icao":"FQIN","name":"Inhambane","tier":2}},{"type":"Feature","geometry":{"type":"Point","coordinates":[-93.4031,48.5662]},"properties":{"iata":"INL","icao":"KINL","name":"International Falls","tier":2}},{"type":"Feature","geometry":{"type":"Point","coordinates":[166.9195,-0.5479]},"properties":{"iata":"INU","icao":"ANYN","name":"Yaren","tier":2}},{"type":"Feature","geometry":{"type":"Point","coordinates":[-4.0475,57.5425]},"properties":{"iata":"INV","icao":"EGPE","name":"Inverness","tier":2}},{"type":"Feature","geometry":{"type":"Point","coordinates":[2.512,27.251]},"properties":{"iata":"INZ","icao":"DAUI","name":"In Salah","tier":2}},{"type":"Feature","geometry":{"type":"Point","coordinates":[20.8225,39.6964]},"properties":{"iata":"IOA","icao":"LGIO","name":"Ioannina","tier":2}},{"type":"Feature","geometry":{"type":"Point","coordinates":[-39.0335,-14.8159]},"properties":{"iata":"IOS","icao":"SBIL","name":"Ilhéus","tier":2}},{"type":"Feature","geometry":{"type":"Point","coordinates":[-77.6718,0.8619]},"properties":{"iata":"IPI","icao":"SKIP","name":"Ipiales","tier":2}},{"type":"Feature","geometry":{"type":"Point","coordinates":[-115.574,32.8354]},"properties":{"iata":"IPL","icao":"KIPL","name":"Imperial","tier":2}},{"type":"Feature","geometry":{"type":"Point","coordinates":[-42.4876,-19.4707]},"properties":{"iata":"IPN","icao":"SBIP","name":"Ipatinga","tier":2}},{"type":"Feature","geometry":{"type":"Point","coordinates":[-76.9224,41.2421]},"properties":{"iata":"IPT","icao":"KIPT","name":"Williamsport","tier":2}},{"type":"Feature","geometry":{"type":"Point","coordinates":[85.4655,38.2345]},"properties":{"iata":"IQM","icao":"ZWCM","name":"Qiemo","tier":2}},{"type":"Feature","geometry":{"type":"Point","coordinates":[107.5989,35.8026]},"properties":{"iata":"IQN","icao":"ZLQY","name":"Qingyang (Xifeng)","tier":2}},{"type":"Feature","geometry":{"type":"Point","coordinates":[143.305,-12.7869]},"properties":{"iata":"IRG","icao":"YLHR","name":"Lockhart River","tier":2}},{"type":"Feature","geometry":{"type":"Point","coordinates":[-66.7958,-29.3816]},"properties":{"iata":"IRJ","icao":"SANL","name":"La Rioja","tier":2}},{"type":"Feature","geometry":{"type":"Point","coordinates":[-92.5449,40.0935]},"properties":{"iata":"IRK","icao":"KIRK","name":"Kirksville","tier":2}},{"type":"Feature","geometry":{"type":"Point","coordinates":[27.5883,2.8276]},"properties":{"iata":"IRP","icao":"FZJH","name":"Isiro","tier":2}},{"type":"Feature","geometry":{"type":"Point","coordinates":[139.4885,-20.6664]},"properties":{"iata":"ISA","icao":"YBMA","name":"Mount Isa","tier":2}},{"type":"Feature","geometry":{"type":"Point","coordinates":[30.3684,37.8554]},"properties":{"iata":"ISE","icao":"LTFC","name":"Isparta","tier":2}},{"type":"Feature","geometry":{"type":"Point","coordinates":[124.245,24.3964]},"properties":{"iata":"ISG","icao":"ROIG","name":"Ishigaki","tier":2}},{"type":"Feature","geometry":{"type":"Point","coordinates":[-73.1017,40.7963]},"properties":{"iata":"ISP","icao":"KISP","name":"Islip","tier":2}},{"type":"Feature","geometry":{"type":"Point","coordinates":[45.3151,35.5605]},"properties":{"iata":"ISU","icao":"ORSJ","name":"Sulaymaniyah","tier":2}},{"type":"Feature","geometry":{"type":"Point","coordinates":[-56.0007,-4.2421]},"properties":{"iata":"ITB","icao":"SBIH","name":"Itaituba","tier":2}},{"type":"Feature","geometry":{"type":"Point","coordinates":[-76.4584,42.491]},"properties":{"iata":"ITH","icao":"KITH","name":"Ithaca","tier":2}},{"type":"Feature","geometry":{"type":"Point","coordinates":[-155.0454,19.7214]},"properties":{"iata":"ITO","icao":"PHTO","name":"Hilo","tier":2}},{"type":"Feature","geometry":{"type":"Point","coordinates":[-169.9235,-19.0801]},"properties":{"iata":"IUE","icao":"NIUE","name":"Alofi","tier":2}},{"type":"Feature","geometry":{"type":"Point","coordinates":[168.313,-46.4124]},"properties":{"iata":"IVC","icao":"NZNV","name":"Invercargill","tier":2}},{"type":"Feature","geometry":{"type":"Point","coordinates":[40.9408,56.9394]},"properties":{"iata":"IWA","icao":"UUBI","name":"Ivanovo","tier":2}},{"type":"Feature","geometry":{"type":"Point","coordinates":[131.79,34.6764]},"properties":{"iata":"IWJ","icao":"RJOW","name":"Masuda","tier":2}},{"type":"Feature","geometry":{"type":"Point","coordinates":[132.2472,34.1463]},"properties":{"iata":"IWK","icao":"RJOI","name":"Iwakuni","tier":2}},{"type":"Feature","geometry":{"type":"Point","coordinates":[91.2404,23.887]},"properties":{"iata":"IXA","icao":"VEAT","name":"Agartala","tier":2}},{"type":"Feature","geometry":{"type":"Point","coordinates":[81.7339,25.4401]},"properties":{"iata":"IXD","icao":"VEAB","name":"Allahabad","tier":2}},{"type":"Feature","geometry":{"type":"Point","coordinates":[74.6183,15.8593]},"properties":{"iata":"IXG","icao":"VOBM","name":"Belgaum","tier":2}},{"type":"Feature","geometry":{"type":"Point","coordinates":[94.0973,27.2957]},"properties":{"iata":"IXI","icao":"VELR","name":"Lilabari","tier":2}},{"type":"Feature","geometry":{"type":"Point","coordinates":[74.8382,32.6888]},"properties":{"iata":"IXJ","icao":"VIJU","name":"Jammu","tier":2}},{"type":"Feature","geometry":{"type":"Point","coordinates":[70.2704,21.3171]},"properties":{"iata":"IXK","icao":"VAKS","name":"Keshod","tier":2}},{"type":"Feature","geometry":{"type":"Point","coordinates":[77.5465,34.1359]},"properties":{"iata":"IXL","icao":"VILH","name":"Leh","tier":2}},{"type":"Feature","geometry":{"type":"Point","coordinates":[78.0934,9.8345]},"properties":{"iata":"IXM","icao":"VOMD","name":"Madurai","tier":2}},{"type":"Feature","geometry":{"type":"Point","coordinates":[75.6344,32.2336]},"properties":{"iata":"IXP","icao":"VIPK","name":"Pathankot","tier":2}},{"type":"Feature","geometry":{"type":"Point","coordinates":[85.3217,23.3143]},"properties":{"iata":"IXR","icao":"VERC","name":"Ranchi","tier":2}},{"type":"Feature","geometry":{"type":"Point","coordinates":[92.9787,24.9129]},"properties":{"iata":"IXS","icao":"VEKU","name":"Silchar","tier":2}},{"type":"Feature","geometry":{"type":"Point","coordinates":[75.3963,19.8629]},"properties":{"iata":"IXU","icao":"VAAU","name":"Aurangabad","tier":2}},{"type":"Feature","geometry":{"type":"Point","coordinates":[70.1003,23.1127]},"properties":{"iata":"IXY","icao":"VAKE","name":"Kandla","tier":2}},{"type":"Feature","geometry":{"type":"Point","coordinates":[-43.1731,-21.5131]},"properties":{"iata":"IZA","icao":"SBZM","name":"Juiz de Fora","tier":2}},{"type":"Feature","geometry":{"type":"Point","coordinates":[132.89,35.4136]},"properties":{"iata":"IZO","icao":"RJOC","name":"Izumo","tier":2}},{"type":"Feature","geometry":{"type":"Point","coordinates":[-95.0937,16.446]},"properties":{"iata":"IZT","icao":"MMIT","name":"Ixtepec","tier":2}},{"type":"Feature","geometry":{"type":"Point","coordinates":[-110.738,43.6073]},"properties":{"iata":"JAC","icao":"KJAC","name":"Jackson","tier":2}},{"type":"Feature","geometry":{"type":"Point","coordinates":[-78.774,-5.5925]},"properties":{"iata":"JAE","icao":"SPJE","name":"Jaén","tier":2}},{"type":"Feature","geometry":{"type":"Point","coordinates":[-90.0759,32.3112]},"properties":{"iata":"JAN","icao":"KJAN","name":"Jackson","tier":2}},{"type":"Feature","geometry":{"type":"Point","coordinates":[-75.4734,-11.7831]},"properties":{"iata":"JAU","icao":"SPJJ","name":"Jauja","tier":2}},{"type":"Feature","geometry":{"type":"Point","coordinates":[-51.0571,69.2432]},"properties":{"iata":"JAV","icao":"BGJN","name":"Ilulissat","tier":2}},{"type":"Feature","geometry":{"type":"Point","coordinates":[-69.9856,18.5725]},"properties":{"iata":"JBQ","icao":"MDJB","name":"La Isabela","tier":2}},{"type":"Feature","geometry":{"type":"Point","coordinates":[-90.6464,35.8317]},"properties":{"iata":"JBR","icao":"KJBR","name":"Jonesboro","tier":2}},{"type":"Feature","geometry":{"type":"Point","coordinates":[-43.3861,-21.7915]},"properties":{"iata":"JDF","icao":"SBJF","name":"Juiz de Fora","tier":2}},{"type":"Feature","geometry":{"type":"Point","coordinates":[73.0489,26.2511]},"properties":{"iata":"JDH","icao":"VIJO","name":"Jodhpur","tier":2}},{"type":"Feature","geometry":{"type":"Point","coordinates":[117.176,29.3386]},"properties":{"iata":"JDZ","icao":"ZSJD","name":"Jingdezhen","tier":2}},{"type":"Feature","geometry":{"type":"Point","coordinates":[-74.1703,18.6631]},"properties":{"iata":"JEE","icao":"MTJE","name":"Carrefour Sanon","tier":2}},{"type":"Feature","geometry":{"type":"Point","coordinates":[-52.7847,68.7218]},"properties":{"iata":"JEG","icao":"BGAA","name":"Aasiaat","tier":2}},{"type":"Feature","geometry":{"type":"Point","coordinates":[-2.1955,49.2079]},"properties":{"iata":"JER","icao":"EGJJ","name":"St. Peter","tier":2}},{"type":"Feature","geometry":{"type":"Point","coordinates":[70.0126,22.4655]},"properties":{"iata":"JGA","icao":"VAJM","name":"Jamnagar","tier":2}},{"type":"Feature","geometry":{"type":"Point","coordinates":[124.1175,50.3714]},"properties":{"iata":"JGD","icao":"ZYJD","name":"Jiagedaqi","tier":2}},{"type":"Feature","geometry":{"type":"Point","coordinates":[114.737,26.8569]},"properties":{"iata":"JGS","icao":"ZSGS","name":"Ji'an","tier":2}},{"type":"Feature","geometry":{"type":"Point","coordinates":[-156.673,20.9629]},"properties":{"iata":"JHM","icao":"PHJH","name":"Lahaina","tier":2}},{"type":"Feature","geometry":{"type":"Point","coordinates":[-53.7293,66.9513]},"properties":{"iata":"JHS","icao":"BGSS","name":"Sisimiut","tier":2}},{"type":"Feature","geometry":{"type":"Point","coordinates":[102.3483,38.5422]},"properties":{"iata":"JIC","icao":"ZLJC","name":"Jinchang","tier":2}},{"type":"Feature","geometry":{"type":"Point","coordinates":[36.8166,7.6661]},"properties":{"iata":"JIM","icao":"HAJM","name":"Jimma","tier":2}},{"type":"Feature","geometry":{"type":"Point","coordinates":[108.8311,29.5133]},"properties":{"iata":"JIQ","icao":"ZUQJ","name":"Qianjiang","tier":2}},{"type":"Feature","geometry":{"type":"Point","coordinates":[-40.3573,-2.9064]},"properties":{"iata":"JJD","icao":"SBJE","name":"Cruz","tier":2}},{"type":"Feature","geometry":{"type":"Point","coordinates":[-46.065,60.7638]},"properties":{"iata":"JJU","icao":"BGQO","name":"Qaqortoq","tier":2}},{"type":"Feature","geometry":{"type":"Point","coordinates":[14.0687,57.7576]},"properties":{"iata":"JKG","icao":"ESGJ","name":"Jönköping","tier":2}},{"type":"Feature","geometry":{"type":"Point","coordinates":[26.1406,38.3432]},"properties":{"iata":"JKH","icao":"LGHI","name":"Chios Island","tier":2}},{"type":"Feature","geometry":{"type":"Point","coordinates":[85.9224,26.7088]},"properties":{"iata":"JKR","icao":"VNJP","name":"Janakpur","tier":2}},{"type":"Feature","geometry":{"type":"Point","coordinates":[-94.4983,37.1518]},"properties":{"iata":"JLN","icao":"KJLN","name":"Joplin","tier":2}},{"type":"Feature","geometry":{"type":"Point","coordinates":[80.052,23.1778]},"properties":{"iata":"JLR","icao":"VAJB","name":"Jabalpur","tier":2}},{"type":"Feature","geometry":{"type":"Point","coordinates":[99.784,22.4177]},"properties":{"iata":"JMJ","icao":"ZPJM","name":"Pu'er (Lancang)","tier":2}},{"type":"Feature","geometry":{"type":"Point","coordinates":[25.3481,37.4351]},"properties":{"iata":"JMK","icao":"LGMK","name":"Mykonos","tier":2}},{"type":"Feature","geometry":{"type":"Point","coordinates":[-98.6782,46.9297]},"properties":{"iata":"JMS","icao":"KJMS","name":"Jamestown","tier":2}},{"type":"Feature","geometry":{"type":"Point","coordinates":[130.4643,46.8428]},"properties":{"iata":"JMU","icao":"ZYJM","name":"Jiamusi","tier":2}},{"type":"Feature","geometry":{"type":"Point","coordinates":[116.7433,35.6474]},"properties":{"iata":"JNG","icao":"ZSJG","name":"Jining","tier":2}},{"type":"Feature","geometry":{"type":"Point","coordinates":[120.6631,30.6981]},"properties":{"iata":"JNH","icao":"ZSJX","name":"Xiuzhou, Hangzhou","tier":2}},{"type":"Feature","geometry":{"type":"Point","coordinates":[-134.5744,58.3549]},"properties":{"iata":"JNU","icao":"PAJN","name":"Juneau","tier":2}},{"type":"Feature","geometry":{"type":"Point","coordinates":[121.2771,40.936]},"properties":{"iata":"JNZ","icao":"ZYJZ","name":"Jinzhou (Linghai)","tier":2}},{"type":"Feature","geometry":{"type":"Point","coordinates":[29.6194,62.6588]},"properties":{"iata":"JOE","icao":"EFJO","name":"Joensuu","tier":2}},{"type":"Feature","geometry":{"type":"Point","coordinates":[110.432,-7.7882]},"properties":{"iata":"JOG","icao":"WAHH","name":"Yogyakarta","tier":2}},{"type":"Feature","geometry":{"type":"Point","coordinates":[-48.7974,-26.2245]},"properties":{"iata":"JOI","icao":"SBJV","name":"Joinville","tier":2}},{"type":"Feature","geometry":{"type":"Point","coordinates":[121.011,6.0537]},"properties":{"iata":"JOL","icao":"RPMJ","name":"Jolo","tier":2}},{"type":"Feature","geometry":{"type":"Point","coordinates":[8.8691,9.6398]},"properties":{"iata":"JOS","icao":"DNJO","name":"Jos","tier":2}},{"type":"Feature","geometry":{"type":"Point","coordinates":[94.1754,26.7305]},"properties":{"iata":"JRH","icao":"VEJT","name":"Jorhat","tier":2}},{"type":"Feature","geometry":{"type":"Point","coordinates":[70.865,26.8887]},"properties":{"iata":"JSA","icao":"VIJR","name":"Jaisalmer Airport","tier":2}},{"type":"Feature","geometry":{"type":"Point","coordinates":[26.1013,35.2161]},"properties":{"iata":"JSH","icao":"LGST","name":"Crete Island","tier":2}},{"type":"Feature","geometry":{"type":"Point","coordinates":[23.5037,39.1771]},"properties":{"iata":"JSI","icao":"LGSK","name":"Skiathos","tier":2}},{"type":"Feature","geometry":{"type":"Point","coordinates":[132.6579,47.1082]},"properties":{"iata":"JSJ","icao":"ZYJS","name":"Jiansanjiang","tier":2}},{"type":"Feature","geometry":{"type":"Point","coordinates":[89.1608,23.1838]},"properties":{"iata":"JSR","icao":"VGJR","name":"Jashore (Jessore)","tier":2}},{"type":"Feature","geometry":{"type":"Point","coordinates":[-78.8339,40.3161]},"properties":{"iata":"JST","icao":"KJST","name":"Johnstown","tier":2}},{"type":"Feature","geometry":{"type":"Point","coordinates":[-49.0703,-22.1608]},"properties":{"iata":"JTC","icao":"SBAE","name":"Bauru","tier":2}},{"type":"Feature","geometry":{"type":"Point","coordinates":[118.8988,28.9661]},"properties":{"iata":"JUZ","icao":"ZSJU","name":"Quzhou (Kezheng)","tier":2}},{"type":"Feature","geometry":{"type":"Point","coordinates":[131.193,45.293]},"properties":{"iata":"JXA","icao":"ZYJX","name":"Jixi","tier":2}},{"type":"Feature","geometry":{"type":"Point","coordinates":[25.6783,62.3995]},"properties":{"iata":"JYV","icao":"EFJY","name":"Jyväskylän Maalaiskunta","tier":2}},{"type":"Feature","geometry":{"type":"Point","coordinates":[103.6822,32.8533]},"properties":{"iata":"JZH","icao":"ZUJZ","name":"Ngawa (Songpan)","tier":2}},{"type":"Feature","geometry":{"type":"Point","coordinates":[28.885,-16.5198]},"properties":{"iata":"KAB","icao":"FVKB","name":"Kariba","tier":2}},{"type":"Feature","geometry":{"type":"Point","coordinates":[41.1914,37.0206]},"properties":{"iata":"KAC","icao":"OSKL","name":"Qamishli","tier":2}},{"type":"Feature","geometry":{"type":"Point","coordinates":[-59.489,5.1773]},"properties":{"iata":"KAI","icao":"SYKA","name":"Kaieteur Falls","tier":2}},{"type":"Feature","geometry":{"type":"Point","coordinates":[27.6924,64.2855]},"properties":{"iata":"KAJ","icao":"EFKI","name":"Kajaani","tier":2}},{"type":"Feature","geometry":{"type":"Point","coordinates":[29.2394,65.9876]},"properties":{"iata":"KAO","icao":"EFKS","name":"Kuusamo","tier":2}},{"type":"Feature","geometry":{"type":"Point","coordinates":[173.2871,-35.0698]},"properties":{"iata":"KAT","icao":"NZKT","name":"Awanui","tier":2}},{"type":"Feature","geometry":{"type":"Point","coordinates":[98.538,10.0493]},"properties":{"iata":"KAW","icao":"VYKT","name":"Kawthoung","tier":2}},{"type":"Feature","geometry":{"type":"Point","coordinates":[102.293,6.1669]},"properties":{"iata":"KBR","icao":"WMKC","name":"Kota Baharu","tier":2}},{"type":"Feature","geometry":{"type":"Point","coordinates":[36.9535,37.5388]},"properties":{"iata":"KCM","icao":"LTCN","name":"Kahramanmaraş","tier":2}},{"type":"Feature","geometry":{"type":"Point","coordinates":[80.3203,5.9937]},"properties":{"iata":"KCT","icao":"VCCK","name":"Galle","tier":2}},{"type":"Feature","geometry":{"type":"Point","coordinates":[92.5459,56.1776]},"properties":{"iata":"KCY","icao":"UNKM","name":"Krasnoyarsk","tier":2}},{"type":"Feature","geometry":{"type":"Point","coordinates":[22.8307,58.9908]},"properties":{"iata":"KDL","icao":"EEKA","name":"Kärdla","tier":2}},{"type":"Feature","geometry":{"type":"Point","coordinates":[72.9969,0.4881]},"properties":{"iata":"KDM","icao":"VRMT","name":"Huvadhu Atoll","tier":2}},{"type":"Feature","geometry":{"type":"Point","coordinates":[73.5219,1.8592]},"properties":{"iata":"KDO","icao":"VRMK","name":"Kadhdhoo","tier":2}},{"type":"Feature","geometry":{"type":"Point","coordinates":[24.5821,65.7787]},"properties":{"iata":"KEM","icao":"EFKE","name":"Kemi / Tornio","tier":2}},{"type":"Feature","geometry":{"type":"Point","coordinates":[81.667,28.1036]},"properties":{"iata":"KEP","icao":"VNNG","name":"Nepalgunj","tier":2}},{"type":"Feature","geometry":{"type":"Point","coordinates":[99.636,21.3016]},"properties":{"iata":"KET","icao":"VYKG","name":"Kengtung","tier":2}},{"type":"Feature","geometry":{"type":"Point","coordinates":[22.4692,-5.9001]},"properties":{"iata":"KGA","icao":"FZUA","name":"Kananga","tier":2}},{"type":"Feature","geometry":{"type":"Point","coordinates":[137.521,-35.7139]},"properties":{"iata":"KGC","icao":"YKSC","name":"Kingscote Airport","tier":2}},{"type":"Feature","geometry":{"type":"Point","coordinates":[121.4646,-30.7915]},"properties":{"iata":"KGI","icao":"YPKG","name":"Broadwood","tier":2}},{"type":"Feature","geometry":{"type":"Point","coordinates":[74.5338,62.1904]},"properties":{"iata":"KGP","icao":"USRK","name":"Kogalym","tier":2}},{"type":"Feature","geometry":{"type":"Point","coordinates":[101.7387,30.1425]},"properties":{"iata":"KGT","icao":"ZUKD","name":"Garzê (Kangding)","tier":2}},{"type":"Feature","geometry":{"type":"Point","coordinates":[48.2829,33.4354]},"properties":{"iata":"KHD","icao":"OICK","name":"Khoram Abad Airport","tier":2}},{"type":"Feature","geometry":{"type":"Point","coordinates":[32.5064,46.6758]},"properties":{"iata":"KHE","icao":"UKOH","name":"Kherson","tier":2}},{"type":"Feature","geometry":{"type":"Point","coordinates":[50.3222,29.2605]},"properties":{"iata":"KHK","icao":"OIBQ","name":"Khark","tier":2}},{"type":"Feature","geometry":{"type":"Point","coordinates":[56.2406,26.171]},"properties":{"iata":"KHS","icao":"OOKB","name":"Khasab","tier":2}},{"type":"Feature","geometry":{"type":"Point","coordinates":[69.8073,33.2846]},"properties":{"iata":"KHT","icao":"OAKS","name":"Khost","tier":2}},{"type":"Feature","geometry":{"type":"Point","coordinates":[135.1886,48.5283]},"properties":{"iata":"KHV","icao":"UHHH","name":"Khabarovsk","tier":2}},{"type":"Feature","geometry":{"type":"Point","coordinates":[29.6997,-0.7165]},"properties":{"iata":"KHX","name":"Kihihi","tier":2}},{"type":"Feature","geometry":{"type":"Point","coordinates":[-9.5238,52.1809]},"properties":{"iata":"KIR","icao":"EIKY","name":"Farranfore","tier":2}},{"type":"Feature","geometry":{"type":"Point","coordinates":[78.1692,15.7163]},"properties":{"iata":"KJB","icao":"VOKU","name":"Orvakal","tier":2}},{"type":"Feature","geometry":{"type":"Point","coordinates":[107.988,26.972]},"properties":{"iata":"KJH","icao":"ZUKJ","name":"Kaili  (Huangping)","tier":2}},{"type":"Feature","geometry":{"type":"Point","coordinates":[86.9959,48.2223]},"properties":{"iata":"KJI","icao":"ZWKN","name":"Burqin","tier":2}},{"type":"Feature","geometry":{"type":"Point","coordinates":[108.1656,-6.6474]},"properties":{"iata":"KJT","icao":"WICA","name":"Kertajati","tier":2}},{"type":"Feature","geometry":{"type":"Point","coordinates":[102.784,16.4666]},"properties":{"iata":"KKC","icao":"VTUK","name":"Khon Kaen","tier":2}},{"type":"Feature","geometry":{"type":"Point","coordinates":[173.9133,-35.2591]},"properties":{"iata":"KKE","icao":"NZKK","name":"Kerikeri","tier":2}},{"type":"Feature","geometry":{"type":"Point","coordinates":[29.8913,69.7258]},"properties":{"iata":"KKN","icao":"ENKR","name":"Kirkenes","tier":2}},{"type":"Feature","geometry":{"type":"Point","coordinates":[-146.885,-15.6633]},"properties":{"iata":"KKR","icao":"NTGK","name":"Raitahiti","tier":2}},{"type":"Feature","geometry":{"type":"Point","coordinates":[51.577,33.8953]},"properties":{"iata":"KKS","icao":"OIFK","name":"Kashan","tier":2}},{"type":"Feature","geometry":{"type":"Point","coordinates":[18.7856,-5.0358]},"properties":{"iata":"KKW","icao":"FZCA","name":"Kikwit","tier":2}},{"type":"Feature","geometry":{"type":"Point","coordinates":[129.928,28.3213]},"properties":{"iata":"KKX","icao":"RJKI","name":"Kikai","tier":2}},{"type":"Feature","geometry":{"type":"Point","coordinates":[74.2894,16.6647]},"properties":{"iata":"KLH","icao":"VAKP","name":"Kolhapur","tier":2}},{"type":"Feature","geometry":{"type":"Point","coordinates":[16.2876,56.6855]},"properties":{"iata":"KLR","icao":"ESMQ","name":"Kalmar","tier":2}},{"type":"Feature","geometry":{"type":"Point","coordinates":[-133.076,55.5792]},"properties":{"iata":"KLW","icao":"PAKW","name":"Klawock","tier":2}},{"type":"Feature","geometry":{"type":"Point","coordinates":[22.0255,37.0683]},"properties":{"iata":"KLX","icao":"LGKL","name":"Kalamata","tier":2}},{"type":"Feature","geometry":{"type":"Point","coordinates":[145.771,-7.9636]},"properties":{"iata":"KMA","icao":"AYKM","name":"Kerema","tier":2}},{"type":"Feature","geometry":{"type":"Point","coordinates":[45.5282,27.9009]},"properties":{"iata":"KMC","icao":"OEKK","name":"King Khaled Military City","tier":2}},{"type":"Feature","geometry":{"type":"Point","coordinates":[28.9079,-2.4622]},"properties":{"iata":"KME","icao":"HRZA","name":"Kamembe","tier":2}},{"type":"Feature","geometry":{"type":"Point","coordinates":[41.0194,57.7969]},"properties":{"iata":"KMW","icao":"UUBA","name":"Kostroma","tier":2}},{"type":"Feature","geometry":{"type":"Point","coordinates":[25.9154,-2.9192]},"properties":{"iata":"KND","icao":"FZOA","name":"Kindu","tier":2}},{"type":"Feature","geometry":{"type":"Point","coordinates":[133.6951,-3.6446]},"properties":{"iata":"KNG","icao":"WASK","name":"Kaimana","tier":2}},{"type":"Feature","geometry":{"type":"Point","coordinates":[118.359,24.4279]},"properties":{"iata":"KNH","icao":"RCBS","name":"Shang-I","tier":2}},{"type":"Feature","geometry":{"type":"Point","coordinates":[164.8388,-21.0536]},"properties":{"iata":"KNQ","icao":"NWWD","name":"Koné","tier":2}},{"type":"Feature","geometry":{"type":"Point","coordinates":[143.878,-39.8775]},"properties":{"iata":"KNS","icao":"YKII","name":"King Island Airport","tier":2}},{"type":"Feature","geometry":{"type":"Point","coordinates":[80.4101,26.4043]},"properties":{"iata":"KNU","icao":"VECX","name":"Kanpur","tier":2}},{"type":"Feature","geometry":{"type":"Point","coordinates":[128.708,-15.7781]},"properties":{"iata":"KNX","icao":"YPKU","name":"Kununurra","tier":2}},{"type":"Feature","geometry":{"type":"Point","coordinates":[123.671,-10.1716]},"properties":{"iata":"KOE","icao":"WATT","name":"Kupang","tier":2}},{"type":"Feature","geometry":{"type":"Point","coordinates":[-2.9051,58.9579]},"properties":{"iata":"KOI","icao":"EGPA","name":"Kirkwall, Orkney Islands","tier":2}},{"type":"Feature","geometry":{"type":"Point","coordinates":[23.1431,63.7212]},"properties":{"iata":"KOK","icao":"EFKK","name":"Kokkola / Kruunupyy","tier":2}},{"type":"Feature","geometry":{"type":"Point","coordinates":[104.643,17.3838]},"properties":{"iata":"KOP","icao":"VTUW","name":"Nakhon Phanom","tier":2}},{"type":"Feature","geometry":{"type":"Point","coordinates":[129.4204,35.988]},"properties":{"iata":"KPO","icao":"RKTH","name":"Pohang","tier":2}},{"type":"Feature","geometry":{"type":"Point","coordinates":[166.14,67.845]},"properties":{"iata":"KPW","icao":"UHMK","name":"Keperveem","tier":2}},{"type":"Feature","geometry":{"type":"Point","coordinates":[74.813,26.591]},"properties":{"iata":"KQH","icao":"VIKG","name":"Ajmer (Kishangarh)","tier":2}},{"type":"Feature","geometry":{"type":"Point","coordinates":[17.7689,63.0486]},"properties":{"iata":"KRF","icao":"ESNK","name":"Nyland","tier":2}},{"type":"Feature","geometry":{"type":"Point","coordinates":[86.1408,41.615]},"properties":{"iata":"KRL","icao":"ZWKL","name":"Korla","tier":2}},{"type":"Feature","geometry":{"type":"Point","coordinates":[65.4156,55.4753]},"properties":{"iata":"KRO","icao":"USUU","name":"Kurgan","tier":2}},{"type":"Feature","geometry":{"type":"Point","coordinates":[9.1043,56.2971]},"properties":{"iata":"KRP","icao":"EKKA","name":"Karup","tier":2}},{"type":"Feature","geometry":{"type":"Point","coordinates":[53.0051,40.0628]},"properties":{"iata":"KRW","icao":"UTAK","name":"Turkmenbaşy","tier":2}},{"type":"Feature","geometry":{"type":"Point","coordinates":[21.2411,48.6631]},"properties":{"iata":"KSC","icao":"LZKZ","name":"Košice","tier":2}},{"type":"Feature","geometry":{"type":"Point","coordinates":[13.3374,59.4447]},"properties":{"iata":"KSD","icao":"ESOK","name":"Karlstad","tier":2}},{"type":"Feature","geometry":{"type":"Point","coordinates":[47.1581,34.3459]},"properties":{"iata":"KSH","icao":"OICC","name":"Kermanshah","tier":2}},{"type":"Feature","geometry":{"type":"Point","coordinates":[36.3288,15.3875]},"properties":{"iata":"KSL","icao":"HSKA","name":"Kassala","tier":2}},{"type":"Feature","geometry":{"type":"Point","coordinates":[7.8245,63.1118]},"properties":{"iata":"KSU","icao":"ENKB","name":"Kvernberget","tier":2}},{"type":"Feature","geometry":{"type":"Point","coordinates":[43.115,40.5622]},"properties":{"iata":"KSY","icao":"LTCF","name":"Kars","tier":2}},{"type":"Feature","geometry":{"type":"Point","coordinates":[46.6975,61.2358]},"properties":{"iata":"KSZ","icao":"ULKK","name":"Kotlas","tier":2}},{"type":"Feature","geometry":{"type":"Point","coordinates":[116.773,-20.7122]},"properties":{"iata":"KTA","icao":"YPKA","name":"Karratha","tier":2}},{"type":"Feature","geometry":{"type":"Point","coordinates":[131.327,25.9447]},"properties":{"iata":"KTD","icao":"RORK","name":"Kitadaitōjima","tier":2}},{"type":"Feature","geometry":{"type":"Point","coordinates":[109.9635,-1.8172]},"properties":{"iata":"KTG","icao":"WIOK","name":"Ketapang","tier":2}},{"type":"Feature","geometry":{"type":"Point","coordinates":[-131.714,55.3556]},"properties":{"iata":"KTN","icao":"PAKT","name":"Ketchikan","tier":2}},{"type":"Feature","geometry":{"type":"Point","coordinates":[-76.8238,17.9886]},"properties":{"iata":"KTP","icao":"MKTP","name":"Tinson Pen","tier":2}},{"type":"Feature","geometry":{"type":"Point","coordinates":[103.209,3.7754]},"properties":{"iata":"KUA","icao":"WMKD","name":"Kuantan","tier":2}},{"type":"Feature","geometry":{"type":"Point","coordinates":[144.193,43.041]},"properties":{"iata":"KUH","icao":"RJCK","name":"Kushiro","tier":2}},{"type":"Feature","geometry":{"type":"Point","coordinates":[130.659,30.3856]},"properties":{"iata":"KUM","icao":"RJFC","name":"Yakushima","tier":2}},{"type":"Feature","geometry":{"type":"Point","coordinates":[-37.1236,65.5736]},"properties":{"iata":"KUS","icao":"BGKK","name":"Kulusuk","tier":2}},{"type":"Feature","geometry":{"type":"Point","coordinates":[77.1544,31.8767]},"properties":{"iata":"KUU","icao":"VIBR","name":"Bhuntar","tier":2}},{"type":"Feature","geometry":{"type":"Point","coordinates":[126.616,35.9038]},"properties":{"iata":"KUV","icao":"RKJK","name":"Gunsan","tier":2}},{"type":"Feature","geometry":{"type":"Point","coordinates":[150.808,-2.5794]},"properties":{"iata":"KVG","icao":"AYKV","name":"Kavieng","tier":2}},{"type":"Feature","geometry":{"type":"Point","coordinates":[20.5867,43.8175]},"properties":{"iata":"KVO","icao":"LYKV","name":"Kraljevo","tier":2}},{"type":"Feature","geometry":{"type":"Point","coordinates":[49.3478,58.5039]},"properties":{"iata":"KVX","icao":"USKK","name":"Kirov","tier":2}},{"type":"Feature","geometry":{"type":"Point","coordinates":[167.732,8.7201]},"properties":{"iata":"KWA","icao":"PKWA","name":"Kwajalein","tier":2}},{"type":"Feature","geometry":{"type":"Point","coordinates":[33.21,48.0433]},"properties":{"iata":"KWG","icao":"UKDR","name":"Kryvyi Rih","tier":2}},{"type":"Feature","geometry":{"type":"Point","coordinates":[126.8054,35.1232]},"properties":{"iata":"KWJ","icao":"RKJJ","name":"Gwangju","tier":2}},{"type":"Feature","geometry":{"type":"Point","coordinates":[141.7526,-15.4854]},"properties":{"iata":"KWM","icao":"YKOW","name":"Kowanyama","tier":2}},{"type":"Feature","geometry":{"type":"Point","coordinates":[25.5057,-10.7659]},"properties":{"iata":"KWZ","icao":"FZQM","name":"Kolwezi","tier":2}},{"type":"Feature","geometry":{"type":"Point","coordinates":[121.524,-4.3382]},"properties":{"iata":"KXB","icao":"WAWP","name":"Kolaka","tier":2}},{"type":"Feature","geometry":{"type":"Point","coordinates":[136.934,50.409]},"properties":{"iata":"KXK","icao":"UHKK","name":"Komsomolsk-on-Amur","tier":2}},{"type":"Feature","geometry":{"type":"Point","coordinates":[121.535,22.027]},"properties":{"iata":"KYD","icao":"RCLY","name":"Orchid Island","tier":2}},{"type":"Feature","geometry":{"type":"Point","coordinates":[93.5348,19.4264]},"properties":{"iata":"KYP","icao":"VYKP","name":"Kyaukpyu","tier":2}},{"type":"Feature","geometry":{"type":"Point","coordinates":[-11.3993,14.4825]},"properties":{"iata":"KYS","icao":"GAKD","name":"Kayes","tier":2}},{"type":"Feature","geometry":{"type":"Point","coordinates":[94.4006,51.6694]},"properties":{"iata":"KYZ","icao":"UNKY","name":"Kyzyl","tier":2}},{"type":"Feature","geometry":{"type":"Point","coordinates":[21.8408,40.2861]},"properties":{"iata":"KZI","icao":"LGKZ","name":"Kozani","tier":2}},{"type":"Feature","geometry":{"type":"Point","coordinates":[-86.9394,40.4129]},"properties":{"iata":"LAF","icao":"KLAF","name":"West Lafayette","tier":2}},{"type":"Feature","geometry":{"type":"Point","coordinates":[-50.2815,-27.7821]},"properties":{"iata":"LAJ","icao":"SBLJ","name":"Lages","tier":2}},{"type":"Feature","geometry":{"type":"Point","coordinates":[-82.0207,27.9893]},"properties":{"iata":"LAL","icao":"KLAL","name":"Lakeland","tier":2}},{"type":"Feature","geometry":{"type":"Point","coordinates":[-84.5857,42.7776]},"properties":{"iata":"LAN","icao":"KLAN","name":"Lansing","tier":2}},{"type":"Feature","geometry":{"type":"Point","coordinates":[-110.3627,24.0723]},"properties":{"iata":"LAP","icao":"MMLP","name":"La Paz","tier":2}},{"type":"Feature","geometry":{"type":"Point","coordinates":[-105.675,41.3121]},"properties":{"iata":"LAR","icao":"KLAR","name":"Laramie","tier":2}},{"type":"Feature","geometry":{"type":"Point","coordinates":[40.9129,-2.2524]},"properties":{"iata":"LAU","icao":"HKLU","name":"Lamu","tier":2}},{"type":"Feature","geometry":{"type":"Point","coordinates":[-98.4166,34.5677]},"properties":{"iata":"LAW","icao":"KLAW","name":"Lawton","tier":2}},{"type":"Feature","geometry":{"type":"Point","coordinates":[-101.823,33.6636]},"properties":{"iata":"LBB","icao":"KLBB","name":"Lubbock","tier":2}},{"type":"Feature","geometry":{"type":"Point","coordinates":[10.7192,53.8054]},"properties":{"iata":"LBC","icao":"EDHL","name":"Lübeck","tier":2}},{"type":"Feature","geometry":{"type":"Point","coordinates":[-79.4048,40.2759]},"properties":{"iata":"LBE","icao":"KLBE","name":"Latrobe","tier":2}},{"type":"Feature","geometry":{"type":"Point","coordinates":[-100.684,41.1262]},"properties":{"iata":"LBF","icao":"KLBF","name":"North Platte","tier":2}},{"type":"Feature","geometry":{"type":"Point","coordinates":[-100.96,37.0442]},"properties":{"iata":"LBL","icao":"KLBL","name":"Liberal","tier":2}},{"type":"Feature","geometry":{"type":"Point","coordinates":[179.34,-16.4667]},"properties":{"iata":"LBS","icao":"NFNL","name":"Labasa","tier":2}},{"type":"Feature","geometry":{"type":"Point","coordinates":[115.2483,5.3017]},"properties":{"iata":"LBU","icao":"WBKL","name":"Labuan","tier":2}},{"type":"Feature","geometry":{"type":"Point","coordinates":[-86.853,15.7425]},"properties":{"iata":"LCE","icao":"MHLC","name":"La Ceiba","tier":2}},{"type":"Feature","geometry":{"type":"Point","coordinates":[-8.3773,43.3021]},"properties":{"iata":"LCG","icao":"LECO","name":"Culleredo","tier":2}},{"type":"Feature","geometry":{"type":"Point","coordinates":[-93.2233,30.1261]},"properties":{"iata":"LCH","icao":"KLCH","name":"Lake Charles","tier":2}},{"type":"Feature","geometry":{"type":"Point","coordinates":[-82.9278,39.8138]},"properties":{"iata":"LCK","icao":"KLCK","name":"Columbus","tier":2}},{"type":"Feature","geometry":{"type":"Point","coordinates":[116.7459,25.6759]},"properties":{"iata":"LCX","icao":"ZSLO","name":"Longyan (Liancheng)","tier":2}},{"type":"Feature","geometry":{"type":"Point","coordinates":[0.0553,51.5053]},"properties":{"iata":"LCY","icao":"EGLC","name":"London","tier":2}},{"type":"Feature","geometry":{"type":"Point","coordinates":[-51.1284,-23.3344]},"properties":{"iata":"LDB","icao":"SBLO","name":"Londrina","tier":2}},{"type":"Feature","geometry":{"type":"Point","coordinates":[-0.0064,43.1787]},"properties":{"iata":"LDE","icao":"LFBT","name":"Tarbes/Lourdes/Pyrénées","tier":2}},{"type":"Feature","geometry":{"type":"Point","coordinates":[129.0191,47.7521]},"properties":{"iata":"LDS","icao":"ZYLD","name":"Yichun","tier":2}},{"type":"Feature","geometry":{"type":"Point","coordinates":[118.3238,5.0324]},"properties":{"iata":"LDU","icao":"WBKD","name":"Lahad Datu","tier":2}},{"type":"Feature","geometry":{"type":"Point","coordinates":[-54.035,5.4819]},"properties":{"iata":"LDX","icao":"SOOM","name":"Saint-Laurent-du-Maroni","tier":2}},{"type":"Feature","geometry":{"type":"Point","coordinates":[-7.1611,55.0428]},"properties":{"iata":"LDY","icao":"EGAE","name":"Derry, Derry and Strabane","tier":2}},{"type":"Feature","geometry":{"type":"Point","coordinates":[114.09,-22.2352]},"properties":{"iata":"LEA","icao":"YPLM","name":"Exmouth","tier":2}},{"type":"Feature","geometry":{"type":"Point","coordinates":[-72.3042,43.6261]},"properties":{"iata":"LEB","icao":"KLEB","name":"Lebanon","tier":2}},{"type":"Feature","geometry":{"type":"Point","coordinates":[-2.3701,36.8439]},"properties":{"iata":"LEI","icao":"LEAM","name":"Almería","tier":2}},{"type":"Feature","geometry":{"type":"Point","coordinates":[-5.6534,42.5907]},"properties":{"iata":"LEN","icao":"LELN","name":"La Virgen del Camino","tier":2}},{"type":"Feature","geometry":{"type":"Point","coordinates":[120.703,-27.8433]},"properties":{"iata":"LER","icao":"YLST","name":"Leinster Airport","tier":2}},{"type":"Feature","geometry":{"type":"Point","coordinates":[-69.942,-4.1911]},"properties":{"iata":"LET","icao":"SKLT","name":"Leticia","tier":2}},{"type":"Feature","geometry":{"type":"Point","coordinates":[1.4092,42.3386]},"properties":{"iata":"LEU","icao":"LESU","name":"La Seu d'Urgell Pyrenees and Andorra","tier":2}},{"type":"Feature","geometry":{"type":"Point","coordinates":[-84.6067,38.0351]},"properties":{"iata":"LEX","icao":"KLEX","name":"Lexington","tier":2}},{"type":"Feature","geometry":{"type":"Point","coordinates":[53.1888,27.3727]},"properties":{"iata":"LFM","icao":"OISR","name":"Lamerd","tier":2}},{"type":"Feature","geometry":{"type":"Point","coordinates":[111.6412,36.1326]},"properties":{"iata":"LFQ","icao":"ZBLF","name":"Linfen (Yaodu)","tier":2}},{"type":"Feature","geometry":{"type":"Point","coordinates":[-91.9876,30.2053]},"properties":{"iata":"LFT","icao":"KLFT","name":"Lafayette","tier":2}},{"type":"Feature","geometry":{"type":"Point","coordinates":[5.4439,50.6386]},"properties":{"iata":"LGG","icao":"EBLG","name":"Grâce-Hollogne","tier":2}},{"type":"Feature","geometry":{"type":"Point","coordinates":[-75.0936,23.179]},"properties":{"iata":"LGI","icao":"MYLD","name":"Deadman's Cay","tier":2}},{"type":"Feature","geometry":{"type":"Point","coordinates":[147.9771,-29.4529]},"properties":{"iata":"LHG","icao":"YLRD","name":"Lightning Ridge Airport","tier":2}},{"type":"Feature","geometry":{"type":"Point","coordinates":[46.3631,39.8838]},"properties":{"iata":"LHL","icao":"UBLC","name":"Lachin","tier":2}},{"type":"Feature","geometry":{"type":"Point","coordinates":[-68.9653,-46.5385]},"properties":{"iata":"LHS","icao":"SAVH","name":"Las Heras","tier":2}},{"type":"Feature","geometry":{"type":"Point","coordinates":[167.2393,-20.7746]},"properties":{"iata":"LIF","icao":"NWWL","name":"Lifou","tier":2}},{"type":"Feature","geometry":{"type":"Point","coordinates":[1.1794,45.8628]},"properties":{"iata":"LIG","icao":"LFBL","name":"Limoges/Bellegarde","tier":2}},{"type":"Feature","geometry":{"type":"Point","coordinates":[-83.022,9.958]},"properties":{"iata":"LIO","icao":"MRLM","name":"Limón","tier":2}},{"type":"Feature","geometry":{"type":"Point","coordinates":[-92.2236,34.7292]},"properties":{"iata":"LIT","icao":"KLIT","name":"Little Rock","tier":2}},{"type":"Feature","geometry":{"type":"Point","coordinates":[97.2148,19.6915]},"properties":{"iata":"LIW","icao":"VYLK","name":"Loikaw","tier":2}},{"type":"Feature","geometry":{"type":"Point","coordinates":[24.9735,70.0688]},"properties":{"iata":"LKL","icao":"ENNA","name":"Lakselv","tier":2}},{"type":"Feature","geometry":{"type":"Point","coordinates":[13.6094,68.1525]},"properties":{"iata":"LKN","icao":"ENLK","name":"Leknes","tier":2}},{"type":"Feature","geometry":{"type":"Point","coordinates":[111.61,26.3387]},"properties":{"iata":"LLF","icao":"ZGLG","name":"Yongzhou","tier":2}},{"type":"Feature","geometry":{"type":"Point","coordinates":[111.1428,37.6833]},"properties":{"iata":"LLV","icao":"ZBLL","name":"Lüliang","tier":2}},{"type":"Feature","geometry":{"type":"Point","coordinates":[0.2017,47.9486]},"properties":{"iata":"LME","icao":"LFRM","name":"Le Mans, Sarthe","tier":2}},{"type":"Feature","geometry":{"type":"Point","coordinates":[-109.0812,25.6855]},"properties":{"iata":"LMM","icao":"MMLM","name":"Los Mochis","tier":2}},{"type":"Feature","geometry":{"type":"Point","coordinates":[115.01,4.8083]},"properties":{"iata":"LMN","icao":"WBGJ","name":"Limbang","tier":2}},{"type":"Feature","geometry":{"type":"Point","coordinates":[12.6181,35.4979]},"properties":{"iata":"LMP","icao":"LICD","name":"Lampedusa","tier":2}},{"type":"Feature","geometry":{"type":"Point","coordinates":[100.025,23.7381]},"properties":{"iata":"LNJ","icao":"ZPLC","name":"Lincang","tier":2}},{"type":"Feature","geometry":{"type":"Point","coordinates":[-96.7618,40.8449]},"properties":{"iata":"LNK","icao":"KLNK","name":"Lincoln","tier":2}},{"type":"Feature","geometry":{"type":"Point","coordinates":[105.79,33.7899]},"properties":{"iata":"LNL","icao":"ZLLN","name":"Longnan (Cheng)","tier":2}},{"type":"Feature","geometry":{"type":"Point","coordinates":[121.315,-28.8781]},"properties":{"iata":"LNO","icao":"YLEO","name":"Leonora","tier":2}},{"type":"Feature","geometry":{"type":"Point","coordinates":[-76.2961,40.1217]},"properties":{"iata":"LNS","icao":"KLNS","name":"Lancaster","tier":2}},{"type":"Feature","geometry":{"type":"Point","coordinates":[-156.9513,20.7857]},"properties":{"iata":"LNY","icao":"PHNY","name":"Lanai City","tier":2}},{"type":"Feature","geometry":{"type":"Point","coordinates":[101.722,17.4391]},"properties":{"iata":"LOE","icao":"VTUL","name":"Loei Airport","tier":2}},{"type":"Feature","geometry":{"type":"Point","coordinates":[104.979,26.6094]},"properties":{"iata":"LPF","icao":"ZUPS","name":"Liupanshui (Zhongshan)","tier":2}},{"type":"Feature","geometry":{"type":"Point","coordinates":[39.5378,52.7028]},"properties":{"iata":"LPK","icao":"UUOL","name":"Lipetsk","tier":2}},{"type":"Feature","geometry":{"type":"Point","coordinates":[99.5042,18.2709]},"properties":{"iata":"LPT","icao":"VTCL","name":"Lampang Airport","tier":2}},{"type":"Feature","geometry":{"type":"Point","coordinates":[-99.4616,27.5438]},"properties":{"iata":"LRD","icao":"KLRD","name":"Laredo","tier":2}},{"type":"Feature","geometry":{"type":"Point","coordinates":[144.2775,-23.432]},"properties":{"iata":"LRE","icao":"YLRE","name":"Longreach","tier":2}},{"type":"Feature","geometry":{"type":"Point","coordinates":[-1.1953,46.1792]},"properties":{"iata":"LRH","icao":"LFBH","name":"La Rochelle","tier":2}},{"type":"Feature","geometry":{"type":"Point","coordinates":[54.3833,27.6747]},"properties":{"iata":"LRR","icao":"OISL","name":"Lar","tier":2}},{"type":"Feature","geometry":{"type":"Point","coordinates":[-3.44,47.7606]},"properties":{"iata":"LRT","icao":"LFRH","name":"Lorient/Lann/Bihoué","tier":2}},{"type":"Feature","geometry":{"type":"Point","coordinates":[-106.922,32.2894]},"properties":{"iata":"LRU","icao":"KLRU","name":"Las Cruces","tier":2}},{"type":"Feature","geometry":{"type":"Point","coordinates":[-71.1995,-29.9162]},"properties":{"iata":"LSC","icao":"SCSE","name":"La Serena-Coquimbo","tier":2}},{"type":"Feature","geometry":{"type":"Point","coordinates":[-91.2567,43.879]},"properties":{"iata":"LSE","icao":"KLSE","name":"La Crosse","tier":2}},{"type":"Feature","geometry":{"type":"Point","coordinates":[103.7492,29.4386]},"properties":{"iata":"LSG","name":"Leshan (Wutongqiao)","tier":2}},{"type":"Feature","geometry":{"type":"Point","coordinates":[97.7522,22.9779]},"properties":{"iata":"LSH","icao":"VYLS","name":"Lashio","tier":2}},{"type":"Feature","geometry":{"type":"Point","coordinates":[-1.2956,59.8789]},"properties":{"iata":"LSI","icao":"EGPB","name":"Lerwick, Shetland","tier":2}},{"type":"Feature","geometry":{"type":"Point","coordinates":[-70.1515,11.7808]},"properties":{"iata":"LSP","icao":"SVJC","name":"Paraguaná","tier":2}},{"type":"Feature","geometry":{"type":"Point","coordinates":[97.8637,3.3915]},"properties":{"iata":"LSR","icao":"WIMU","name":"Kutacane","tier":2}},{"type":"Feature","geometry":{"type":"Point","coordinates":[147.2108,-41.5449]},"properties":{"iata":"LST","icao":"YMLT","name":"Launceston (Western Junction)","tier":2}},{"type":"Feature","geometry":{"type":"Point","coordinates":[153.2584,-28.8307]},"properties":{"iata":"LSY","icao":"YLIS","name":"Lismore","tier":2}},{"type":"Feature","geometry":{"type":"Point","coordinates":[9.7021,30.1455]},"properties":{"iata":"LTD","icao":"HLTD","name":"Ghadames","tier":2}},{"type":"Feature","geometry":{"type":"Point","coordinates":[96.2211,46.3764]},"properties":{"iata":"LTI","icao":"ZMAT","name":"Altai","tier":2}},{"type":"Feature","geometry":{"type":"Point","coordinates":[35.9487,35.4011]},"properties":{"iata":"LTK","icao":"OSLK","name":"Latakia","tier":2}},{"type":"Feature","geometry":{"type":"Point","coordinates":[-59.7894,3.3728]},"properties":{"iata":"LTM","icao":"SYLT","name":"Lethem","tier":2}},{"type":"Feature","geometry":{"type":"Point","coordinates":[76.4647,18.4115]},"properties":{"iata":"LTU","icao":"VALT","name":"Latur","tier":2}},{"type":"Feature","geometry":{"type":"Point","coordinates":[-78.6158,-0.9068]},"properties":{"iata":"LTX","icao":"SELT","name":"Latacunga","tier":2}},{"type":"Feature","geometry":{"type":"Point","coordinates":[86.7295,27.6868]},"properties":{"iata":"LUA","icao":"VNLK","name":"Lukla","tier":2}},{"type":"Feature","geometry":{"type":"Point","coordinates":[15.2429,-26.6874]},"properties":{"iata":"LUD","icao":"FYLZ","name":"Luderitz","tier":2}},{"type":"Feature","geometry":{"type":"Point","coordinates":[8.9106,46.0043]},"properties":{"iata":"LUG","icao":"LSZA","name":"Agno","tier":2}},{"type":"Feature","geometry":{"type":"Point","coordinates":[-84.4189,39.1024]},"properties":{"iata":"LUK","icao":"KLUK","name":"Cincinnati","tier":2}},{"type":"Feature","geometry":{"type":"Point","coordinates":[98.5317,24.4011]},"properties":{"iata":"LUM","icao":"ZPMS","name":"Dehong (Mangshi)","tier":2}},{"type":"Feature","geometry":{"type":"Point","coordinates":[-66.3564,-33.2732]},"properties":{"iata":"LUQ","icao":"SAOU","name":"San Luis","tier":2}},{"type":"Feature","geometry":{"type":"Point","coordinates":[-166.11,68.8751]},"properties":{"iata":"LUR","icao":"PALU","name":"Cape Lisburne","tier":2}},{"type":"Feature","geometry":{"type":"Point","coordinates":[132.7594,-5.7603]},"properties":{"iata":"LUV","icao":"WAPF","name":"Langgur","tier":2}},{"type":"Feature","geometry":{"type":"Point","coordinates":[-80.4004,37.8579]},"properties":{"iata":"LWB","icao":"KLWB","name":"Lewisburg","tier":2}},{"type":"Feature","geometry":{"type":"Point","coordinates":[-117.015,46.3745]},"properties":{"iata":"LWS","icao":"KLWS","name":"Lewiston","tier":2}},{"type":"Feature","geometry":{"type":"Point","coordinates":[18.7162,64.5483]},"properties":{"iata":"LYC","icao":"ESNL","name":"Lycksele","tier":2}},{"type":"Feature","geometry":{"type":"Point","coordinates":[-79.2004,37.3267]},"properties":{"iata":"LYH","icao":"KLYH","name":"Lynchburg","tier":2}},{"type":"Feature","geometry":{"type":"Point","coordinates":[118.4118,35.0529]},"properties":{"iata":"LYI","icao":"ZSLY","name":"Linyi (Hedong)","tier":2}},{"type":"Feature","geometry":{"type":"Point","coordinates":[15.4656,78.2461]},"properties":{"iata":"LYR","icao":"ENSB","name":"Longyearbyen","tier":2}},{"type":"Feature","geometry":{"type":"Point","coordinates":[106.0344,31.5019]},"properties":{"iata":"LZG","icao":"ZULA","name":"Nanchong (Langzhong)","tier":2}},{"type":"Feature","geometry":{"type":"Point","coordinates":[109.391,24.2075]},"properties":{"iata":"LZH","icao":"ZGZH","name":"Liuzhou (Liujiang)","tier":2}},{"type":"Feature","geometry":{"type":"Point","coordinates":[119.9584,26.1597]},"properties":{"iata":"LZN","icao":"RCFG","name":"Matsu (Nangan)","tier":2}},{"type":"Feature","geometry":{"type":"Point","coordinates":[105.4684,29.0304]},"properties":{"iata":"LZO","icao":"ZULZ","name":"Luzhou (Yunlong)","tier":2}},{"type":"Feature","geometry":{"type":"Point","coordinates":[94.3353,29.3033]},"properties":{"iata":"LZY","icao":"ZUNZ","name":"Nyingchi (Mainling)","tier":2}},{"type":"Feature","geometry":{"type":"Point","coordinates":[-49.138,-5.3686]},"properties":{"iata":"MAB","icao":"SBMA","name":"Marabá","tier":2}},{"type":"Feature","geometry":{"type":"Point","coordinates":[-102.202,31.9425]},"properties":{"iata":"MAF","icao":"KMAF","name":"Midland","tier":2}},{"type":"Feature","geometry":{"type":"Point","coordinates":[145.789,-5.2071]},"properties":{"iata":"MAG","icao":"AYMD","name":"Madang","tier":2}},{"type":"Feature","geometry":{"type":"Point","coordinates":[31.6519,9.5587]},"properties":{"iata":"MAK","icao":"HSSM","name":"Malakal","tier":2}},{"type":"Feature","geometry":{"type":"Point","coordinates":[-97.5253,25.7699]},"properties":{"iata":"MAM","icao":"MMMA","name":"Matamoros","tier":2}},{"type":"Feature","geometry":{"type":"Point","coordinates":[98.5451,16.6999]},"properties":{"iata":"MAQ","icao":"VTPM","name":"Mae Sot Airport","tier":2}},{"type":"Feature","geometry":{"type":"Point","coordinates":[147.424,-2.0619]},"properties":{"iata":"MAS","icao":"AYMO","name":"Manus Island","tier":2}},{"type":"Feature","geometry":{"type":"Point","coordinates":[-152.244,-16.4265]},"properties":{"iata":"MAU","icao":"NTTP","name":"Maupiti Airport","tier":2}},{"type":"Feature","geometry":{"type":"Point","coordinates":[-67.1485,18.2557]},"properties":{"iata":"MAZ","icao":"TJMZ","name":"Mayaguez","tier":2}},{"type":"Feature","geometry":{"type":"Point","coordinates":[25.548,-25.7984]},"properties":{"iata":"MBD","icao":"FAMM","name":"Mafeking","tier":2}},{"type":"Feature","geometry":{"type":"Point","coordinates":[143.404,44.3039]},"properties":{"iata":"MBE","icao":"RJEB","name":"Monbetsu","tier":2}},{"type":"Feature","geometry":{"type":"Point","coordinates":[33.274,-8.9199]},"properties":{"iata":"MBI","icao":"HTGW","name":"Mbeya","tier":2}},{"type":"Feature","geometry":{"type":"Point","coordinates":[-84.0831,43.5332]},"properties":{"iata":"MBS","icao":"KMBS","name":"Freeland","tier":2}},{"type":"Feature","geometry":{"type":"Point","coordinates":[123.6301,12.3697]},"properties":{"iata":"MBT","icao":"RPVJ","name":"Masbate","tier":2}},{"type":"Feature","geometry":{"type":"Point","coordinates":[145.0998,-37.9778]},"properties":{"iata":"MBW","icao":"YMMB","name":"Melbourne","tier":2}},{"type":"Feature","geometry":{"type":"Point","coordinates":[15.6861,46.4799]},"properties":{"iata":"MBX","icao":"LJMB","name":"Maribor","tier":2}},{"type":"Feature","geometry":{"type":"Point","coordinates":[-120.514,37.2847]},"properties":{"iata":"MCE","icao":"KMCE","name":"Merced","tier":2}},{"type":"Feature","geometry":{"type":"Point","coordinates":[-155.606,62.9529]},"properties":{"iata":"MCG","icao":"PAMC","name":"McGrath","tier":2}},{"type":"Feature","geometry":{"type":"Point","coordinates":[-100.5928,40.2078]},"properties":{"iata":"MCK","icao":"KMCK","name":"McCook","tier":2}},{"type":"Feature","geometry":{"type":"Point","coordinates":[-83.6492,32.6928]},"properties":{"iata":"MCN","icao":"KMCN","name":"Macon","tier":2}},{"type":"Feature","geometry":{"type":"Point","coordinates":[-51.0722,0.0507]},"properties":{"iata":"MCP","icao":"SBMQ","name":"Macapá","tier":2}},{"type":"Feature","geometry":{"type":"Point","coordinates":[-93.3297,43.1598]},"properties":{"iata":"MCW","icao":"KMCW","name":"Mason City","tier":2}},{"type":"Feature","geometry":{"type":"Point","coordinates":[129.5686,44.5252]},"properties":{"iata":"MDG","icao":"ZYMD","name":"Mudanjiang","tier":2}},{"type":"Feature","geometry":{"type":"Point","coordinates":[8.6139,7.7039]},"properties":{"iata":"MDI","icao":"DNMK","name":"Makurdi","tier":2}},{"type":"Feature","geometry":{"type":"Point","coordinates":[18.2887,0.0226]},"properties":{"iata":"MDK","icao":"FZEA","name":"Mbandaka","tier":2}},{"type":"Feature","geometry":{"type":"Point","coordinates":[-57.5733,-37.9342]},"properties":{"iata":"MDQ","icao":"SAZM","name":"Mar del Plata","tier":2}},{"type":"Feature","geometry":{"type":"Point","coordinates":[-76.7623,40.1928]},"properties":{"iata":"MDT","icao":"KMDT","name":"Harrisburg","tier":2}},{"type":"Feature","geometry":{"type":"Point","coordinates":[143.657,-6.1477]},"properties":{"iata":"MDU","icao":"AYMN","name":"Mendi","tier":2}},{"type":"Feature","geometry":{"type":"Point","coordinates":[144.902,-37.7281]},"properties":{"iata":"MEB","icao":"YMEN","name":"Essendon Fields","tier":2}},{"type":"Feature","geometry":{"type":"Point","coordinates":[-80.6788,-0.9461]},"properties":{"iata":"MEC","icao":"SEMT","name":"Manta","tier":2}},{"type":"Feature","geometry":{"type":"Point","coordinates":[168.0385,-21.4824]},"properties":{"iata":"MEE","icao":"NWWR","name":"Maré","tier":2}},{"type":"Feature","geometry":{"type":"Point","coordinates":[16.3124,-9.5251]},"properties":{"iata":"MEG","icao":"FNMA","name":"Malanje","tier":2}},{"type":"Feature","geometry":{"type":"Point","coordinates":[27.8267,71.0297]},"properties":{"iata":"MEH","icao":"ENMH","name":"Mehamn","tier":2}},{"type":"Feature","geometry":{"type":"Point","coordinates":[-88.7519,32.3326]},"properties":{"iata":"MEI","icao":"KMEI","name":"Meridian","tier":2}},{"type":"Feature","geometry":{"type":"Point","coordinates":[96.2533,4.041]},"properties":{"iata":"MEQ","icao":"WITC","name":"Kuala Pesisir","tier":2}},{"type":"Feature","geometry":{"type":"Point","coordinates":[-98.238,26.1761]},"properties":{"iata":"MFE","icao":"KMFE","name":"McAllen","tier":2}},{"type":"Feature","geometry":{"type":"Point","coordinates":[120.0027,26.2241]},"properties":{"iata":"MFK","icao":"RCMT","name":"Matsu (Beigan)","tier":2}},{"type":"Feature","geometry":{"type":"Point","coordinates":[-122.873,42.3742]},"properties":{"iata":"MFR","icao":"KMFR","name":"Medford","tier":2}},{"type":"Feature","geometry":{"type":"Point","coordinates":[140.7806,-37.7444]},"properties":{"iata":"MGB","icao":"YMTG","name":"Mount Gambier","tier":2}},{"type":"Feature","geometry":{"type":"Point","coordinates":[-86.8212,41.7033]},"properties":{"iata":"MGC","icao":"KMGC","name":"Michigan City","tier":2}},{"type":"Feature","geometry":{"type":"Point","coordinates":[-52.0162,-23.4761]},"properties":{"iata":"MGF","icao":"SBMG","name":"Maringá","tier":2}},{"type":"Feature","geometry":{"type":"Point","coordinates":[30.343,-30.8574]},"properties":{"iata":"MGH","icao":"FAMG","name":"Margate","tier":2}},{"type":"Feature","geometry":{"type":"Point","coordinates":[-86.394,32.3006]},"properties":{"iata":"MGM","icao":"KMGM","name":"Montgomery","tier":2}},{"type":"Feature","geometry":{"type":"Point","coordinates":[-79.9176,39.6433]},"properties":{"iata":"MGW","icao":"KMGW","name":"Morgantown","tier":2}},{"type":"Feature","geometry":{"type":"Point","coordinates":[98.6215,12.4398]},"properties":{"iata":"MGZ","icao":"VYME","name":"Mkeik","tier":2}},{"type":"Feature","geometry":{"type":"Point","coordinates":[8.5142,49.4731]},"properties":{"iata":"MHG","icao":"EDFM","name":"Mannheim","tier":2}},{"type":"Feature","geometry":{"type":"Point","coordinates":[-77.0843,26.5107]},"properties":{"iata":"MHH","icao":"MYAM","name":"Marsh Harbour","tier":2}},{"type":"Feature","geometry":{"type":"Point","coordinates":[-96.6708,39.141]},"properties":{"iata":"MHK","icao":"KMHK","name":"Manhattan","tier":2}},{"type":"Feature","geometry":{"type":"Point","coordinates":[19.8982,60.1222]},"properties":{"iata":"MHQ","icao":"EFMA","name":"Mariehamn","tier":2}},{"type":"Feature","geometry":{"type":"Point","coordinates":[-71.4357,42.9326]},"properties":{"iata":"MHT","icao":"KMHT","name":"Manchester","tier":2}},{"type":"Feature","geometry":{"type":"Point","coordinates":[147.334,-37.0475]},"properties":{"iata":"MHU","icao":"YHOT","name":"Mount Hotham","tier":2}},{"type":"Feature","geometry":{"type":"Point","coordinates":[104.741,31.4281]},"properties":{"iata":"MIG","icao":"ZUMY","name":"Mianyang (Fucheng)","tier":2}},{"type":"Feature","geometry":{"type":"Point","coordinates":[-49.9265,-22.1969]},"properties":{"iata":"MII","icao":"SBML","name":"Marília","tier":2}},{"type":"Feature","geometry":{"type":"Point","coordinates":[149.901,-36.9086]},"properties":{"iata":"MIM","icao":"YMER","name":"Merimbula","tier":2}},{"type":"Feature","geometry":{"type":"Point","coordinates":[10.7547,35.7581]},"properties":{"iata":"MIR","icao":"DTMB","name":"Monastir","tier":2}},{"type":"Feature","geometry":{"type":"Point","coordinates":[13.2149,65.784]},"properties":{"iata":"MJF","icao":"ENMS","name":"Mosjøen","tier":2}},{"type":"Feature","geometry":{"type":"Point","coordinates":[113.5758,-25.8973]},"properties":{"iata":"MJK","icao":"YSHK","name":"Denham","tier":2}},{"type":"Feature","geometry":{"type":"Point","coordinates":[23.569,-6.1212]},"properties":{"iata":"MJM","icao":"FZWA","name":"Mbuji Mayi","tier":2}},{"type":"Feature","geometry":{"type":"Point","coordinates":[26.5986,39.0574]},"properties":{"iata":"MJT","icao":"LGMT","name":"Mytilene","tier":2}},{"type":"Feature","geometry":{"type":"Point","coordinates":[114.039,62.5347]},"properties":{"iata":"MJZ","icao":"UERR","name":"Mirny","tier":2}},{"type":"Feature","geometry":{"type":"Point","coordinates":[-86.2382,43.1695]},"properties":{"iata":"MKG","icao":"KMKG","name":"Muskegon","tier":2}},{"type":"Feature","geometry":{"type":"Point","coordinates":[-157.096,21.1529]},"properties":{"iata":"MKK","icao":"PHMK","name":"Kaunakakai","tier":2}},{"type":"Feature","geometry":{"type":"Point","coordinates":[-88.9156,35.5999]},"properties":{"iata":"MKL","icao":"KMKL","name":"Jackson","tier":2}},{"type":"Feature","geometry":{"type":"Point","coordinates":[112.0433,2.8819]},"properties":{"iata":"MKM","icao":"WBGK","name":"Mukah","tier":2}},{"type":"Feature","geometry":{"type":"Point","coordinates":[-143.658,-16.5839]},"properties":{"iata":"MKP","icao":"NTGM","name":"Makemo","tier":2}},{"type":"Feature","geometry":{"type":"Point","coordinates":[140.4197,-8.5239]},"properties":{"iata":"MKQ","icao":"WAKK","name":"Merauke","tier":2}},{"type":"Feature","geometry":{"type":"Point","coordinates":[118.548,-26.6117]},"properties":{"iata":"MKR","icao":"YMEK","name":"Meekatharra Airport","tier":2}},{"type":"Feature","geometry":{"type":"Point","coordinates":[12.8909,0.5792]},"properties":{"iata":"MKU","icao":"FOOK","name":"Makokou","tier":2}},{"type":"Feature","geometry":{"type":"Point","coordinates":[134.049,-0.8918]},"properties":{"iata":"MKW","icao":"WAUU","name":"Manokwari","tier":2}},{"type":"Feature","geometry":{"type":"Point","coordinates":[149.1826,-21.1708]},"properties":{"iata":"MKY","icao":"YBMK","name":"Mackay","tier":2}},{"type":"Feature","geometry":{"type":"Point","coordinates":[102.2528,2.2656]},"properties":{"iata":"MKZ","icao":"WMKM","name":"Malacca","tier":2}},{"type":"Feature","geometry":{"type":"Point","coordinates":[-80.6411,28.102]},"properties":{"iata":"MLB","icao":"KMLB","name":"Melbourne","tier":2}},{"type":"Feature","geometry":{"type":"Point","coordinates":[112.7142,-7.9291]},"properties":{"iata":"MLG","icao":"WARA","name":"Malang","tier":2}},{"type":"Feature","geometry":{"type":"Point","coordinates":[-90.5075,41.4485]},"properties":{"iata":"MLI","icao":"KMLI","name":"Moline","tier":2}},{"type":"Feature","geometry":{"type":"Point","coordinates":[-2.9563,35.2798]},"properties":{"iata":"MLN","icao":"GEML","name":"Melilla","tier":2}},{"type":"Feature","geometry":{"type":"Point","coordinates":[-92.0377,32.5109]},"properties":{"iata":"MLU","icao":"KMLU","name":"Monroe","tier":2}},{"type":"Feature","geometry":{"type":"Point","coordinates":[-10.7587,6.2891]},"properties":{"iata":"MLW","icao":"GLMR","name":"Monrovia","tier":2}},{"type":"Feature","geometry":{"type":"Point","coordinates":[38.091,38.4353]},"properties":{"iata":"MLX","icao":"LTAT","name":"Malatya","tier":2}},{"type":"Feature","geometry":{"type":"Point","coordinates":[144.164,43.8806]},"properties":{"iata":"MMB","icao":"RJCM","name":"Ōzora","tier":2}},{"type":"Feature","geometry":{"type":"Point","coordinates":[131.263,25.8465]},"properties":{"iata":"MMD","icao":"ROMD","name":"Minamidaito","tier":2}},{"type":"Feature","geometry":{"type":"Point","coordinates":[-1.4294,54.5092]},"properties":{"iata":"MME","icao":"EGNV","name":"Darlington, Durham","tier":2}},{"type":"Feature","geometry":{"type":"Point","coordinates":[117.842,-28.1161]},"properties":{"iata":"MMG","icao":"YMOG","name":"Mount Magnet Airport","tier":2}},{"type":"Feature","geometry":{"type":"Point","coordinates":[-118.8431,37.6254]},"properties":{"iata":"MMH","icao":"KMMH","name":"Mammoth Lakes","tier":2}},{"type":"Feature","geometry":{"type":"Point","coordinates":[137.923,36.1668]},"properties":{"iata":"MMJ","icao":"RJAF","name":"Matsumoto","tier":2}},{"type":"Feature","geometry":{"type":"Point","coordinates":[-23.2137,15.1559]},"properties":{"iata":"MMO","icao":"GVMA","name":"Vila do Maio","tier":2}},{"type":"Feature","geometry":{"type":"Point","coordinates":[125.295,24.7828]},"properties":{"iata":"MMY","icao":"ROMY","name":"Miyakojima","tier":2}},{"type":"Feature","geometry":{"type":"Point","coordinates":[40.7122,-14.4882]},"properties":{"iata":"MNC","icao":"FQNC","name":"Nacala","tier":2}},{"type":"Feature","geometry":{"type":"Point","coordinates":[134.234,-12.0561]},"properties":{"iata":"MNG","icao":"YMGD","name":"Maningrida","tier":2}},{"type":"Feature","geometry":{"type":"Point","coordinates":[48.3583,-21.2018]},"properties":{"iata":"MNJ","icao":"FMSM","name":"Mananjary","tier":2}},{"type":"Feature","geometry":{"type":"Point","coordinates":[-61.2783,-5.8114]},"properties":{"iata":"MNX","icao":"SBMY","name":"Manicoré","tier":2}},{"type":"Feature","geometry":{"type":"Point","coordinates":[-88.2428,30.6912]},"properties":{"iata":"MOB","icao":"KMOB","name":"Mobile","tier":2}},{"type":"Feature","geometry":{"type":"Point","coordinates":[-43.8189,-16.7069]},"properties":{"iata":"MOC","icao":"SBMK","name":"Montes Claros","tier":2}},{"type":"Feature","geometry":{"type":"Point","coordinates":[99.2568,20.5168]},"properties":{"iata":"MOG","icao":"VYMS","name":"Mong Hsat","tier":2}},{"type":"Feature","geometry":{"type":"Point","coordinates":[7.2625,62.7447]},"properties":{"iata":"MOL","icao":"ENML","name":"Årø","tier":2}},{"type":"Feature","geometry":{"type":"Point","coordinates":[44.3176,-20.2847]},"properties":{"iata":"MOQ","icao":"FMMV","name":"Morondava","tier":2}},{"type":"Feature","geometry":{"type":"Point","coordinates":[-101.2791,48.258]},"properties":{"iata":"MOT","icao":"KMOT","name":"Minot","tier":2}},{"type":"Feature","geometry":{"type":"Point","coordinates":[148.077,-22.0578]},"properties":{"iata":"MOV","icao":"YMRB","name":"Moranbah","tier":2}},{"type":"Feature","geometry":{"type":"Point","coordinates":[-149.7618,-17.4898]},"properties":{"iata":"MOZ","icao":"NTTM","name":"Moorea-Maiao","tier":2}},{"type":"Feature","geometry":{"type":"Point","coordinates":[24.1767,-17.6343]},"properties":{"iata":"MPA","icao":"FYKM","name":"Mpacha","tier":2}},{"type":"Feature","geometry":{"type":"Point","coordinates":[121.954,11.9245]},"properties":{"iata":"MPH","icao":"RPVE","name":"Caticlan","tier":2}},{"type":"Feature","geometry":{"type":"Point","coordinates":[37.4496,47.0761]},"properties":{"iata":"MPW","icao":"UKCM","name":"Mariupol","tier":2}},{"type":"Feature","geometry":{"type":"Point","coordinates":[-54.0394,3.6559]},"properties":{"iata":"MPY","icao":"SOOA","name":"Maripasoula","tier":2}},{"type":"Feature","geometry":{"type":"Point","coordinates":[143.2616,66.4509]},"properties":{"iata":"MQJ","icao":"UEMA","name":"Khonuu","tier":2}},{"type":"Feature","geometry":{"type":"Point","coordinates":[142.086,-34.2292]},"properties":{"iata":"MQL","icao":"YMIA","name":"Mildura","tier":2}},{"type":"Feature","geometry":{"type":"Point","coordinates":[40.6317,37.2233]},"properties":{"iata":"MQM","icao":"LTCR","name":"Mardin","tier":2}},{"type":"Feature","geometry":{"type":"Point","coordinates":[14.3014,66.3639]},"properties":{"iata":"MQN","icao":"ENRA","name":"Mo i Rana","tier":2}},{"type":"Feature","geometry":{"type":"Point","coordinates":[-61.1802,12.8879]},"properties":{"iata":"MQS","icao":"TVSM","name":"Lovell","tier":2}},{"type":"Feature","geometry":{"type":"Point","coordinates":[-87.3959,46.3515]},"properties":{"iata":"MQT","icao":"KSAW","name":"Gwinn","tier":2}},{"type":"Feature","geometry":{"type":"Point","coordinates":[39.5335,13.4674]},"properties":{"iata":"MQX","icao":"HAMK","name":"Mekele","tier":2}},{"type":"Feature","geometry":{"type":"Point","coordinates":[35.0083,-1.4046]},"properties":{"iata":"MRE","icao":"HKMS","name":"Serena","tier":2}},{"type":"Feature","geometry":{"type":"Point","coordinates":[-149.844,61.2128]},"properties":{"iata":"MRI","icao":"PAMR","name":"Anchorage","tier":2}},{"type":"Feature","geometry":{"type":"Point","coordinates":[49.1519,30.5562]},"properties":{"iata":"MRX","icao":"OIAM","name":"Mahshahr","tier":2}},{"type":"Feature","geometry":{"type":"Point","coordinates":[-121.8442,36.5868]},"properties":{"iata":"MRY","icao":"KMRY","name":"Monterey","tier":2}},{"type":"Feature","geometry":{"type":"Point","coordinates":[149.845,-29.4989]},"properties":{"iata":"MRZ","icao":"YMOR","name":"Moree","tier":2}},{"type":"Feature","geometry":{"type":"Point","coordinates":[141.368,40.7032]},"properties":{"iata":"MSJ","icao":"RJSM","name":"Misawa","tier":2}},{"type":"Feature","geometry":{"type":"Point","coordinates":[-87.613,34.7451]},"properties":{"iata":"MSL","icao":"KMSL","name":"Muscle Shoals","tier":2}},{"type":"Feature","geometry":{"type":"Point","coordinates":[-89.3375,43.1399]},"properties":{"iata":"MSN","icao":"KMSN","name":"Madison","tier":2}},{"type":"Feature","geometry":{"type":"Point","coordinates":[-114.0911,46.9158]},"properties":{"iata":"MSO","icao":"KMSO","name":"Missoula","tier":2}},{"type":"Feature","geometry":{"type":"Point","coordinates":[41.6612,38.7478]},"properties":{"iata":"MSR","icao":"LTCK","name":"Muş","tier":2}},{"type":"Feature","geometry":{"type":"Point","coordinates":[-74.8443,44.9362]},"properties":{"iata":"MSS","icao":"KMSS","name":"Massena","tier":2}},{"type":"Feature","geometry":{"type":"Point","coordinates":[12.1468,-15.2612]},"properties":{"iata":"MSZ","icao":"FNMO","name":"Moçâmedes","tier":2}},{"type":"Feature","geometry":{"type":"Point","coordinates":[-107.894,38.5098]},"properties":{"iata":"MTJ","icao":"KMTJ","name":"Montrose","tier":2}},{"type":"Feature","geometry":{"type":"Point","coordinates":[-75.8258,8.8237]},"properties":{"iata":"MTR","icao":"SKMR","name":"Montería","tier":2}},{"type":"Feature","geometry":{"type":"Point","coordinates":[-94.5807,18.1034]},"properties":{"iata":"MTT","icao":"MMMT","name":"Cosoleacaque","tier":2}},{"type":"Feature","geometry":{"type":"Point","coordinates":[157.263,-8.328]},"properties":{"iata":"MUA","icao":"AGGM","name":"Munda","tier":2}},{"type":"Feature","geometry":{"type":"Point","coordinates":[-155.668,20.0013]},"properties":{"iata":"MUE","icao":"PHMU","name":"Waimea (Kamuela)","tier":2}},{"type":"Feature","geometry":{"type":"Point","coordinates":[-63.1533,9.749]},"properties":{"iata":"MUN","icao":"SVMT","name":"Maturín","tier":2}},{"type":"Feature","geometry":{"type":"Point","coordinates":[114.3303,4.1787]},"properties":{"iata":"MUR","icao":"WBGM","name":"Marudi","tier":2}},{"type":"Feature","geometry":{"type":"Point","coordinates":[13.438,-1.6562]},"properties":{"iata":"MVB","icao":"FOON","name":"Franceville","tier":2}},{"type":"Feature","geometry":{"type":"Point","coordinates":[-37.3643,-5.2019]},"properties":{"iata":"MVF","icao":"SBMS","name":"Mossoró","tier":2}},{"type":"Feature","geometry":{"type":"Point","coordinates":[-70.2339,1.2537]},"properties":{"iata":"MVP","icao":"SKMU","name":"Mitú","tier":2}},{"type":"Feature","geometry":{"type":"Point","coordinates":[30.0951,53.9549]},"properties":{"iata":"MVQ","icao":"UMOO","name":"Mogilev","tier":2}},{"type":"Feature","geometry":{"type":"Point","coordinates":[14.2574,10.4514]},"properties":{"iata":"MVR","icao":"FKKL","name":"Maroua","tier":2}},{"type":"Feature","geometry":{"type":"Point","coordinates":[-148.717,-14.8681]},"properties":{"iata":"MVT","icao":"NTGV","name":"Mataiva Airport","tier":2}},{"type":"Feature","geometry":{"type":"Point","coordinates":[-89.0166,37.7512]},"properties":{"iata":"MWA","icao":"KMWA","name":"Marion","tier":2}},{"type":"Feature","geometry":{"type":"Point","coordinates":[-98.0602,32.7816]},"properties":{"iata":"MWL","icao":"KMWL","name":"Mineral Wells","tier":2}},{"type":"Feature","geometry":{"type":"Point","coordinates":[-115.2428,32.6306]},"properties":{"iata":"MXL","icao":"MMML","name":"Mexicali","tier":2}},{"type":"Feature","geometry":{"type":"Point","coordinates":[100.1,49.6637]},"properties":{"iata":"MXV","icao":"ZMMN","name":"Mörön","tier":2}},{"type":"Feature","geometry":{"type":"Point","coordinates":[14.5114,60.9579]},"properties":{"iata":"MXX","icao":"ESKM","name":"Mora","tier":2}},{"type":"Feature","geometry":{"type":"Point","coordinates":[150.144,-35.8978]},"properties":{"iata":"MYA","icao":"YMRY","name":"Moruya","tier":2}},{"type":"Feature","geometry":{"type":"Point","coordinates":[40.1017,-3.2293]},"properties":{"iata":"MYD","icao":"HKML","name":"Malindi","tier":2}},{"type":"Feature","geometry":{"type":"Point","coordinates":[139.56,34.0736]},"properties":{"iata":"MYE","icao":"RJTQ","name":"Miyakejima","tier":2}},{"type":"Feature","geometry":{"type":"Point","coordinates":[-73.0135,22.3795]},"properties":{"iata":"MYG","icao":"MYMM","name":"Abraham Bay Settlement","tier":2}},{"type":"Feature","geometry":{"type":"Point","coordinates":[-116.1011,44.8888]},"properties":{"iata":"MYL","icao":"KMYL","name":"McCall","tier":2}},{"type":"Feature","geometry":{"type":"Point","coordinates":[61.8957,37.6235]},"properties":{"iata":"MYP","icao":"UTAM","name":"Mary","tier":2}},{"type":"Feature","geometry":{"type":"Point","coordinates":[76.6537,12.2298]},"properties":{"iata":"MYQ","icao":"VOMY","name":"Mysore","tier":2}},{"type":"Feature","geometry":{"type":"Point","coordinates":[97.3519,25.3836]},"properties":{"iata":"MYT","icao":"VYMK","name":"Myitkyina","tier":2}},{"type":"Feature","geometry":{"type":"Point","coordinates":[-166.2698,60.3723]},"properties":{"iata":"MYU","icao":"PAMY","name":"Mekoryuk","tier":2}},{"type":"Feature","geometry":{"type":"Point","coordinates":[40.182,-10.3362]},"properties":{"iata":"MYW","icao":"HTMT","name":"Mtwara","tier":2}},{"type":"Feature","geometry":{"type":"Point","coordinates":[113.987,4.322]},"properties":{"iata":"MYY","icao":"WBGR","name":"Miri","tier":2}},{"type":"Feature","geometry":{"type":"Point","coordinates":[-4.0796,14.5128]},"properties":{"iata":"MZI","icao":"GAMB","name":"Sévaré","tier":2}},{"type":"Feature","geometry":{"type":"Point","coordinates":[-75.4647,5.0296]},"properties":{"iata":"MZL","icao":"SKMZ","name":"Manizales","tier":2}},{"type":"Feature","geometry":{"type":"Point","coordinates":[-77.0875,20.2886]},"properties":{"iata":"MZO","icao":"MUMZ","name":"Manzanillo","tier":2}},{"type":"Feature","geometry":{"type":"Point","coordinates":[32.0443,-27.6261]},"properties":{"iata":"MZQ","icao":"FAMU","name":"Mkuze","tier":2}},{"type":"Feature","geometry":{"type":"Point","coordinates":[78.9219,28.8175]},"properties":{"iata":"MZS","icao":"VIMB","name":"Moradabad","tier":2}},{"type":"Feature","geometry":{"type":"Point","coordinates":[114.805,4.0483]},"properties":{"iata":"MZV","icao":"WBMU","name":"Mulu","tier":2}},{"type":"Feature","geometry":{"type":"Point","coordinates":[149.827,-30.3192]},"properties":{"iata":"NAA","icao":"YNBR","name":"Narrabri","tier":2}},{"type":"Feature","geometry":{"type":"Point","coordinates":[125.5272,3.6848]},"properties":{"iata":"NAH","icao":"WAMH","name":"Tabukan Utara, Sangihe Islands","tier":2}},{"type":"Feature","geometry":{"type":"Point","coordinates":[43.6366,43.5129]},"properties":{"iata":"NAL","icao":"URMN","name":"Nalchik","tier":2}},{"type":"Feature","geometry":{"type":"Point","coordinates":[126.9765,-3.1432]},"properties":{"iata":"NAM","icao":"WAPN","name":"Namniwel","tier":2}},{"type":"Feature","geometry":{"type":"Point","coordinates":[-69.3887,77.4886]},"properties":{"iata":"NAQ","icao":"BGQQ","name":"Qaanaaq","tier":2}},{"type":"Feature","geometry":{"type":"Point","coordinates":[101.743,6.5199]},"properties":{"iata":"NAW","icao":"VTSC","name":"Narathiwat Airport","tier":2}},{"type":"Feature","geometry":{"type":"Point","coordinates":[52.0925,55.5647]},"properties":{"iata":"NBC","icao":"UWKE","name":"Nizhnekamsk","tier":2}},{"type":"Feature","geometry":{"type":"Point","coordinates":[10.4386,36.0758]},"properties":{"iata":"NBE","icao":"DTNH","name":"Enfidha","tier":2}},{"type":"Feature","geometry":{"type":"Point","coordinates":[127.6022,42.0669]},"properties":{"iata":"NBS","icao":"ZYBS","name":"Baishan","tier":2}},{"type":"Feature","geometry":{"type":"Point","coordinates":[-71.943,21.9161]},"properties":{"iata":"NCA","icao":"MBNC","name":"North Caicos","tier":2}},{"type":"Feature","geometry":{"type":"Point","coordinates":[6.0987,45.9289]},"properties":{"iata":"NCY","icao":"LFLP","name":"Annecy","tier":2}},{"type":"Feature","geometry":{"type":"Point","coordinates":[77.3167,19.1833]},"properties":{"iata":"NDC","icao":"VAND","name":"Nanded","tier":2}},{"type":"Feature","geometry":{"type":"Point","coordinates":[19.7194,-17.9565]},"properties":{"iata":"NDU","icao":"FYRU","name":"Rundu","tier":2}},{"type":"Feature","geometry":{"type":"Point","coordinates":[-58.8163,-38.4907]},"properties":{"iata":"NEC","icao":"SAZO","name":"Necochea","tier":2}},{"type":"Feature","geometry":{"type":"Point","coordinates":[124.914,56.9139]},"properties":{"iata":"NER","icao":"UELL","name":"Neryungri","tier":2}},{"type":"Feature","geometry":{"type":"Point","coordinates":[-62.5899,17.2057]},"properties":{"iata":"NEV","icao":"TKPN","name":"Charlestown","tier":2}},{"type":"Feature","geometry":{"type":"Point","coordinates":[72.65,61.1083]},"properties":{"iata":"NFG","icao":"USRN","name":"Nefteyugansk","tier":2}},{"type":"Feature","geometry":{"type":"Point","coordinates":[13.5592,7.357]},"properties":{"iata":"NGE","icao":"FKKN","name":"N'Gaoundéré","tier":2}},{"type":"Feature","geometry":{"type":"Point","coordinates":[80.054,32.0979]},"properties":{"iata":"NGQ","icao":"ZUAL","name":"Shiquanhe","tier":2}},{"type":"Feature","geometry":{"type":"Point","coordinates":[-140.229,-8.7956]},"properties":{"iata":"NHV","icao":"NTMD","name":"Nuku Hiva","tier":2}},{"type":"Feature","geometry":{"type":"Point","coordinates":[136.9241,35.2558]},"properties":{"iata":"NKM","icao":"RJNA","name":"Nagoya","tier":2}},{"type":"Feature","geometry":{"type":"Point","coordinates":[42.0582,37.3647]},"properties":{"iata":"NKT","icao":"LTCV","name":"Şırnak","tier":2}},{"type":"Feature","geometry":{"type":"Point","coordinates":[-99.5705,27.4439]},"properties":{"iata":"NLD","icao":"MMNL","name":"Nuevo Laredo","tier":2}},{"type":"Feature","geometry":{"type":"Point","coordinates":[100.7593,27.5403]},"properties":{"iata":"NLH","icao":"ZPNL","name":"Ninglang","tier":2}},{"type":"Feature","geometry":{"type":"Point","coordinates":[140.65,53.155]},"properties":{"iata":"NLI","icao":"UHNN","name":"Nikolayevsk-na-Amure Airport","tier":2}},{"type":"Feature","geometry":{"type":"Point","coordinates":[167.9395,-29.0418]},"properties":{"iata":"NLK","icao":"YSNF","name":"Burnt Pine","tier":2}},{"type":"Feature","geometry":{"type":"Point","coordinates":[83.3786,43.4318]},"properties":{"iata":"NLT","icao":"ZWNL","name":"Xinyuan","tier":2}},{"type":"Feature","geometry":{"type":"Point","coordinates":[73.4684,5.8174]},"properties":{"iata":"NMF","icao":"VRDA","name":"Noonu Atoll","tier":2}},{"type":"Feature","geometry":{"type":"Point","coordinates":[53.1219,67.64]},"properties":{"iata":"NNM","icao":"ULAM","name":"Naryan Mar","tier":2}},{"type":"Feature","geometry":{"type":"Point","coordinates":[100.783,18.8079]},"properties":{"iata":"NNT","icao":"VTCN","name":"Nan Airport","tier":2}},{"type":"Feature","geometry":{"type":"Point","coordinates":[-85.653,9.9765]},"properties":{"iata":"NOB","icao":"MRNS","name":"Nicoya","tier":2}},{"type":"Feature","geometry":{"type":"Point","coordinates":[75.27,63.1833]},"properties":{"iata":"NOJ","icao":"USRO","name":"Noyabrsk","tier":2}},{"type":"Feature","geometry":{"type":"Point","coordinates":[35.0718,42.0183]},"properties":{"iata":"NOP","icao":"LTCM","name":"Sinop","tier":2}},{"type":"Feature","geometry":{"type":"Point","coordinates":[15.7605,-12.8089]},"properties":{"iata":"NOV","icao":"FNHU","name":"Huambo","tier":2}},{"type":"Feature","geometry":{"type":"Point","coordinates":[86.8772,53.8114]},"properties":{"iata":"NOZ","icao":"UNWW","name":"Novokuznetsk","tier":2}},{"type":"Feature","geometry":{"type":"Point","coordinates":[176.87,-39.4658]},"properties":{"iata":"NPE","icao":"NZNR","name":"Napier","tier":2}},{"type":"Feature","geometry":{"type":"Point","coordinates":[174.179,-39.0086]},"properties":{"iata":"NPL","icao":"NZNP","name":"New Plymouth","tier":2}},{"type":"Feature","geometry":{"type":"Point","coordinates":[111.7462,-0.3486]},"properties":{"iata":"NPO","icao":"WIOG","name":"Nanga Pinoh-Borneo Island","tier":2}},{"type":"Feature","geometry":{"type":"Point","coordinates":[-71.281,41.5322]},"properties":{"iata":"NPT","icao":"KUUU","name":"Newport","tier":2}},{"type":"Feature","geometry":{"type":"Point","coordinates":[-4.9954,50.4406]},"properties":{"iata":"NQY","icao":"EGHQ","name":"Newquay","tier":2}},{"type":"Feature","geometry":{"type":"Point","coordinates":[146.512,-34.7022]},"properties":{"iata":"NRA","icao":"YNAR","name":"Narrandera","tier":2}},{"type":"Feature","geometry":{"type":"Point","coordinates":[16.2506,58.5863]},"properties":{"iata":"NRK","icao":"ESSP","name":"Norrköping","tier":2}},{"type":"Feature","geometry":{"type":"Point","coordinates":[-65.6398,18.2473]},"properties":{"iata":"NRR","icao":"TJRV","name":"Ceiba","tier":2}},{"type":"Feature","geometry":{"type":"Point","coordinates":[51.4627,36.6643]},"properties":{"iata":"NSH","icao":"OINN","name":"Nowshahr","tier":2}},{"type":"Feature","geometry":{"type":"Point","coordinates":[173.2243,-41.2967]},"properties":{"iata":"NSN","icao":"NZNS","name":"Nelson","tier":2}},{"type":"Feature","geometry":{"type":"Point","coordinates":[99.9447,8.5396]},"properties":{"iata":"NST","icao":"VTSF","name":"Nakhon Si Thammarat","tier":2}},{"type":"Feature","geometry":{"type":"Point","coordinates":[-1.6107,47.1532]},"properties":{"iata":"NTE","icao":"LFRS","name":"Nantes","tier":2}},{"type":"Feature","geometry":{"type":"Point","coordinates":[120.9801,32.0736]},"properties":{"iata":"NTG","icao":"ZSNT","name":"Nantong (Tongzhou)","tier":2}},{"type":"Feature","geometry":{"type":"Point","coordinates":[141.0697,-17.6841]},"properties":{"iata":"NTN","icao":"YNTN","name":"Normanton","tier":2}},{"type":"Feature","geometry":{"type":"Point","coordinates":[136.962,37.2931]},"properties":{"iata":"NTQ","icao":"RJNW","name":"Wajima","tier":2}},{"type":"Feature","geometry":{"type":"Point","coordinates":[108.388,3.9087]},"properties":{"iata":"NTX","icao":"WIDO","name":"Ranai-Natuna Besar Island","tier":2}},{"type":"Feature","geometry":{"type":"Point","coordinates":[-151.006,70.21]},"properties":{"iata":"NUI","icao":"PAQT","name":"Nuiqsut","tier":2}},{"type":"Feature","geometry":{"type":"Point","coordinates":[76.5203,66.0694]},"properties":{"iata":"NUX","icao":"USMU","name":"Novy Urengoy","tier":2}},{"type":"Feature","geometry":{"type":"Point","coordinates":[-75.294,2.9501]},"properties":{"iata":"NVA","icao":"SKNV","name":"Neiva","tier":2}},{"type":"Feature","geometry":{"type":"Point","coordinates":[65.1727,40.1176]},"properties":{"iata":"NVI","icao":"UZSA","name":"Navoi","tier":2}},{"type":"Feature","geometry":{"type":"Point","coordinates":[1.2828,52.6758]},"properties":{"iata":"NWI","icao":"EGSH","name":"Norwich, Norfolk","tier":2}},{"type":"Feature","geometry":{"type":"Point","coordinates":[65.615,62.11]},"properties":{"iata":"NYA","icao":"USHN","name":"Nyagan","tier":2}},{"type":"Feature","geometry":{"type":"Point","coordinates":[-2.3288,7.3618]},"properties":{"iata":"NYI","icao":"DGSN","name":"Sunyani","tier":2}},{"type":"Feature","geometry":{"type":"Point","coordinates":[37.0413,-0.0624]},"properties":{"iata":"NYK","icao":"HKNL","name":"Gathiuru","tier":2}},{"type":"Feature","geometry":{"type":"Point","coordinates":[72.6989,65.4809]},"properties":{"iata":"NYM","icao":"USMM","name":"Nadym","tier":2}},{"type":"Feature","geometry":{"type":"Point","coordinates":[-74.9615,-14.854]},"properties":{"iata":"NZC","icao":"SPZA","name":"Nazca","tier":2}},{"type":"Feature","geometry":{"type":"Point","coordinates":[117.33,49.5667]},"properties":{"iata":"NZH","icao":"ZBMZ","name":"Manzhouli","tier":2}},{"type":"Feature","geometry":{"type":"Point","coordinates":[122.7687,47.8659]},"properties":{"iata":"NZL","icao":"ZBZL","name":"Zhalantun","tier":2}},{"type":"Feature","geometry":{"type":"Point","coordinates":[-77.6121,34.8292]},"properties":{"iata":"OAJ","icao":"KOAJ","name":"Richlands","tier":2}},{"type":"Feature","geometry":{"type":"Point","coordinates":[143.217,42.7333]},"properties":{"iata":"OBO","icao":"RJCB","name":"Obihiro","tier":2}},{"type":"Feature","geometry":{"type":"Point","coordinates":[-76.9868,-0.4629]},"properties":{"iata":"OCC","icao":"SECO","name":"Coca","tier":2}},{"type":"Feature","geometry":{"type":"Point","coordinates":[-75.124,38.3104]},"properties":{"iata":"OCE","icao":"KOXB","name":"Ocean City","tier":2}},{"type":"Feature","geometry":{"type":"Point","coordinates":[-76.9698,18.4041]},"properties":{"iata":"OCJ","icao":"MKBS","name":"Boscobel","tier":2}},{"type":"Feature","geometry":{"type":"Point","coordinates":[-4.8489,37.842]},"properties":{"iata":"ODB","icao":"LEBA","name":"Córdoba","tier":2}},{"type":"Feature","geometry":{"type":"Point","coordinates":[18.99,63.4083]},"properties":{"iata":"OER","icao":"ESNO","name":"Örnsköldsvik","tier":2}},{"type":"Feature","geometry":{"type":"Point","coordinates":[-112.012,41.1959]},"properties":{"iata":"OGD","icao":"KOGD","name":"Ogden","tier":2}},{"type":"Feature","geometry":{"type":"Point","coordinates":[-58.1077,6.8059]},"properties":{"iata":"OGL","icao":"SYEC","name":"Ogle","tier":2}},{"type":"Feature","geometry":{"type":"Point","coordinates":[122.9798,24.4673]},"properties":{"iata":"OGN","icao":"ROYN","name":"Yonaguni","tier":2}},{"type":"Feature","geometry":{"type":"Point","coordinates":[-75.4655,44.6819]},"properties":{"iata":"OGS","icao":"KOGS","name":"Ogdensburg","tier":2}},{"type":"Feature","geometry":{"type":"Point","coordinates":[38.086,40.9669]},"properties":{"iata":"OGU","icao":"LTCB","name":"Ordu","tier":2}},{"type":"Feature","geometry":{"type":"Point","coordinates":[5.4128,31.9172]},"properties":{"iata":"OGX","icao":"DAUU","name":"Ouargla","tier":2}},{"type":"Feature","geometry":{"type":"Point","coordinates":[44.6066,43.2051]},"properties":{"iata":"OGZ","icao":"URMO","name":"Beslan","tier":2}},{"type":"Feature","geometry":{"type":"Point","coordinates":[122.4228,52.9169]},"properties":{"iata":"OHE","icao":"ZYMH","name":"Mohe","tier":2}},{"type":"Feature","geometry":{"type":"Point","coordinates":[143.0565,59.4101]},"properties":{"iata":"OHO","icao":"UHOO","name":"Okhotsk","tier":2}},{"type":"Feature","geometry":{"type":"Point","coordinates":[139.36,34.782]},"properties":{"iata":"OIM","icao":"RJTO","name":"Izu Oshima","tier":2}},{"type":"Feature","geometry":{"type":"Point","coordinates":[139.433,42.0717]},"properties":{"iata":"OIR","icao":"RJEO","name":"Okushiri Island","tier":2}},{"type":"Feature","geometry":{"type":"Point","coordinates":[131.737,33.4794]},"properties":{"iata":"OIT","icao":"RJFO","name":"Oita","tier":2}},{"type":"Feature","geometry":{"type":"Point","coordinates":[141.3813,43.1174]},"properties":{"iata":"OKD","icao":"RJCO","name":"Sapporo","tier":2}},{"type":"Feature","geometry":{"type":"Point","coordinates":[128.7056,27.4316]},"properties":{"iata":"OKE","icao":"RJKB","name":"Wadomari","tier":2}},{"type":"Feature","geometry":{"type":"Point","coordinates":[133.3236,36.1784]},"properties":{"iata":"OKI","icao":"RJNO","name":"Okinoshima","tier":2}},{"type":"Feature","geometry":{"type":"Point","coordinates":[140.6277,-4.9071]},"properties":{"iata":"OKL","icao":"WAJO","name":"Oksibil","tier":2}},{"type":"Feature","geometry":{"type":"Point","coordinates":[151.7367,-27.4093]},"properties":{"iata":"OKY","icao":"YBOK","name":"Oakey Army Aviation Centre","tier":2}},{"type":"Feature","geometry":{"type":"Point","coordinates":[9.604,63.6989]},"properties":{"iata":"OLA","icao":"ENOL","name":"Ørland","tier":2}},{"type":"Feature","geometry":{"type":"Point","coordinates":[-105.575,48.0945]},"properties":{"iata":"OLF","icao":"KOLF","name":"Wolf Point","tier":2}},{"type":"Feature","geometry":{"type":"Point","coordinates":[-122.903,46.9694]},"properties":{"iata":"OLM","icao":"KOLM","name":"Olympia","tier":2}},{"type":"Feature","geometry":{"type":"Point","coordinates":[120.4761,60.4018]},"properties":{"iata":"OLZ","icao":"UEMO","name":"Olyokminsk","tier":2}},{"type":"Feature","geometry":{"type":"Point","coordinates":[16.4464,-28.5853]},"properties":{"iata":"OMD","icao":"FYOG","name":"Oranjemund","tier":2}},{"type":"Feature","geometry":{"type":"Point","coordinates":[-165.445,64.5122]},"properties":{"iata":"OME","icao":"PAOM","name":"Nome","tier":2}},{"type":"Feature","geometry":{"type":"Point","coordinates":[45.0687,37.6681]},"properties":{"iata":"OMH","icao":"OITR","name":"Urmia","tier":2}},{"type":"Feature","geometry":{"type":"Point","coordinates":[68.411,40.014]},"properties":{"iata":"OMN","icao":"UZTZ","name":"Zomin","tier":2}},{"type":"Feature","geometry":{"type":"Point","coordinates":[15.9526,-17.8782]},"properties":{"iata":"OND","icao":"FYOA","name":"Ondangwa","tier":2}},{"type":"Feature","geometry":{"type":"Point","coordinates":[140.371,40.1919]},"properties":{"iata":"ONJ","icao":"RJSR","name":"Kitaakita","tier":2}},{"type":"Feature","geometry":{"type":"Point","coordinates":[32.0886,41.5064]},"properties":{"iata":"ONQ","icao":"LTAS","name":"Zonguldak","tier":2}},{"type":"Feature","geometry":{"type":"Point","coordinates":[-79.8674,9.3566]},"properties":{"iata":"ONX","icao":"MPEJ","name":"Colón","tier":2}},{"type":"Feature","geometry":{"type":"Point","coordinates":[148.9724,-36.3004]},"properties":{"iata":"OOM","icao":"YCOM","name":"Cooma","tier":2}},{"type":"Feature","geometry":{"type":"Point","coordinates":[-80.2784,25.907]},"properties":{"iata":"OPF","icao":"KOPF","name":"Miami","tier":2}},{"type":"Feature","geometry":{"type":"Point","coordinates":[142.933,-8.05]},"properties":{"iata":"OPU","icao":"AYBM","name":"Balimo","tier":2}},{"type":"Feature","geometry":{"type":"Point","coordinates":[15.038,59.2237]},"properties":{"iata":"ORB","icao":"ESOE","name":"Örebro","tier":2}},{"type":"Feature","geometry":{"type":"Point","coordinates":[-71.8757,42.2673]},"properties":{"iata":"ORH","icao":"KORH","name":"Worcester","tier":2}},{"type":"Feature","geometry":{"type":"Point","coordinates":[-141.929,62.9613]},"properties":{"iata":"ORT","icao":"PAOR","name":"Northway","tier":2}},{"type":"Feature","geometry":{"type":"Point","coordinates":[14.5042,63.1935]},"properties":{"iata":"OSD","icao":"ESNZ","name":"Östersund","tier":2}},{"type":"Feature","geometry":{"type":"Point","coordinates":[18.8113,45.4624]},"properties":{"iata":"OSI","icao":"LDOS","name":"Osijek(Klisa)","tier":2}},{"type":"Feature","geometry":{"type":"Point","coordinates":[58.5956,51.0725]},"properties":{"iata":"OSW","icao":"UWOR","name":"Orsk","tier":2}},{"type":"Feature","geometry":{"type":"Point","coordinates":[-124.246,43.4171]},"properties":{"iata":"OTH","icao":"KOTH","name":"North Bend","tier":2}},{"type":"Feature","geometry":{"type":"Point","coordinates":[-162.599,66.8847]},"properties":{"iata":"OTZ","icao":"PAOT","name":"Kotzebue","tier":2}},{"type":"Feature","geometry":{"type":"Point","coordinates":[-12.4822,22.7573]},"properties":{"iata":"OUZ","icao":"GQPZ","name":"Zouérate","tier":2}},{"type":"Feature","geometry":{"type":"Point","coordinates":[63.6019,61.3266]},"properties":{"iata":"OVS","icao":"USHS","name":"Sovetskiy","tier":2}},{"type":"Feature","geometry":{"type":"Point","coordinates":[-87.1668,37.7401]},"properties":{"iata":"OWB","icao":"KOWB","name":"Owensboro","tier":2}},{"type":"Feature","geometry":{"type":"Point","coordinates":[11.5814,1.5431]},"properties":{"iata":"OYE","icao":"FOGO","name":"Oyem","tier":2}},{"type":"Feature","geometry":{"type":"Point","coordinates":[123.842,8.1785]},"properties":{"iata":"OZC","icao":"RPMO","name":"Ozamiz","tier":2}},{"type":"Feature","geometry":{"type":"Point","coordinates":[82.111,21.9884]},"properties":{"iata":"PAB","icao":"VEBU","name":"Bilaspur","tier":2}},{"type":"Feature","geometry":{"type":"Point","coordinates":[-79.5556,8.9733]},"properties":{"iata":"PAC","icao":"MPMG","name":"Albrook","tier":2}},{"type":"Feature","geometry":{"type":"Point","coordinates":[-122.282,47.9063]},"properties":{"iata":"PAE","icao":"KPAE","name":"Everett","tier":2}},{"type":"Feature","geometry":{"type":"Point","coordinates":[123.4596,7.8256]},"properties":{"iata":"PAG","icao":"RPMP","name":"Pagadian","tier":2}},{"type":"Feature","geometry":{"type":"Point","coordinates":[-88.7738,37.0608]},"properties":{"iata":"PAH","icao":"KPAH","name":"Paducah","tier":2}},{"type":"Feature","geometry":{"type":"Point","coordinates":[85.088,25.5913]},"properties":{"iata":"PAT","icao":"VEPT","name":"Patna","tier":2}},{"type":"Feature","geometry":{"type":"Point","coordinates":[-38.2506,-9.4009]},"properties":{"iata":"PAV","icao":"SBUF","name":"Paulo Afonso","tier":2}},{"type":"Feature","geometry":{"type":"Point","coordinates":[-97.4608,20.6027]},"properties":{"iata":"PAZ","icao":"MMPA","name":"Poza Rica","tier":2}},{"type":"Feature","geometry":{"type":"Point","coordinates":[69.6564,21.6495]},"properties":{"iata":"PBD","icao":"VAPR","name":"Porbandar","tier":2}},{"type":"Feature","geometry":{"type":"Point","coordinates":[-73.4681,44.6509]},"properties":{"iata":"PBG","icao":"KPBG","name":"Plattsburgh","tier":2}},{"type":"Feature","geometry":{"type":"Point","coordinates":[117.745,-23.1711]},"properties":{"iata":"PBO","icao":"YPBO","name":"Paraburdoo","tier":2}},{"type":"Feature","geometry":{"type":"Point","coordinates":[-88.5838,15.7309]},"properties":{"iata":"PBR","icao":"MGPB","name":"Puerto Barrios","tier":2}},{"type":"Feature","geometry":{"type":"Point","coordinates":[97.4263,27.3299]},"properties":{"iata":"PBU","icao":"VYPT","name":"Putao","tier":2}},{"type":"Feature","geometry":{"type":"Point","coordinates":[7.4111,1.6612]},"properties":{"iata":"PCP","icao":"FPPR","name":"São Tomé & Príncipe","tier":2}},{"type":"Feature","geometry":{"type":"Point","coordinates":[-67.4932,6.1847]},"properties":{"iata":"PCR","icao":"SKPC","name":"Puerto Carreño","tier":2}},{"type":"Feature","geometry":{"type":"Point","coordinates":[-67.9062,3.8535]},"properties":{"iata":"PDA","icao":"SKPD","name":"Puerto Inírida","tier":2}},{"type":"Feature","geometry":{"type":"Point","coordinates":[-84.3021,33.8763]},"properties":{"iata":"PDK","icao":"KPDK","name":"Atlanta","tier":2}},{"type":"Feature","geometry":{"type":"Point","coordinates":[103.88,-3.2861]},"properties":{"iata":"PDO","icao":"WIPQ","name":"Talang Gudang-Sumatra Island","tier":2}},{"type":"Feature","geometry":{"type":"Point","coordinates":[-55.0943,-34.8551]},"properties":{"iata":"PDP","icao":"SULS","name":"Punta del Este","tier":2}},{"type":"Feature","geometry":{"type":"Point","coordinates":[-100.5352,28.6279]},"properties":{"iata":"PDS","icao":"MMPG","name":"Piedras Negras","tier":2}},{"type":"Feature","geometry":{"type":"Point","coordinates":[-118.841,45.6951]},"properties":{"iata":"PDT","icao":"KPDT","name":"Pendleton","tier":2}},{"type":"Feature","geometry":{"type":"Point","coordinates":[-75.7395,4.8127]},"properties":{"iata":"PEI","icao":"SKPE","name":"Pereira","tier":2}},{"type":"Feature","geometry":{"type":"Point","coordinates":[-69.2286,-12.6136]},"properties":{"iata":"PEM","icao":"SPTU","name":"Puerto Maldonado","tier":2}},{"type":"Feature","geometry":{"type":"Point","coordinates":[34.1547,61.8852]},"properties":{"iata":"PES","icao":"ULPB","name":"Petrozavodsk","tier":2}},{"type":"Feature","geometry":{"type":"Point","coordinates":[-52.3278,-31.7172]},"properties":{"iata":"PET","icao":"SBPK","name":"Pelotas","tier":2}},{"type":"Feature","geometry":{"type":"Point","coordinates":[57.1308,65.1211]},"properties":{"iata":"PEX","icao":"UUYP","name":"Pechora","tier":2}},{"type":"Feature","geometry":{"type":"Point","coordinates":[45.0211,53.1106]},"properties":{"iata":"PEZ","icao":"UWPP","name":"Penza","tier":2}},{"type":"Feature","geometry":{"type":"Point","coordinates":[-52.3278,-28.244]},"properties":{"iata":"PFB","icao":"SBPF","name":"Passo Fundo","tier":2}},{"type":"Feature","geometry":{"type":"Point","coordinates":[-111.4477,36.9242]},"properties":{"iata":"PGA","icao":"KPGA","name":"Page","tier":2}},{"type":"Feature","geometry":{"type":"Point","coordinates":[-81.9905,26.9202]},"properties":{"iata":"PGD","icao":"KPGD","name":"Punta Gorda","tier":2}},{"type":"Feature","geometry":{"type":"Point","coordinates":[2.8707,42.7404]},"properties":{"iata":"PGF","icao":"LFMP","name":"Perpignan/Rivesaltes","tier":2}},{"type":"Feature","geometry":{"type":"Point","coordinates":[79.4737,29.0334]},"properties":{"iata":"PGH","icao":"VIPT","name":"Pantnagar","tier":2}},{"type":"Feature","geometry":{"type":"Point","coordinates":[106.139,-2.1622]},"properties":{"iata":"PGK","icao":"WIKK","name":"Pangkal Pinang","tier":2}},{"type":"Feature","geometry":{"type":"Point","coordinates":[52.7377,27.3796]},"properties":{"iata":"PGU","icao":"OIBP","name":"Khiyaroo","tier":2}},{"type":"Feature","geometry":{"type":"Point","coordinates":[-77.3843,35.6355]},"properties":{"iata":"PGV","icao":"KPGV","name":"Greenville","tier":2}},{"type":"Feature","geometry":{"type":"Point","coordinates":[-50.1438,-25.1845]},"properties":{"iata":"PGZ","icao":"SBPG","name":"Ponta Grossa","tier":2}},{"type":"Feature","geometry":{"type":"Point","coordinates":[-41.732,-2.8937]},"properties":{"iata":"PHB","icao":"SBPB","name":"Parnaíba","tier":2}},{"type":"Feature","geometry":{"type":"Point","coordinates":[-76.493,37.1319]},"properties":{"iata":"PHF","icao":"KPHF","name":"Newport News","tier":2}},{"type":"Feature","geometry":{"type":"Point","coordinates":[7.0214,4.8461]},"properties":{"iata":"PHG","icao":"DNPM","name":"Port Harcourt","tier":2}},{"type":"Feature","geometry":{"type":"Point","coordinates":[100.279,16.7829]},"properties":{"iata":"PHS","icao":"VTPP","name":"Phitsanulok","tier":2}},{"type":"Feature","geometry":{"type":"Point","coordinates":[31.1554,-23.9372]},"properties":{"iata":"PHW","icao":"FAPH","name":"Phalaborwa","tier":2}},{"type":"Feature","geometry":{"type":"Point","coordinates":[101.195,16.676]},"properties":{"iata":"PHY","icao":"VTPB","name":"Phetchabun Airport","tier":2}},{"type":"Feature","geometry":{"type":"Point","coordinates":[-89.6926,40.6638]},"properties":{"iata":"PIA","icao":"KPIA","name":"Peoria","tier":2}},{"type":"Feature","geometry":{"type":"Point","coordinates":[-89.3371,31.4671]},"properties":{"iata":"PIB","icao":"KPIB","name":"Moselle","tier":2}},{"type":"Feature","geometry":{"type":"Point","coordinates":[-112.596,42.9098]},"properties":{"iata":"PIH","icao":"KPIH","name":"Pocatello","tier":2}},{"type":"Feature","geometry":{"type":"Point","coordinates":[-100.286,44.3827]},"properties":{"iata":"PIR","icao":"KPIR","name":"Pierre","tier":2}},{"type":"Feature","geometry":{"type":"Point","coordinates":[0.3067,46.5877]},"properties":{"iata":"PIS","icao":"LFBI","name":"Poitiers/Biard","tier":2}},{"type":"Feature","geometry":{"type":"Point","coordinates":[-80.6164,-5.2058]},"properties":{"iata":"PIU","icao":"SPUR","name":"Piura","tier":2}},{"type":"Feature","geometry":{"type":"Point","coordinates":[-28.4413,38.5543]},"properties":{"iata":"PIX","icao":"LPPI","name":"Pico Island","tier":2}},{"type":"Feature","geometry":{"type":"Point","coordinates":[-163.005,69.7329]},"properties":{"iata":"PIZ","icao":"PPIZ","name":"Point Lay","tier":2}},{"type":"Feature","geometry":{"type":"Point","coordinates":[-83.3,8.5333]},"properties":{"iata":"PJM","icao":"MRPJ","name":"Puerto Jimenez","tier":2}},{"type":"Feature","geometry":{"type":"Point","coordinates":[-81.4392,39.3451]},"properties":{"iata":"PKB","icao":"KPKB","name":"Parkersburg (Williamstown)","tier":2}},{"type":"Feature","geometry":{"type":"Point","coordinates":[148.239,-33.1314]},"properties":{"iata":"PKE","icao":"YPKS","name":"Parkes","tier":2}},{"type":"Feature","geometry":{"type":"Point","coordinates":[83.9812,28.2006]},"properties":{"iata":"PKR","icao":"VNPK","name":"Pokhara","tier":2}},{"type":"Feature","geometry":{"type":"Point","coordinates":[101.4443,0.4586]},"properties":{"iata":"PKU","icao":"WIBB","name":"Pekanbaru","tier":2}},{"type":"Feature","geometry":{"type":"Point","coordinates":[28.3938,57.7813]},"properties":{"iata":"PKV","icao":"ULOO","name":"Pskov","tier":2}},{"type":"Feature","geometry":{"type":"Point","coordinates":[113.9434,-2.2271]},"properties":{"iata":"PKY","icao":"WAGG","name":"Palangkaraya","tier":2}},{"type":"Feature","geometry":{"type":"Point","coordinates":[-88.3615,16.537]},"properties":{"iata":"PLJ","icao":"MZPL","name":"Placencia","tier":2}},{"type":"Feature","geometry":{"type":"Point","coordinates":[104.6981,-2.8977]},"properties":{"iata":"PLM","icao":"WIPP","name":"Palembang","tier":2}},{"type":"Feature","geometry":{"type":"Point","coordinates":[-84.7967,45.5709]},"properties":{"iata":"PLN","icao":"KPLN","name":"Pellston","tier":2}},{"type":"Feature","geometry":{"type":"Point","coordinates":[135.88,-34.6053]},"properties":{"iata":"PLO","icao":"YPLC","name":"Port Lincoln","tier":2}},{"type":"Feature","geometry":{"type":"Point","coordinates":[119.9086,-0.9165]},"properties":{"iata":"PLW","icao":"WAFF","name":"Palu","tier":2}},{"type":"Feature","geometry":{"type":"Point","coordinates":[10.2971,44.8264]},"properties":{"iata":"PMF","icao":"LIMP","name":"Parma (PR)","tier":2}},{"type":"Feature","geometry":{"type":"Point","coordinates":[-55.7026,-22.5496]},"properties":{"iata":"PMG","icao":"SBPP","name":"Ponta Porã","tier":2}},{"type":"Feature","geometry":{"type":"Point","coordinates":[-70.9787,-46.5379]},"properties":{"iata":"PMQ","icao":"SAWP","name":"Perito Moreno","tier":2}},{"type":"Feature","geometry":{"type":"Point","coordinates":[175.617,-40.3206]},"properties":{"iata":"PMR","icao":"NZPM","name":"Palmerston North","tier":2}},{"type":"Feature","geometry":{"type":"Point","coordinates":[-48.357,-10.2915]},"properties":{"iata":"PMW","icao":"SBPJ","name":"Palmas","tier":2}},{"type":"Feature","geometry":{"type":"Point","coordinates":[-65.1027,-42.7592]},"properties":{"iata":"PMY","icao":"SAVY","name":"Puerto Madryn","tier":2}},{"type":"Feature","geometry":{"type":"Point","coordinates":[-1.6463,42.77]},"properties":{"iata":"PNA","icao":"LEPP","name":"Pamplona","tier":2}},{"type":"Feature","geometry":{"type":"Point","coordinates":[158.2099,6.9851]},"properties":{"iata":"PNI","icao":"PTPN","name":"Pohnpei Island","tier":2}},{"type":"Feature","geometry":{"type":"Point","coordinates":[11.9689,36.8165]},"properties":{"iata":"PNL","icao":"LICG","name":"Pantelleria (TP)","tier":2}},{"type":"Feature","geometry":{"type":"Point","coordinates":[148.309,-8.8045]},"properties":{"iata":"PNP","icao":"AYGR","name":"Popondetta","tier":2}},{"type":"Feature","geometry":{"type":"Point","coordinates":[-72.5291,-51.6707]},"properties":{"iata":"PNT","icao":"SCNT","name":"Puerto Natales","tier":2}},{"type":"Feature","geometry":{"type":"Point","coordinates":[79.812,11.968]},"properties":{"iata":"PNY","icao":"VOPC","name":"Puducherry (Pondicherry)","tier":2}},{"type":"Feature","geometry":{"type":"Point","coordinates":[-40.5691,-9.3624]},"properties":{"iata":"PNZ","icao":"SBPL","name":"Petrolina","tier":2}},{"type":"Feature","geometry":{"type":"Point","coordinates":[40.5249,-12.9933]},"properties":{"iata":"POL","icao":"FQPB","name":"Pemba","tier":2}},{"type":"Feature","geometry":{"type":"Point","coordinates":[-70.57,19.7579]},"properties":{"iata":"POP","icao":"MDPP","name":"Puerto Plata","tier":2}},{"type":"Feature","geometry":{"type":"Point","coordinates":[21.8,61.4617]},"properties":{"iata":"POR","icao":"EFPO","name":"Pori","tier":2}},{"type":"Feature","geometry":{"type":"Point","coordinates":[-51.4246,-22.1751]},"properties":{"iata":"PPB","icao":"SBDN","name":"Presidente Prudente","tier":2}},{"type":"Feature","geometry":{"type":"Point","coordinates":[-76.6093,2.4544]},"properties":{"iata":"PPN","icao":"SKPP","name":"Popayán","tier":2}},{"type":"Feature","geometry":{"type":"Point","coordinates":[148.5536,-20.4944]},"properties":{"iata":"PPP","icao":"YBPN","name":"Proserpine","tier":2}},{"type":"Feature","geometry":{"type":"Point","coordinates":[-68.0448,46.689]},"properties":{"iata":"PQI","icao":"KPQI","name":"Presque Isle","tier":2}},{"type":"Feature","geometry":{"type":"Point","coordinates":[152.863,-31.4358]},"properties":{"iata":"PQQ","icao":"YPMQ","name":"Port Macquarie","tier":2}},{"type":"Feature","geometry":{"type":"Point","coordinates":[-60.4804,-31.7948]},"properties":{"iata":"PRA","icao":"SAAP","name":"Parana","tier":2}},{"type":"Feature","geometry":{"type":"Point","coordinates":[-112.4199,34.6535]},"properties":{"iata":"PRC","icao":"KPRC","name":"Prescott","tier":2}},{"type":"Feature","geometry":{"type":"Point","coordinates":[55.6916,-4.3193]},"properties":{"iata":"PRI","icao":"FSPP","name":"Praslin Island","tier":2}},{"type":"Feature","geometry":{"type":"Point","coordinates":[-8.584,37.1493]},"properties":{"iata":"PRM","icao":"LPPM","name":"Portimão","tier":2}},{"type":"Feature","geometry":{"type":"Point","coordinates":[-119.119,46.2647]},"properties":{"iata":"PSC","icao":"KPSC","name":"Pasco","tier":2}},{"type":"Feature","geometry":{"type":"Point","coordinates":[-66.563,18.0083]},"properties":{"iata":"PSE","icao":"TJPS","name":"Ponce","tier":2}},{"type":"Feature","geometry":{"type":"Point","coordinates":[-132.945,56.8017]},"properties":{"iata":"PSG","icao":"PAPG","name":"Petersburg","tier":2}},{"type":"Feature","geometry":{"type":"Point","coordinates":[-70.8233,43.0779]},"properties":{"iata":"PSM","icao":"KPSM","name":"Portsmouth","tier":2}},{"type":"Feature","geometry":{"type":"Point","coordinates":[-77.2909,1.3967]},"properties":{"iata":"PSO","icao":"SKPS","name":"Chachagüí","tier":2}},{"type":"Feature","geometry":{"type":"Point","coordinates":[-55.9707,-27.3858]},"properties":{"iata":"PSS","icao":"SARP","name":"Posadas","tier":2}},{"type":"Feature","geometry":{"type":"Point","coordinates":[112.9402,0.8346]},"properties":{"iata":"PSU","icao":"WIOP","name":"Putussibau-Borneo Island","tier":2}},{"type":"Feature","geometry":{"type":"Point","coordinates":[-57.8206,-18.9753]},"properties":{"iata":"PSZ","icao":"SLPS","name":"Puerto Suárez","tier":2}},{"type":"Feature","geometry":{"type":"Point","coordinates":[-158.6302,56.9579]},"properties":{"iata":"PTH","icao":"PAPH","name":"Port Heiden","tier":2}},{"type":"Feature","geometry":{"type":"Point","coordinates":[141.471,-38.3181]},"properties":{"iata":"PTJ","icao":"YPOD","name":"Portland Airport","tier":2}},{"type":"Feature","geometry":{"type":"Point","coordinates":[-161.8279,59.0177]},"properties":{"iata":"PTU","icao":"PAPM","name":"Platinum","tier":2}},{"type":"Feature","geometry":{"type":"Point","coordinates":[-104.497,38.2891]},"properties":{"iata":"PUB","icao":"KPUB","name":"Pueblo","tier":2}},{"type":"Feature","geometry":{"type":"Point","coordinates":[-65.9041,-47.7353]},"properties":{"iata":"PUD","icao":"SAWD","name":"Puerto Deseado","tier":2}},{"type":"Feature","geometry":{"type":"Point","coordinates":[-0.4186,43.38]},"properties":{"iata":"PUF","icao":"LFBP","name":"Pau/Pyrénées (Uzein)","tier":2}},{"type":"Feature","geometry":{"type":"Point","coordinates":[137.717,-32.5069]},"properties":{"iata":"PUG","icao":"YPAG","name":"Port Augusta Airport","tier":2}},{"type":"Feature","geometry":{"type":"Point","coordinates":[-76.5008,0.5052]},"properties":{"iata":"PUU","icao":"SKAS","name":"Puerto Asís","tier":2}},{"type":"Feature","geometry":{"type":"Point","coordinates":[-117.1116,46.7416]},"properties":{"iata":"PUW","icao":"KPUW","name":"Pullman","tier":2}},{"type":"Feature","geometry":{"type":"Point","coordinates":[-83.3867,14.0472]},"properties":{"iata":"PUZ","icao":"MNPC","name":"Puerto Cabezas","tier":2}},{"type":"Feature","geometry":{"type":"Point","coordinates":[-81.358,13.3575]},"properties":{"iata":"PVA","icao":"SKPV","name":"Providencia","tier":2}},{"type":"Feature","geometry":{"type":"Point","coordinates":[20.7653,38.9255]},"properties":{"iata":"PVK","icao":"LGPZ","name":"Preveza","tier":2}},{"type":"Feature","geometry":{"type":"Point","coordinates":[-111.7224,40.2189]},"properties":{"iata":"PVU","icao":"KPVU","name":"Provo","tier":2}},{"type":"Feature","geometry":{"type":"Point","coordinates":[170.597,69.7833]},"properties":{"iata":"PWE","icao":"UHMP","name":"Apapelgino","tier":2}},{"type":"Feature","geometry":{"type":"Point","coordinates":[-97.0891,15.8768]},"properties":{"iata":"PXM","icao":"MMPS","name":"Puerto Escondido","tier":2}},{"type":"Feature","geometry":{"type":"Point","coordinates":[-16.35,33.0734]},"properties":{"iata":"PXO","icao":"LPPS","name":"Vila Baleira","tier":2}},{"type":"Feature","geometry":{"type":"Point","coordinates":[103.498,14.8683]},"properties":{"iata":"PXR","icao":"VTUJ","name":"Surin","tier":2}},{"type":"Feature","geometry":{"type":"Point","coordinates":[108.017,14.0045]},"properties":{"iata":"PXU","icao":"VVPK","name":"Pleiku","tier":2}},{"type":"Feature","geometry":{"type":"Point","coordinates":[112.03,66.4004]},"properties":{"iata":"PYJ","icao":"UERP","name":"Yakutia","tier":2}},{"type":"Feature","geometry":{"type":"Point","coordinates":[30.3987,-29.649]},"properties":{"iata":"PZB","icao":"FAPM","name":"Pietermaritzburg","tier":2}},{"type":"Feature","geometry":{"type":"Point","coordinates":[69.4636,31.3584]},"properties":{"iata":"PZH","icao":"OPZB","name":"Fort Sandeman","tier":2}},{"type":"Feature","geometry":{"type":"Point","coordinates":[101.7985,26.54]},"properties":{"iata":"PZI","icao":"ZUZH","name":"Panzhihua (Renhe)","tier":2}},{"type":"Feature","geometry":{"type":"Point","coordinates":[-126.596,52.3875]},"properties":{"iata":"QBC","icao":"CYBD","name":"Bella Coola","tier":2}},{"type":"Feature","geometry":{"type":"Point","coordinates":[7.206,5.4271]},"properties":{"iata":"QOW","icao":"DNIM","name":"Owerri","tier":2}},{"type":"Feature","geometry":{"type":"Point","coordinates":[5.8187,5.5982]},"properties":{"iata":"QRW","icao":"DNSU","name":"Okpe","tier":2}},{"type":"Feature","geometry":{"type":"Point","coordinates":[5.3299,36.1785]},"properties":{"iata":"QSF","icao":"DAAS","name":"Sétif","tier":2}},{"type":"Feature","geometry":{"type":"Point","coordinates":[14.9113,40.6204]},"properties":{"iata":"QSR","icao":"LIRI","name":"Salerno","tier":2}},{"type":"Feature","geometry":{"type":"Point","coordinates":[77.0561,38.2454]},"properties":{"iata":"QSZ","icao":"ZWSC","name":"Shache","tier":2}},{"type":"Feature","geometry":{"type":"Point","coordinates":[8.093,4.8725]},"properties":{"iata":"QUO","icao":"DNAI","name":"Uyo","tier":2}},{"type":"Feature","geometry":{"type":"Point","coordinates":[152.38,-4.3405]},"properties":{"iata":"RAB","icao":"AYTK","name":"Kokopo","tier":2}},{"type":"Feature","geometry":{"type":"Point","coordinates":[41.1382,30.9066]},"properties":{"iata":"RAE","icao":"OERR","name":"Arar","tier":2}},{"type":"Feature","geometry":{"type":"Point","coordinates":[43.4906,29.6264]},"properties":{"iata":"RAH","icao":"OERF","name":"Rafha","tier":2}},{"type":"Feature","geometry":{"type":"Point","coordinates":[-47.7741,-21.1343]},"properties":{"iata":"RAO","icao":"SBRP","name":"Ribeirão Preto","tier":2}},{"type":"Feature","geometry":{"type":"Point","coordinates":[-103.057,44.0453]},"properties":{"iata":"RAP","icao":"KRAP","name":"Rapid City","tier":2}},{"type":"Feature","geometry":{"type":"Point","coordinates":[49.6178,37.3233]},"properties":{"iata":"RAS","icao":"OIGG","name":"Rasht","tier":2}},{"type":"Feature","geometry":{"type":"Point","coordinates":[-155.47,64.7272]},"properties":{"iata":"RBY","icao":"PARY","name":"Ruby","tier":2}},{"type":"Feature","geometry":{"type":"Point","coordinates":[32.0921,-28.741]},"properties":{"iata":"RCB","icao":"FARB","name":"Richards Bay","tier":2}},{"type":"Feature","geometry":{"type":"Point","coordinates":[-72.926,11.5262]},"properties":{"iata":"RCH","icao":"SKRH","name":"Riohacha","tier":2}},{"type":"Feature","geometry":{"type":"Point","coordinates":[-122.293,40.509]},"properties":{"iata":"RDD","icao":"KRDD","name":"Redding","tier":2}},{"type":"Feature","geometry":{"type":"Point","coordinates":[-121.15,44.2541]},"properties":{"iata":"RDM","icao":"KRDM","name":"Redmond","tier":2}},{"type":"Feature","geometry":{"type":"Point","coordinates":[21.2147,51.3894]},"properties":{"iata":"RDO","icao":"EPRA","name":"Radom","tier":2}},{"type":"Feature","geometry":{"type":"Point","coordinates":[87.243,23.6225]},"properties":{"iata":"RDP","icao":"VEDG","name":"Durgapur","tier":2}},{"type":"Feature","geometry":{"type":"Point","coordinates":[2.4827,44.4079]},"properties":{"iata":"RDZ","icao":"LFCR","name":"Rodez/Marcillac","tier":2}},{"type":"Feature","geometry":{"type":"Point","coordinates":[15.6516,38.0712]},"properties":{"iata":"REG","icao":"LICR","name":"Reggio Calabria","tier":2}},{"type":"Feature","geometry":{"type":"Point","coordinates":[-65.2703,-43.2105]},"properties":{"iata":"REL","icao":"SAVT","name":"Rawson","tier":2}},{"type":"Feature","geometry":{"type":"Point","coordinates":[55.4572,51.7927]},"properties":{"iata":"REN","icao":"UWOO","name":"Orenburg","tier":2}},{"type":"Feature","geometry":{"type":"Point","coordinates":[-91.697,14.5214]},"properties":{"iata":"RER","icao":"MGRT","name":"Retalhuleu","tier":2}},{"type":"Feature","geometry":{"type":"Point","coordinates":[81.2203,24.5034]},"properties":{"iata":"REW","icao":"VERW","name":"Rewa","tier":2}},{"type":"Feature","geometry":{"type":"Point","coordinates":[-98.2285,26.0089]},"properties":{"iata":"REX","icao":"MMRX","name":"Reynosa","tier":2}},{"type":"Feature","geometry":{"type":"Point","coordinates":[-89.0972,42.1954]},"properties":{"iata":"RFD","icao":"KRFD","name":"Chicago/Rockford","tier":2}},{"type":"Feature","geometry":{"type":"Point","coordinates":[-151.466,-16.7229]},"properties":{"iata":"RFP","icao":"NTTR","name":"Uturoa","tier":2}},{"type":"Feature","geometry":{"type":"Point","coordinates":[-67.7494,-53.7777]},"properties":{"iata":"RGA","icao":"SAWE","name":"Rio Grande","tier":2}},{"type":"Feature","geometry":{"type":"Point","coordinates":[-147.661,-14.9543]},"properties":{"iata":"RGI","icao":"NTTG","name":"Rangiroa Airport","tier":2}},{"type":"Feature","geometry":{"type":"Point","coordinates":[129.6476,41.4285]},"properties":{"iata":"RGO","icao":"ZKHM","name":"Hoemun-ri","tier":2}},{"type":"Feature","geometry":{"type":"Point","coordinates":[-64.936,-27.4966]},"properties":{"iata":"RHD","icao":"SANR","name":"Termas de Río Hondo","tier":2}},{"type":"Feature","geometry":{"type":"Point","coordinates":[-89.4675,45.6312]},"properties":{"iata":"RHI","icao":"KRHI","name":"Rhinelander","tier":2}},{"type":"Feature","geometry":{"type":"Point","coordinates":[-53.6882,-29.7114]},"properties":{"iata":"RIA","icao":"SBSM","name":"Santa Maria","tier":2}},{"type":"Feature","geometry":{"type":"Point","coordinates":[-66.0755,-11.0094]},"properties":{"iata":"RIB","icao":"SLRI","name":"Riberalta","tier":2}},{"type":"Feature","geometry":{"type":"Point","coordinates":[141.186,45.242]},"properties":{"iata":"RIS","icao":"RJER","name":"Rishiri","tier":2}},{"type":"Feature","geometry":{"type":"Point","coordinates":[-108.46,43.0642]},"properties":{"iata":"RIW","icao":"KRIW","name":"Riverton","tier":2}},{"type":"Feature","geometry":{"type":"Point","coordinates":[119.3244,35.405]},"properties":{"iata":"RIZ","icao":"ZSRZ","name":"Rizhao (Donggang)","tier":2}},{"type":"Feature","geometry":{"type":"Point","coordinates":[81.8132,17.1058]},"properties":{"iata":"RJA","icao":"VORY","name":"Madhurapudi","tier":2}},{"type":"Feature","geometry":{"type":"Point","coordinates":[88.6165,24.4372]},"properties":{"iata":"RJH","icao":"VGRJ","name":"Rajshahi","tier":2}},{"type":"Feature","geometry":{"type":"Point","coordinates":[56.049,30.2983]},"properties":{"iata":"RJN","icao":"OIKR","name":"Rafsanjan","tier":2}},{"type":"Feature","geometry":{"type":"Point","coordinates":[-69.0992,44.0601]},"properties":{"iata":"RKD","icao":"KRKD","name":"Rockland","tier":2}},{"type":"Feature","geometry":{"type":"Point","coordinates":[12.1314,55.5856]},"properties":{"iata":"RKE","icao":"EKRK","name":"Roskilde","tier":2}},{"type":"Feature","geometry":{"type":"Point","coordinates":[-109.065,41.5942]},"properties":{"iata":"RKS","icao":"KRKS","name":"Rock Springs","tier":2}},{"type":"Feature","geometry":{"type":"Point","coordinates":[-21.9376,64.1287]},"properties":{"iata":"RKV","icao":"BIRK","name":"Reykjavík","tier":2}},{"type":"Feature","geometry":{"type":"Point","coordinates":[12.2783,53.9182]},"properties":{"iata":"RLG","icao":"ETNL","name":"Laage","tier":2}},{"type":"Feature","geometry":{"type":"Point","coordinates":[107.7409,40.9264]},"properties":{"iata":"RLK","icao":"ZBYZ","name":"Bayannur","tier":2}},{"type":"Feature","geometry":{"type":"Point","coordinates":[148.775,-26.545]},"properties":{"iata":"RMA","icao":"YROM","name":"Roma","tier":2}},{"type":"Feature","geometry":{"type":"Point","coordinates":[68.348,58.0597]},"properties":{"iata":"RMZ","icao":"USTJ","name":"Tobolsk","tier":2}},{"type":"Feature","geometry":{"type":"Point","coordinates":[15.265,56.2667]},"properties":{"iata":"RNB","icao":"ESDF","name":"Ronneby","tier":2}},{"type":"Feature","geometry":{"type":"Point","coordinates":[128.4016,27.0438]},"properties":{"iata":"RNJ","icao":"RORY","name":"Yoron","tier":2}},{"type":"Feature","geometry":{"type":"Point","coordinates":[14.7596,55.0633]},"properties":{"iata":"RNN","icao":"EKRN","name":"Rønne","tier":2}},{"type":"Feature","geometry":{"type":"Point","coordinates":[-1.7348,48.0695]},"properties":{"iata":"RNS","icao":"LFRN","name":"Saint-Jacques-de-la-Lande, Ille-et-Vilaine","tier":2}},{"type":"Feature","geometry":{"type":"Point","coordinates":[-79.9754,37.3255]},"properties":{"iata":"ROA","icao":"KROA","name":"Roanoke","tier":2}},{"type":"Feature","geometry":{"type":"Point","coordinates":[103.774,16.1168]},"properties":{"iata":"ROI","icao":"VTUV","name":"Roi Et","tier":2}},{"type":"Feature","geometry":{"type":"Point","coordinates":[150.4754,-23.38]},"properties":{"iata":"ROK","icao":"YBRK","name":"Rockhampton","tier":2}},{"type":"Feature","geometry":{"type":"Point","coordinates":[-54.7248,-16.5843]},"properties":{"iata":"ROO","icao":"SBRD","name":"Rondonópolis","tier":2}},{"type":"Feature","geometry":{"type":"Point","coordinates":[176.317,-38.1092]},"properties":{"iata":"ROT","icao":"NZRO","name":"Rotorua","tier":2}},{"type":"Feature","geometry":{"type":"Point","coordinates":[-104.531,33.3016]},"properties":{"iata":"ROW","icao":"KROW","name":"Roswell","tier":2}},{"type":"Feature","geometry":{"type":"Point","coordinates":[81.7388,21.1804]},"properties":{"iata":"RPR","icao":"VERP","name":"Raipur","tier":2}},{"type":"Feature","geometry":{"type":"Point","coordinates":[88.0083,38.9747]},"properties":{"iata":"RQA","icao":"ZWRQ","name":"Ruoqiang Town","tier":2}},{"type":"Feature","geometry":{"type":"Point","coordinates":[63.3593,-19.7567]},"properties":{"iata":"RRG","icao":"FIMR","name":"Port Mathurin","tier":2}},{"type":"Feature","geometry":{"type":"Point","coordinates":[-43.3722,-22.9868]},"properties":{"iata":"RRJ","icao":"SBJR","name":"Rio de Janeiro","tier":2}},{"type":"Feature","geometry":{"type":"Point","coordinates":[11.3423,62.5784]},"properties":{"iata":"RRS","icao":"ENRO","name":"Røros","tier":2}},{"type":"Feature","geometry":{"type":"Point","coordinates":[-64.2757,-36.5883]},"properties":{"iata":"RSA","icao":"SAZR","name":"Santa Rosa","tier":2}},{"type":"Feature","geometry":{"type":"Point","coordinates":[-76.1776,24.8916]},"properties":{"iata":"RSD","icao":"MYER","name":"Rock Sound","tier":2}},{"type":"Feature","geometry":{"type":"Point","coordinates":[-92.5,43.9083]},"properties":{"iata":"RST","icao":"KRST","name":"Rochester","tier":2}},{"type":"Feature","geometry":{"type":"Point","coordinates":[127.617,34.8423]},"properties":{"iata":"RSU","icao":"RKJY","name":"Yeosu","tier":2}},{"type":"Feature","geometry":{"type":"Point","coordinates":[30.9117,3.0492]},"properties":{"iata":"RUA","icao":"HUAR","name":"Arua","tier":2}},{"type":"Feature","geometry":{"type":"Point","coordinates":[-151.361,-22.4341]},"properties":{"iata":"RUR","icao":"NTAR","name":"Rurutu Airport","tier":2}},{"type":"Feature","geometry":{"type":"Point","coordinates":[-72.9496,43.5294]},"properties":{"iata":"RUT","icao":"KRUT","name":"Rutland","tier":2}},{"type":"Feature","geometry":{"type":"Point","coordinates":[11.1461,64.8383]},"properties":{"iata":"RVK","icao":"ENRM","name":"Rørvik","tier":2}},{"type":"Feature","geometry":{"type":"Point","coordinates":[-55.4762,-30.9746]},"properties":{"iata":"RVY","icao":"SURV","name":"Rivera/Santana do Livramento","tier":2}},{"type":"Feature","geometry":{"type":"Point","coordinates":[26.1416,50.6071]},"properties":{"iata":"RWN","icao":"UKLR","name":"Rivne","tier":2}},{"type":"Feature","geometry":{"type":"Point","coordinates":[122.752,11.5977]},"properties":{"iata":"RXS","icao":"RPVR","name":"Roxas City","tier":2}},{"type":"Feature","geometry":{"type":"Point","coordinates":[38.9294,58.1042]},"properties":{"iata":"RYB","icao":"UUBK","name":"Rybinsk","tier":2}},{"type":"Feature","geometry":{"type":"Point","coordinates":[70.2796,28.3839]},"properties":{"iata":"RYK","icao":"OPRK","name":"Rahim Yar Khan","tier":2}},{"type":"Feature","geometry":{"type":"Point","coordinates":[50.6873,36.907]},"properties":{"iata":"RZR","icao":"OINR","name":"Ramsar","tier":2}},{"type":"Feature","geometry":{"type":"Point","coordinates":[-63.2205,17.6453]},"properties":{"iata":"SAB","icao":"TNCS","name":"Zion's Hill","tier":2}},{"type":"Feature","geometry":{"type":"Point","coordinates":[-106.089,35.6171]},"properties":{"iata":"SAF","icao":"KSAF","name":"Santa Fe","tier":2}},{"type":"Feature","geometry":{"type":"Point","coordinates":[-78.049,25.0538]},"properties":{"iata":"SAQ","icao":"MYAN","name":"Andros Island","tier":2}},{"type":"Feature","geometry":{"type":"Point","coordinates":[-119.84,34.4262]},"properties":{"iata":"SBA","icao":"KSBA","name":"Santa Barbara","tier":2}},{"type":"Feature","geometry":{"type":"Point","coordinates":[-62.8433,17.9044]},"properties":{"iata":"SBH","icao":"TFFJ","name":"Gustavia","tier":2}},{"type":"Feature","geometry":{"type":"Point","coordinates":[-86.3169,41.7083]},"properties":{"iata":"SBN","icao":"KSBN","name":"South Bend","tier":2}},{"type":"Feature","geometry":{"type":"Point","coordinates":[-120.642,35.2368]},"properties":{"iata":"SBP","icao":"KSBP","name":"San Luis Obispo","tier":2}},{"type":"Feature","geometry":{"type":"Point","coordinates":[72.0522,71.2192]},"properties":{"iata":"SBT","icao":"USDA","name":"Sabetta","tier":2}},{"type":"Feature","geometry":{"type":"Point","coordinates":[111.985,2.2616]},"properties":{"iata":"SBW","icao":"WBGS","name":"Sibu","tier":2}},{"type":"Feature","geometry":{"type":"Point","coordinates":[-75.5103,38.3405]},"properties":{"iata":"SBY","icao":"KSBY","name":"Salisbury","tier":2}},{"type":"Feature","geometry":{"type":"Point","coordinates":[-148.465,70.1947]},"properties":{"iata":"SCC","icao":"PASC","name":"Deadhorse","tier":2}},{"type":"Feature","geometry":{"type":"Point","coordinates":[-77.8485,40.8494]},"properties":{"iata":"SCE","icao":"KUNV","name":"State College","tier":2}},{"type":"Feature","geometry":{"type":"Point","coordinates":[-121.2381,37.8933]},"properties":{"iata":"SCK","icao":"KSCK","name":"Stockton","tier":2}},{"type":"Feature","geometry":{"type":"Point","coordinates":[7.1097,49.2145]},"properties":{"iata":"SCN","icao":"EDDR","name":"Saarbrücken","tier":2}},{"type":"Feature","geometry":{"type":"Point","coordinates":[53.9062,12.6321]},"properties":{"iata":"SCT","icao":"OYSQ","name":"Mori","tier":2}},{"type":"Feature","geometry":{"type":"Point","coordinates":[50.8451,61.647]},"properties":{"iata":"SCW","icao":"UUYY","name":"Syktyvkar","tier":2}},{"type":"Feature","geometry":{"type":"Point","coordinates":[13.5767,-14.9248]},"properties":{"iata":"SDD","icao":"FNUB","name":"Lubango","tier":2}},{"type":"Feature","geometry":{"type":"Point","coordinates":[-64.31,-27.7656]},"properties":{"iata":"SDE","icao":"SANE","name":"Santiago del Estero","tier":2}},{"type":"Feature","geometry":{"type":"Point","coordinates":[47.0092,35.2459]},"properties":{"iata":"SDG","icao":"OICS","name":"Sanandaj Airport","tier":2}},{"type":"Feature","geometry":{"type":"Point","coordinates":[118.059,5.9009]},"properties":{"iata":"SDK","icao":"WBKS","name":"Sandakan","tier":2}},{"type":"Feature","geometry":{"type":"Point","coordinates":[17.4439,62.5281]},"properties":{"iata":"SDL","icao":"ESNN","name":"Sundsvall/ Härnösand","tier":2}},{"type":"Feature","geometry":{"type":"Point","coordinates":[-160.5221,55.3139]},"properties":{"iata":"SDP","icao":"PASD","name":"Sand Point","tier":2}},{"type":"Feature","geometry":{"type":"Point","coordinates":[-3.82,43.4271]},"properties":{"iata":"SDR","icao":"LEXJ","name":"Santander","tier":2}},{"type":"Feature","geometry":{"type":"Point","coordinates":[138.414,38.0602]},"properties":{"iata":"SDS","icao":"RJSD","name":"Sado","tier":2}},{"type":"Feature","geometry":{"type":"Point","coordinates":[73.5298,16.0026]},"properties":{"iata":"SDW","icao":"VOSR","name":"Chipi","tier":2}},{"type":"Feature","geometry":{"type":"Point","coordinates":[-104.1944,47.7051]},"properties":{"iata":"SDY","icao":"KSDY","name":"Sidney","tier":2}},{"type":"Feature","geometry":{"type":"Point","coordinates":[14.4662,26.9925]},"properties":{"iata":"SEB","icao":"HLLS","name":"Sabha","tier":2}},{"type":"Feature","geometry":{"type":"Point","coordinates":[153.7364,67.4805]},"properties":{"iata":"SEK","name":"Srednekolymsk","tier":2}},{"type":"Feature","geometry":{"type":"Point","coordinates":[0.6936,51.5706]},"properties":{"iata":"SEN","icao":"EGMC","name":"Southend-on-Sea, Essex","tier":2}},{"type":"Feature","geometry":{"type":"Point","coordinates":[10.691,34.718]},"properties":{"iata":"SFA","icao":"DTTX","name":"Sfax","tier":2}},{"type":"Feature","geometry":{"type":"Point","coordinates":[-63.0474,18.1001]},"properties":{"iata":"SFG","icao":"TFFG","name":"Grand Case","tier":2}},{"type":"Feature","geometry":{"type":"Point","coordinates":[-50.7153,67.0104]},"properties":{"iata":"SFJ","icao":"BGSF","name":"Kangerlussuaq","tier":2}},{"type":"Feature","geometry":{"type":"Point","coordinates":[-60.8117,-31.7117]},"properties":{"iata":"SFN","icao":"SAAV","name":"Santa Fe","tier":2}},{"type":"Feature","geometry":{"type":"Point","coordinates":[21.0769,64.6248]},"properties":{"iata":"SFT","icao":"ESNS","name":"Skellefteå","tier":2}},{"type":"Feature","geometry":{"type":"Point","coordinates":[9.7917,54.9644]},"properties":{"iata":"SGD","icao":"EKSB","name":"Sønderborg","tier":2}},{"type":"Feature","geometry":{"type":"Point","coordinates":[-93.3886,37.245]},"properties":{"iata":"SGF","icao":"KSGF","name":"Springfield","tier":2}},{"type":"Feature","geometry":{"type":"Point","coordinates":[-113.5103,37.0364]},"properties":{"iata":"SGU","icao":"KSGU","name":"St George","tier":2}},{"type":"Feature","geometry":{"type":"Point","coordinates":[144.96,43.5775]},"properties":{"iata":"SHB","icao":"RJCN","name":"Nakashibetsu","tier":2}},{"type":"Feature","geometry":{"type":"Point","coordinates":[-78.8964,38.2638]},"properties":{"iata":"SHD","icao":"KSHD","name":"Weyers Cave","tier":2}},{"type":"Feature","geometry":{"type":"Point","coordinates":[125.145,24.8267]},"properties":{"iata":"SHI","icao":"RORS","name":"Miyakojima","tier":2}},{"type":"Feature","geometry":{"type":"Point","coordinates":[91.9787,25.7036]},"properties":{"iata":"SHL","icao":"VEBI","name":"Shillong","tier":2}},{"type":"Feature","geometry":{"type":"Point","coordinates":[135.364,33.6622]},"properties":{"iata":"SHM","icao":"RJBD","name":"Shirahama","tier":2}},{"type":"Feature","geometry":{"type":"Point","coordinates":[-106.98,44.7692]},"properties":{"iata":"SHR","icao":"KSHR","name":"Sheridan","tier":2}},{"type":"Feature","geometry":{"type":"Point","coordinates":[112.4485,30.2928]},"properties":{"iata":"SHS","icao":"ZHJZ","name":"Jingzhou (Shashi)","tier":2}},{"type":"Feature","geometry":{"type":"Point","coordinates":[-93.8267,32.4447]},"properties":{"iata":"SHV","icao":"KSHV","name":"Shreveport","tier":2}},{"type":"Feature","geometry":{"type":"Point","coordinates":[47.1214,17.4669]},"properties":{"iata":"SHW","icao":"OESH","name":"Sharurah","tier":2}},{"type":"Feature","geometry":{"type":"Point","coordinates":[-66.0981,18.4568]},"properties":{"iata":"SIG","icao":"TJIG","name":"San Juan","tier":2}},{"type":"Feature","geometry":{"type":"Point","coordinates":[22.9993,-27.6486]},"properties":{"iata":"SIS","icao":"FASS","name":"Sishen","tier":2}},{"type":"Feature","geometry":{"type":"Point","coordinates":[-135.362,57.0471]},"properties":{"iata":"SIT","icao":"PASI","name":"Sitka","tier":2}},{"type":"Feature","geometry":{"type":"Point","coordinates":[-72.6394,2.5797]},"properties":{"iata":"SJE","icao":"SKSJ","name":"San José Del Guaviare","tier":2}},{"type":"Feature","geometry":{"type":"Point","coordinates":[121.047,12.3615]},"properties":{"iata":"SJI","icao":"RPUH","name":"San Jose","tier":2}},{"type":"Feature","geometry":{"type":"Point","coordinates":[-45.8615,-23.2292]},"properties":{"iata":"SJK","icao":"SBSJ","name":"São José Dos Campos","tier":2}},{"type":"Feature","geometry":{"type":"Point","coordinates":[-66.9855,-0.1484]},"properties":{"iata":"SJL","icao":"SBUA","name":"São Gabriel da Cachoeira","tier":2}},{"type":"Feature","geometry":{"type":"Point","coordinates":[-49.407,-20.8171]},"properties":{"iata":"SJP","icao":"SBSR","name":"São José do Rio Preto","tier":2}},{"type":"Feature","geometry":{"type":"Point","coordinates":[-100.496,31.3577]},"properties":{"iata":"SJT","icao":"KSJT","name":"San Angelo","tier":2}},{"type":"Feature","geometry":{"type":"Point","coordinates":[-28.1758,38.6655]},"properties":{"iata":"SJZ","icao":"LPSJ","name":"Velas","tier":2}},{"type":"Feature","geometry":{"type":"Point","coordinates":[15.0334,68.5788]},"properties":{"iata":"SKN","icao":"ENSK","name":"Hadsel","tier":2}},{"type":"Feature","geometry":{"type":"Point","coordinates":[68.7917,27.722]},"properties":{"iata":"SKZ","icao":"OPSK","name":"Sukkur","tier":2}},{"type":"Feature","geometry":{"type":"Point","coordinates":[19.1341,48.6378]},"properties":{"iata":"SLD","icao":"LZSL","name":"Sliač","tier":2}},{"type":"Feature","geometry":{"type":"Point","coordinates":[-123.003,44.9095]},"properties":{"iata":"SLE","icao":"KSLE","name":"Salem","tier":2}},{"type":"Feature","geometry":{"type":"Point","coordinates":[-74.2046,44.3869]},"properties":{"iata":"SLK","icao":"KSLK","name":"Saranac Lake","tier":2}},{"type":"Feature","geometry":{"type":"Point","coordinates":[-5.502,40.9521]},"properties":{"iata":"SLM","icao":"LESA","name":"Salamanca","tier":2}},{"type":"Feature","geometry":{"type":"Point","coordinates":[-97.6522,38.791]},"properties":{"iata":"SLN","icao":"KSLN","name":"Salina","tier":2}},{"type":"Feature","geometry":{"type":"Point","coordinates":[-100.9357,22.262]},"properties":{"iata":"SLP","icao":"MMSP","name":"San Luis Potosí","tier":2}},{"type":"Feature","geometry":{"type":"Point","coordinates":[-60.9929,14.0202]},"properties":{"iata":"SLU","icao":"TLPC","name":"Castries","tier":2}},{"type":"Feature","geometry":{"type":"Point","coordinates":[-100.9283,25.5379]},"properties":{"iata":"SLW","icao":"MMIO","name":"Saltillo","tier":2}},{"type":"Feature","geometry":{"type":"Point","coordinates":[66.611,66.5908]},"properties":{"iata":"SLY","icao":"USDD","name":"Salekhard","tier":2}},{"type":"Feature","geometry":{"type":"Point","coordinates":[-25.1706,36.9714]},"properties":{"iata":"SMA","icao":"LPAZ","name":"Vila do Porto","tier":2}},{"type":"Feature","geometry":{"type":"Point","coordinates":[26.9117,37.69]},"properties":{"iata":"SMI","icao":"LGSM","name":"Samos Island","tier":2}},{"type":"Feature","geometry":{"type":"Point","coordinates":[-75.2686,23.5823]},"properties":{"iata":"SML","icao":"MYLS","name":"Stella Maris","tier":2}},{"type":"Feature","geometry":{"type":"Point","coordinates":[-113.882,45.1222]},"properties":{"iata":"SMN","icao":"KSMN","name":"Salmon","tier":2}},{"type":"Feature","geometry":{"type":"Point","coordinates":[-74.2306,11.1196]},"properties":{"iata":"SMR","icao":"SKSM","name":"Santa Marta","tier":2}},{"type":"Feature","geometry":{"type":"Point","coordinates":[49.8158,-17.0939]},"properties":{"iata":"SMS","icao":"FMMS","name":"Vohilava","tier":2}},{"type":"Feature","geometry":{"type":"Point","coordinates":[-11.6837,26.732]},"properties":{"iata":"SMW","icao":"GMMA","name":"Smara","tier":2}},{"type":"Feature","geometry":{"type":"Point","coordinates":[-120.457,34.8989]},"properties":{"iata":"SMX","icao":"KSMX","name":"Santa Maria","tier":2}},{"type":"Feature","geometry":{"type":"Point","coordinates":[130.6485,-11.4177]},"properties":{"iata":"SNB","icao":"YSNK","name":"Milikapiti","tier":2}},{"type":"Feature","geometry":{"type":"Point","coordinates":[-24.2841,16.5889]},"properties":{"iata":"SNE","icao":"GVSN","name":"Preguiça","tier":2}},{"type":"Feature","geometry":{"type":"Point","coordinates":[104.119,17.1951]},"properties":{"iata":"SNO","icao":"VTUI","name":"Sakon Nakhon Airport","tier":2}},{"type":"Feature","geometry":{"type":"Point","coordinates":[-170.2226,57.1663]},"properties":{"iata":"SNP","icao":"PASN","name":"St Paul Island","tier":2}},{"type":"Feature","geometry":{"type":"Point","coordinates":[-2.1526,47.3114]},"properties":{"iata":"SNR","icao":"LFRZ","name":"Saint-Nazaire/Montoir","tier":2}},{"type":"Feature","geometry":{"type":"Point","coordinates":[-61.1452,4.5547]},"properties":{"iata":"SNV","icao":"SVSE","name":"Santa Elena de Uairén","tier":2}},{"type":"Feature","geometry":{"type":"Point","coordinates":[94.3001,18.4607]},"properties":{"iata":"SNW","icao":"VYTD","name":"Thandwe","tier":2}},{"type":"Feature","geometry":{"type":"Point","coordinates":[17.1591,46.6864]},"properties":{"iata":"SOB","icao":"LHSM","name":"Sármellék","tier":2}},{"type":"Feature","geometry":{"type":"Point","coordinates":[20.9594,69.7868]},"properties":{"iata":"SOJ","icao":"ENSR","name":"Sørkjosen","tier":2}},{"type":"Feature","geometry":{"type":"Point","coordinates":[-64.1511,8.9451]},"properties":{"iata":"SOM","icao":"SVST","name":"El Tigre","tier":2}},{"type":"Feature","geometry":{"type":"Point","coordinates":[167.22,-15.505]},"properties":{"iata":"SON","icao":"NVSS","name":"Luganville","tier":2}},{"type":"Feature","geometry":{"type":"Point","coordinates":[131.287,-0.894]},"properties":{"iata":"SOQ","icao":"WASS","name":"Sorong","tier":2}},{"type":"Feature","geometry":{"type":"Point","coordinates":[-1.3568,50.9503]},"properties":{"iata":"SOU","icao":"EGHI","name":"Southampton","tier":2}},{"type":"Feature","geometry":{"type":"Point","coordinates":[-110.0071,34.2641]},"properties":{"iata":"SOW","icao":"KSOW","name":"Show Low","tier":2}},{"type":"Feature","geometry":{"type":"Point","coordinates":[-17.7556,28.6265]},"properties":{"iata":"SPC","icao":"GCLA","name":"Sta Cruz de la Palma, La Palma Island","tier":2}},{"type":"Feature","geometry":{"type":"Point","coordinates":[88.9089,25.7592]},"properties":{"iata":"SPD","icao":"VGSD","name":"Saidpur","tier":2}},{"type":"Feature","geometry":{"type":"Point","coordinates":[-89.6779,39.8441]},"properties":{"iata":"SPI","icao":"KSPI","name":"Springfield","tier":2}},{"type":"Feature","geometry":{"type":"Point","coordinates":[145.7288,15.1194]},"properties":{"iata":"SPN","icao":"PGSN","name":"I Fadang, Saipan","tier":2}},{"type":"Feature","geometry":{"type":"Point","coordinates":[17.7198,-14.6576]},"properties":{"iata":"SPP","icao":"FNME","name":"Menongue","tier":2}},{"type":"Feature","geometry":{"type":"Point","coordinates":[-87.9711,17.9139]},"properties":{"iata":"SPR","icao":"MZSP","name":"San Pedro","tier":2}},{"type":"Feature","geometry":{"type":"Point","coordinates":[-98.4919,33.9888]},"properties":{"iata":"SPS","icao":"KSPS","name":"Wichita Falls","tier":2}},{"type":"Feature","geometry":{"type":"Point","coordinates":[-6.6608,4.7467]},"properties":{"iata":"SPY","icao":"DISP","name":"San Pedro Airport","tier":2}},{"type":"Feature","geometry":{"type":"Point","coordinates":[117.9643,28.3797]},"properties":{"iata":"SQD","icao":"ZSSR","name":"Shangrao (Hengfeng)","tier":2}},{"type":"Feature","geometry":{"type":"Point","coordinates":[111.458,-0.0452]},"properties":{"iata":"SQG","icao":"WIOS","name":"Sintang","tier":2}},{"type":"Feature","geometry":{"type":"Point","coordinates":[117.8336,26.4263]},"properties":{"iata":"SQJ","icao":"ZSSM","name":"Sanming (Sha)","tier":2}},{"type":"Feature","geometry":{"type":"Point","coordinates":[-122.2508,37.5131]},"properties":{"iata":"SQL","icao":"KSQL","name":"San Carlos","tier":2}},{"type":"Feature","geometry":{"type":"Point","coordinates":[5.3408,59.7919]},"properties":{"iata":"SRP","icao":"ENSO","name":"Leirvik","tier":2}},{"type":"Feature","geometry":{"type":"Point","coordinates":[33.6228,1.7277]},"properties":{"iata":"SRT","icao":"HUSO","name":"Soroti","tier":2}},{"type":"Feature","geometry":{"type":"Point","coordinates":[53.1888,36.6444]},"properties":{"iata":"SRY","icao":"OINZ","name":"Sari","tier":2}},{"type":"Feature","geometry":{"type":"Point","coordinates":[-63.1715,-17.8116]},"properties":{"iata":"SRZ","icao":"SLET","name":"Santa Cruz","tier":2}},{"type":"Feature","geometry":{"type":"Point","coordinates":[12.4689,65.9568]},"properties":{"iata":"SSJ","icao":"ENST","name":"Alstahaug","tier":2}},{"type":"Feature","geometry":{"type":"Point","coordinates":[-56.7218,-36.5423]},"properties":{"iata":"SST","icao":"SAZL","name":"Santa Teresita","tier":2}},{"type":"Feature","geometry":{"type":"Point","coordinates":[14.247,-6.2699]},"properties":{"iata":"SSY","icao":"FNBC","name":"Mbanza Congo","tier":2}},{"type":"Feature","geometry":{"type":"Point","coordinates":[-94.0599,45.5466]},"properties":{"iata":"STC","icao":"KSTC","name":"Saint Cloud","tier":2}},{"type":"Feature","geometry":{"type":"Point","coordinates":[-72.0351,7.5654]},"properties":{"iata":"STD","icao":"SVSO","name":"Santo Domingo","tier":2}},{"type":"Feature","geometry":{"type":"Point","coordinates":[-169.6638,56.5773]},"properties":{"iata":"STG","icao":"PAPB","name":"St George","tier":2}},{"type":"Feature","geometry":{"type":"Point","coordinates":[-54.7931,-2.4224]},"properties":{"iata":"STM","icao":"SBSN","name":"Santarém","tier":2}},{"type":"Feature","geometry":{"type":"Point","coordinates":[-122.813,38.509]},"properties":{"iata":"STS","icao":"KSTS","name":"Santa Rosa","tier":2}},{"type":"Feature","geometry":{"type":"Point","coordinates":[42.1128,45.1092]},"properties":{"iata":"STW","icao":"URMT","name":"Stavropol","tier":2}},{"type":"Feature","geometry":{"type":"Point","coordinates":[-64.8026,17.7014]},"properties":{"iata":"STX","icao":"TISX","name":"Christiansted","tier":2}},{"type":"Feature","geometry":{"type":"Point","coordinates":[125.4809,9.7558]},"properties":{"iata":"SUG","icao":"RPMS","name":"Surigao City","tier":2}},{"type":"Feature","geometry":{"type":"Point","coordinates":[41.1281,42.8582]},"properties":{"iata":"SUI","icao":"UGSS","name":"Sukhumi","tier":2}},{"type":"Feature","geometry":{"type":"Point","coordinates":[22.8857,47.7033]},"properties":{"iata":"SUJ","icao":"LRSM","name":"Satu Mare","tier":2}},{"type":"Feature","geometry":{"type":"Point","coordinates":[-114.296,43.5044]},"properties":{"iata":"SUN","icao":"KSUN","name":"Hailey","tier":2}},{"type":"Feature","geometry":{"type":"Point","coordinates":[-96.3822,42.3976]},"properties":{"iata":"SUX","icao":"KSUX","name":"Sioux City","tier":2}},{"type":"Feature","geometry":{"type":"Point","coordinates":[-170.493,63.6864]},"properties":{"iata":"SVA","icao":"PASA","name":"Savoonga","tier":2}},{"type":"Feature","geometry":{"type":"Point","coordinates":[50.1747,-14.2786]},"properties":{"iata":"SVB","icao":"FMNS","name":"Sambava","tier":2}},{"type":"Feature","geometry":{"type":"Point","coordinates":[-108.1547,32.6367]},"properties":{"iata":"SVC","icao":"KSVC","name":"Silver City","tier":2}},{"type":"Feature","geometry":{"type":"Point","coordinates":[-74.7663,2.1522]},"properties":{"iata":"SVI","icao":"SKSV","name":"San Vicente Del Caguán","tier":2}},{"type":"Feature","geometry":{"type":"Point","coordinates":[14.6692,68.2433]},"properties":{"iata":"SVJ","icao":"ENSH","name":"Svolvær","tier":2}},{"type":"Feature","geometry":{"type":"Point","coordinates":[28.9451,61.9431]},"properties":{"iata":"SVL","icao":"EFSA","name":"Savonlinna","tier":2}},{"type":"Feature","geometry":{"type":"Point","coordinates":[-72.4399,7.8408]},"properties":{"iata":"SVZ","icao":"SVSA","name":"San Antonio del Tachira","tier":2}},{"type":"Feature","geometry":{"type":"Point","coordinates":[-74.1089,41.5042]},"properties":{"iata":"SWF","icao":"KSWF","name":"Newburgh","tier":2}},{"type":"Feature","geometry":{"type":"Point","coordinates":[-97.0856,36.1621]},"properties":{"iata":"SWO","icao":"KSWO","name":"Stillwater","tier":2}},{"type":"Feature","geometry":{"type":"Point","coordinates":[139.787,38.8122]},"properties":{"iata":"SYO","icao":"RJSY","name":"Shonai","tier":2}},{"type":"Feature","geometry":{"type":"Point","coordinates":[-84.1398,9.9571]},"properties":{"iata":"SYQ","icao":"MRPV","name":"San Jose","tier":2}},{"type":"Feature","geometry":{"type":"Point","coordinates":[114.08,71.9279]},"properties":{"iata":"SYS","icao":"UERS","name":"Saskylakh","tier":2}},{"type":"Feature","geometry":{"type":"Point","coordinates":[-6.3311,58.2156]},"properties":{"iata":"SYY","icao":"EGPO","name":"Stornoway, Western Isles","tier":2}},{"type":"Feature","geometry":{"type":"Point","coordinates":[12.3718,-6.1411]},"properties":{"iata":"SZA","icao":"FNSO","name":"Soyo","tier":2}},{"type":"Feature","geometry":{"type":"Point","coordinates":[36.5675,41.254]},"properties":{"iata":"SZF","icao":"LTFH","name":"Samsun","tier":2}},{"type":"Feature","geometry":{"type":"Point","coordinates":[112.6916,39.2732]},"properties":{"iata":"SZH","icao":"ZBSG","name":"Shuozhou","tier":2}},{"type":"Feature","geometry":{"type":"Point","coordinates":[31.5886,-24.9609]},"properties":{"iata":"SZK","icao":"FASZ","name":"Skukuza","tier":2}},{"type":"Feature","geometry":{"type":"Point","coordinates":[20.9377,53.4819]},"properties":{"iata":"SZY","icao":"EPSY","name":"Szymany","tier":2}},{"type":"Feature","geometry":{"type":"Point","coordinates":[125.0278,11.2278]},"properties":{"iata":"TAC","icao":"RPVA","name":"Tacloban City","tier":2}},{"type":"Feature","geometry":{"type":"Point","coordinates":[169.224,-19.4551]},"properties":{"iata":"TAH","icao":"NVVW","name":"Tanna Island","tier":2}},{"type":"Feature","geometry":{"type":"Point","coordinates":[44.1391,13.686]},"properties":{"iata":"TAI","icao":"OYTZ","name":"Taiz","tier":2}},{"type":"Feature","geometry":{"type":"Point","coordinates":[-97.8671,22.2926]},"properties":{"iata":"TAM","icao":"MMTM","name":"Ciudad Madero","tier":2}},{"type":"Feature","geometry":{"type":"Point","coordinates":[-92.3699,14.7945]},"properties":{"iata":"TAP","icao":"MMTP","name":"Tapachula","tier":2}},{"type":"Feature","geometry":{"type":"Point","coordinates":[20.2414,49.071]},"properties":{"iata":"TAT","icao":"LZTT","name":"Poprad","tier":2}},{"type":"Feature","geometry":{"type":"Point","coordinates":[26.6865,58.3074]},"properties":{"iata":"TAY","icao":"EETU","name":"Tartu","tier":2}},{"type":"Feature","geometry":{"type":"Point","coordinates":[109.334,13.0496]},"properties":{"iata":"TBB","icao":"VVTH","name":"Tuy Hoa","tier":2}},{"type":"Feature","geometry":{"type":"Point","coordinates":[122.085,12.311]},"properties":{"iata":"TBH","icao":"RPVU","name":"Tablas Island","tier":2}},{"type":"Feature","geometry":{"type":"Point","coordinates":[-75.4523,24.3153]},"properties":{"iata":"TBI","icao":"MYCB","name":"Cat Island","tier":2}},{"type":"Feature","geometry":{"type":"Point","coordinates":[8.8769,36.98]},"properties":{"iata":"TBJ","icao":"DTKA","name":"Tabarka","tier":2}},{"type":"Feature","geometry":{"type":"Point","coordinates":[-92.1407,37.7416]},"properties":{"iata":"TBN","icao":"KTBN","name":"Fort Leonard Wood","tier":2}},{"type":"Feature","geometry":{"type":"Point","coordinates":[-80.3811,-3.5521]},"properties":{"iata":"TBP","icao":"SPME","name":"Tumbes","tier":2}},{"type":"Feature","geometry":{"type":"Point","coordinates":[-69.9358,-4.2557]},"properties":{"iata":"TBT","icao":"SBTT","name":"Tabatinga","tier":2}},{"type":"Feature","geometry":{"type":"Point","coordinates":[134.183,-19.6344]},"properties":{"iata":"TCA","icao":"YTNK","name":"Tennant Creek","tier":2}},{"type":"Feature","geometry":{"type":"Point","coordinates":[-77.3913,26.7453]},"properties":{"iata":"TCB","icao":"MYAT","name":"Treasure Cay","tier":2}},{"type":"Feature","geometry":{"type":"Point","coordinates":[-78.7492,1.8144]},"properties":{"iata":"TCO","icao":"SKCO","name":"Tumaco","tier":2}},{"type":"Feature","geometry":{"type":"Point","coordinates":[34.7758,29.5945]},"properties":{"iata":"TCP","icao":"HETB","name":"Taba","tier":2}},{"type":"Feature","geometry":{"type":"Point","coordinates":[-70.2758,-18.0533]},"properties":{"iata":"TCQ","icao":"SPTN","name":"Tacna","tier":2}},{"type":"Feature","geometry":{"type":"Point","coordinates":[98.4858,24.9381]},"properties":{"iata":"TCZ","icao":"ZPTC","name":"Baoshan (Tengchong)","tier":2}},{"type":"Feature","geometry":{"type":"Point","coordinates":[-64.918,-14.8187]},"properties":{"iata":"TDD","icao":"SLTR","name":"Trinidad","tier":2}},{"type":"Feature","geometry":{"type":"Point","coordinates":[78.4428,45.1225]},"properties":{"iata":"TDK","icao":"UAAT","name":"Taldykorgan","tier":2}},{"type":"Feature","geometry":{"type":"Point","coordinates":[102.319,12.2746]},"properties":{"iata":"TDX","icao":"VTBO","name":"Laem Ngop","tier":2}},{"type":"Feature","geometry":{"type":"Point","coordinates":[-74.0608,40.8501]},"properties":{"iata":"TEB","icao":"KTEB","name":"Teterboro","tier":2}},{"type":"Feature","geometry":{"type":"Point","coordinates":[8.1207,35.4316]},"properties":{"iata":"TEE","icao":"DABS","name":"Tébessi","tier":2}},{"type":"Feature","geometry":{"type":"Point","coordinates":[109.3089,27.8833]},"properties":{"iata":"TEN","icao":"ZUTR","name":"Tongren (Daxing)","tier":2}},{"type":"Feature","geometry":{"type":"Point","coordinates":[27.9191,41.1382]},"properties":{"iata":"TEQ","icao":"LTBU","name":"Çorlu","tier":2}},{"type":"Feature","geometry":{"type":"Point","coordinates":[-27.0908,38.7618]},"properties":{"iata":"TER","icao":"LPLA","name":"Praia da Vitória","tier":2}},{"type":"Feature","geometry":{"type":"Point","coordinates":[-107.908,37.9538]},"properties":{"iata":"TEX","icao":"KTEX","name":"Telluride","tier":2}},{"type":"Feature","geometry":{"type":"Point","coordinates":[92.7847,26.7091]},"properties":{"iata":"TEZ","icao":"VETZ","name":"Tezpur Airport","tier":2}},{"type":"Feature","geometry":{"type":"Point","coordinates":[-64.7241,-3.3829]},"properties":{"iata":"TFF","icao":"SBTF","name":"Tefé","tier":2}},{"type":"Feature","geometry":{"type":"Point","coordinates":[103.103,5.3826]},"properties":{"iata":"TGG","icao":"WMKN","name":"Kuala Terengganu","tier":2}},{"type":"Feature","geometry":{"type":"Point","coordinates":[167.8038,-21.0964]},"properties":{"iata":"TGJ","icao":"NWWA","name":"Tiga","tier":2}},{"type":"Feature","geometry":{"type":"Point","coordinates":[38.8492,47.1983]},"properties":{"iata":"TGK","icao":"URRT","name":"Taganrog","tier":2}},{"type":"Feature","geometry":{"type":"Point","coordinates":[24.4125,46.4677]},"properties":{"iata":"TGM","icao":"LRTM","name":"Recea","tier":2}},{"type":"Feature","geometry":{"type":"Point","coordinates":[122.2,43.5567]},"properties":{"iata":"TGO","icao":"ZBTL","name":"Tongliao","tier":2}},{"type":"Feature","geometry":{"type":"Point","coordinates":[6.0887,33.0678]},"properties":{"iata":"TGR","icao":"DAUK","name":"Touggourt","tier":2}},{"type":"Feature","geometry":{"type":"Point","coordinates":[39.0712,-5.0924]},"properties":{"iata":"TGT","icao":"HTTG","name":"Tanga","tier":2}},{"type":"Feature","geometry":{"type":"Point","coordinates":[-87.2172,14.0609]},"properties":{"iata":"TGU","icao":"MHTG","name":"Tegucigalpa","tier":2}},{"type":"Feature","geometry":{"type":"Point","coordinates":[-93.0257,16.5616]},"properties":{"iata":"TGZ","icao":"MMTG","name":"Tuxtla Gutiérrez","tier":2}},{"type":"Feature","geometry":{"type":"Point","coordinates":[-42.8237,-5.0602]},"properties":{"iata":"THE","icao":"SBTE","name":"Teresina","tier":2}},{"type":"Feature","geometry":{"type":"Point","coordinates":[150.578,-24.4949]},"properties":{"iata":"THG","icao":"YTNG","name":"Biloela","tier":2}},{"type":"Feature","geometry":{"type":"Point","coordinates":[99.9354,20.4838]},"properties":{"iata":"THL","icao":"VYTL","name":"Tachileik","tier":2}},{"type":"Feature","geometry":{"type":"Point","coordinates":[12.345,58.3181]},"properties":{"iata":"THN","icao":"ESGT","name":"Trollhättan","tier":2}},{"type":"Feature","geometry":{"type":"Point","coordinates":[105.8603,34.5601]},"properties":{"iata":"THQ","icao":"ZLTS","name":"Tianshui (Maiji)","tier":2}},{"type":"Feature","geometry":{"type":"Point","coordinates":[99.8182,17.238]},"properties":{"iata":"THS","icao":"VTPO","name":"Sukhothai Airport","tier":2}},{"type":"Feature","geometry":{"type":"Point","coordinates":[-68.7005,76.5306]},"properties":{"iata":"THU","icao":"BGTL","name":"Pituffik","tier":2}},{"type":"Feature","geometry":{"type":"Point","coordinates":[-148.231,-15.1196]},"properties":{"iata":"TIH","icao":"NTGC","name":"Tuherahera","tier":2}},{"type":"Feature","geometry":{"type":"Point","coordinates":[136.8874,-4.5298]},"properties":{"iata":"TIM","icao":"WAYY","name":"Timika","tier":2}},{"type":"Feature","geometry":{"type":"Point","coordinates":[-8.1671,27.7004]},"properties":{"iata":"TIN","icao":"DAOF","name":"Tindouf","tier":2}},{"type":"Feature","geometry":{"type":"Point","coordinates":[145.6194,14.9992]},"properties":{"iata":"TIQ","icao":"PGWT","name":"Tinian Island","tier":2}},{"type":"Feature","geometry":{"type":"Point","coordinates":[171.225,-44.3028]},"properties":{"iata":"TIU","icao":"NZTU","name":"Timaru Airport","tier":2}},{"type":"Feature","geometry":{"type":"Point","coordinates":[18.7233,42.4047]},"properties":{"iata":"TIV","icao":"LYTV","name":"Tivat","tier":2}},{"type":"Feature","geometry":{"type":"Point","coordinates":[-122.5773,47.2674]},"properties":{"iata":"TIW","icao":"KTIW","name":"Tacoma","tier":2}},{"type":"Feature","geometry":{"type":"Point","coordinates":[-64.7013,-21.5557]},"properties":{"iata":"TJA","icao":"SLTJ","name":"Tarija","tier":2}},{"type":"Feature","geometry":{"type":"Point","coordinates":[115.436,-2.2166]},"properties":{"iata":"TJG","icao":"WAON","name":"Tanta-Tabalong","tier":2}},{"type":"Feature","geometry":{"type":"Point","coordinates":[134.787,35.5128]},"properties":{"iata":"TJH","icao":"RJBT","name":"Toyooka","tier":2}},{"type":"Feature","geometry":{"type":"Point","coordinates":[36.3906,40.3247]},"properties":{"iata":"TJK","icao":"LTAW","name":"Tokat","tier":2}},{"type":"Feature","geometry":{"type":"Point","coordinates":[-1.7748,4.8961]},"properties":{"iata":"TKD","icao":"DGTK","name":"Sekondi-Takoradi","tier":2}},{"type":"Feature","geometry":{"type":"Point","coordinates":[-120.1406,39.3186]},"properties":{"iata":"TKF","icao":"KTRK","name":"Truckee","tier":2}},{"type":"Feature","geometry":{"type":"Point","coordinates":[105.1825,-5.2468]},"properties":{"iata":"TKG","icao":"WILL","name":"Bandar Lampung","tier":2}},{"type":"Feature","geometry":{"type":"Point","coordinates":[128.8814,27.8364]},"properties":{"iata":"TKN","icao":"RJKN","name":"Amagi","tier":2}},{"type":"Feature","geometry":{"type":"Point","coordinates":[-145.246,-14.7095]},"properties":{"iata":"TKP","icao":"NTGT","name":"Takapoto Airport","tier":2}},{"type":"Feature","geometry":{"type":"Point","coordinates":[-145.025,-14.4558]},"properties":{"iata":"TKX","icao":"NTKR","name":"Takaroa Airport","tier":2}},{"type":"Feature","geometry":{"type":"Point","coordinates":[43.7285,-23.3834]},"properties":{"iata":"TLE","icao":"FMST","name":"Toliara","tier":2}},{"type":"Feature","geometry":{"type":"Point","coordinates":[-84.3543,30.4012]},"properties":{"iata":"TLH","icao":"KTLH","name":"Tallahassee","tier":2}},{"type":"Feature","geometry":{"type":"Point","coordinates":[6.146,43.0973]},"properties":{"iata":"TLN","icao":"LFTH","name":"Hyères, Var","tier":2}},{"type":"Feature","geometry":{"type":"Point","coordinates":[89.0987,43.0308]},"properties":{"iata":"TLQ","icao":"ZWTL","name":"Turpan","tier":2}},{"type":"Feature","geometry":{"type":"Point","coordinates":[-71.7603,6.4511]},"properties":{"iata":"TME","icao":"SKTM","name":"Tame","tier":2}},{"type":"Feature","geometry":{"type":"Point","coordinates":[140.3035,-6.0967]},"properties":{"iata":"TMH","icao":"WAKT","name":"Tanah Merah","tier":2}},{"type":"Feature","geometry":{"type":"Point","coordinates":[67.3119,37.2873]},"properties":{"iata":"TMJ","icao":"UZST","name":"Termez","tier":2}},{"type":"Feature","geometry":{"type":"Point","coordinates":[-56.3968,-1.4896]},"properties":{"iata":"TMT","icao":"SBTB","name":"Oriximiná","tier":2}},{"type":"Feature","geometry":{"type":"Point","coordinates":[150.8455,-31.0779]},"properties":{"iata":"TMW","icao":"YSTW","name":"Tamworth","tier":2}},{"type":"Feature","geometry":{"type":"Point","coordinates":[0.276,29.2371]},"properties":{"iata":"TMX","icao":"DAUT","name":"Timimoun","tier":2}},{"type":"Feature","geometry":{"type":"Point","coordinates":[-79.9972,21.7883]},"properties":{"iata":"TND","icao":"MUTD","name":"Trinidad","tier":2}},{"type":"Feature","geometry":{"type":"Point","coordinates":[130.991,30.6051]},"properties":{"iata":"TNE","icao":"RJFG","name":"Tanegashima","tier":2}},{"type":"Feature","geometry":{"type":"Point","coordinates":[125.734,42.0484]},"properties":{"iata":"TNH","icao":"ZYTN","name":"Tonghua","tier":2}},{"type":"Feature","geometry":{"type":"Point","coordinates":[104.5334,0.924]},"properties":{"iata":"TNJ","icao":"WIDN","name":"Tanjung Pinang-Bintan Island","tier":2}},{"type":"Feature","geometry":{"type":"Point","coordinates":[104.16,2.8182]},"properties":{"iata":"TOD","icao":"WMBT","name":"Tioman Island","tier":2}},{"type":"Feature","geometry":{"type":"Point","coordinates":[8.1106,33.9397]},"properties":{"iata":"TOE","icao":"DTTZ","name":"Tozeur","tier":2}},{"type":"Feature","geometry":{"type":"Point","coordinates":[-83.8078,41.5868]},"properties":{"iata":"TOL","icao":"KTOL","name":"Toledo","tier":2}},{"type":"Feature","geometry":{"type":"Point","coordinates":[165.2595,-20.7901]},"properties":{"iata":"TOU","icao":"NWWU","name":"Touho","tier":2}},{"type":"Feature","geometry":{"type":"Point","coordinates":[137.1874,36.6484]},"properties":{"iata":"TOY","icao":"RJNT","name":"Toyama","tier":2}},{"type":"Feature","geometry":{"type":"Point","coordinates":[87.6953,27.3509]},"properties":{"iata":"TPJ","icao":"VNTJ","name":"Taplejung","tier":2}},{"type":"Feature","geometry":{"type":"Point","coordinates":[-76.3732,-6.5087]},"properties":{"iata":"TPP","icao":"SPST","name":"Tarapoto","tier":2}},{"type":"Feature","geometry":{"type":"Point","coordinates":[-104.8425,21.4198]},"properties":{"iata":"TPQ","icao":"MMEP","name":"Tepic","tier":2}},{"type":"Feature","geometry":{"type":"Point","coordinates":[12.488,37.9114]},"properties":{"iata":"TPS","icao":"LICT","name":"Trapani (TP)","tier":2}},{"type":"Feature","geometry":{"type":"Point","coordinates":[124.6755,24.6538]},"properties":{"iata":"TRA","icao":"RORT","name":"Tarama","tier":2}},{"type":"Feature","geometry":{"type":"Point","coordinates":[-103.4046,25.5623]},"properties":{"iata":"TRC","icao":"MMTC","name":"Torreón","tier":2}},{"type":"Feature","geometry":{"type":"Point","coordinates":[-6.8692,56.4992]},"properties":{"iata":"TRE","icao":"EGPU","name":"Balemartine, Argyll and Bute","tier":2}},{"type":"Feature","geometry":{"type":"Point","coordinates":[176.196,-37.6719]},"properties":{"iata":"TRG","icao":"NZTG","name":"Tauranga","tier":2}},{"type":"Feature","geometry":{"type":"Point","coordinates":[-82.4074,36.4752]},"properties":{"iata":"TRI","icao":"KTRI","name":"Blountville","tier":2}},{"type":"Feature","geometry":{"type":"Point","coordinates":[117.5642,3.3251]},"properties":{"iata":"TRK","icao":"WAQQ","name":"Tarakan","tier":2}},{"type":"Feature","geometry":{"type":"Point","coordinates":[81.1813,8.5392]},"properties":{"iata":"TRR","icao":"VCCT","name":"Trincomalee","tier":2}},{"type":"Feature","geometry":{"type":"Point","coordinates":[119.9177,-3.1858]},"properties":{"iata":"TRT","icao":"WAFB","name":"Toraja","tier":2}},{"type":"Feature","geometry":{"type":"Point","coordinates":[129.331,34.2849]},"properties":{"iata":"TSJ","icao":"RJDT","name":"Tsushima","tier":2}},{"type":"Feature","geometry":{"type":"Point","coordinates":[-105.6775,36.4525]},"properties":{"iata":"TSM","icao":"KSKX","name":"Taos","tier":2}},{"type":"Feature","geometry":{"type":"Point","coordinates":[99.6166,7.5087]},"properties":{"iata":"TST","icao":"VTST","name":"Trang","tier":2}},{"type":"Feature","geometry":{"type":"Point","coordinates":[146.7665,-19.2529]},"properties":{"iata":"TSV","icao":"YBTL","name":"Townsville","tier":2}},{"type":"Feature","geometry":{"type":"Point","coordinates":[-11.1617,28.4476]},"properties":{"iata":"TTA","icao":"GMAT","name":"Tan Tan","tier":2}},{"type":"Feature","geometry":{"type":"Point","coordinates":[127.3816,0.831]},"properties":{"iata":"TTE","icao":"WAEE","name":"Ternate","tier":2}},{"type":"Feature","geometry":{"type":"Point","coordinates":[134.165,35.5301]},"properties":{"iata":"TTJ","icao":"RJOR","name":"Tottori","tier":2}},{"type":"Feature","geometry":{"type":"Point","coordinates":[-74.8135,40.2767]},"properties":{"iata":"TTN","icao":"KTTN","name":"Ewing Township","tier":2}},{"type":"Feature","geometry":{"type":"Point","coordinates":[121.1018,22.7549]},"properties":{"iata":"TTT","icao":"RCFN","name":"Taitung City","tier":2}},{"type":"Feature","geometry":{"type":"Point","coordinates":[-77.7081,0.8095]},"properties":{"iata":"TUA","icao":"SETU","name":"Tulcán","tier":2}},{"type":"Feature","geometry":{"type":"Point","coordinates":[-149.524,-23.3654]},"properties":{"iata":"TUB","icao":"NTAT","name":"Tubuai Airport","tier":2}},{"type":"Feature","geometry":{"type":"Point","coordinates":[0.7276,47.4322]},"properties":{"iata":"TUF","icao":"LFOT","name":"Tours, Indre-et-Loire","tier":2}},{"type":"Feature","geometry":{"type":"Point","coordinates":[121.7332,17.6434]},"properties":{"iata":"TUG","icao":"RPUT","name":"Tuguegarao City","tier":2}},{"type":"Feature","geometry":{"type":"Point","coordinates":[38.7315,31.6922]},"properties":{"iata":"TUI","icao":"OETR","name":"Turaif","tier":2}},{"type":"Feature","geometry":{"type":"Point","coordinates":[176.084,-38.7397]},"properties":{"iata":"TUO","icao":"NZAP","name":"Taupo","tier":2}},{"type":"Feature","geometry":{"type":"Point","coordinates":[-88.7699,34.2681]},"properties":{"iata":"TUP","icao":"KTUP","name":"Tupelo","tier":2}},{"type":"Feature","geometry":{"type":"Point","coordinates":[-49.7203,-3.786]},"properties":{"iata":"TUR","icao":"SBTU","name":"Tucuruí","tier":2}},{"type":"Feature","geometry":{"type":"Point","coordinates":[-85.5822,44.7414]},"properties":{"iata":"TVC","icao":"KTVC","name":"Traverse City","tier":2}},{"type":"Feature","geometry":{"type":"Point","coordinates":[-96.185,48.0657]},"properties":{"iata":"TVF","icao":"KTVF","name":"Thief River Falls","tier":2}},{"type":"Feature","geometry":{"type":"Point","coordinates":[69.3955,41.3129]},"properties":{"iata":"TVT","icao":"UZTP","name":"Tashkent","tier":2}},{"type":"Feature","geometry":{"type":"Point","coordinates":[98.2036,14.1039]},"properties":{"iata":"TVY","icao":"VYDW","name":"Dawei","tier":2}},{"type":"Feature","geometry":{"type":"Point","coordinates":[-114.488,42.4818]},"properties":{"iata":"TWF","icao":"KTWF","name":"Twin Falls","tier":2}},{"type":"Feature","geometry":{"type":"Point","coordinates":[119.7433,5.0482]},"properties":{"iata":"TWT","icao":"RPMN","name":"Bongao","tier":2}},{"type":"Feature","geometry":{"type":"Point","coordinates":[118.1215,4.3134]},"properties":{"iata":"TWU","icao":"WBKW","name":"Tawau","tier":2}},{"type":"Feature","geometry":{"type":"Point","coordinates":[96.8519,4.7211]},"properties":{"iata":"TXE","icao":"WITK","name":"Takengon","tier":2}},{"type":"Feature","geometry":{"type":"Point","coordinates":[-93.991,33.4537]},"properties":{"iata":"TXK","icao":"KTXK","name":"Texarkana","tier":2}},{"type":"Feature","geometry":{"type":"Point","coordinates":[12.9913,60.1576]},"properties":{"iata":"TYF","icao":"ESST","name":"Torsby","tier":2}},{"type":"Feature","geometry":{"type":"Point","coordinates":[-81.2541,-4.5766]},"properties":{"iata":"TYL","icao":"SPYL","name":"Talara","tier":2}},{"type":"Feature","geometry":{"type":"Point","coordinates":[-95.4024,32.3541]},"properties":{"iata":"TYR","icao":"KTYR","name":"Tyler","tier":2}},{"type":"Feature","geometry":{"type":"Point","coordinates":[-88.1958,17.5172]},"properties":{"iata":"TZA","icao":"MZBE","name":"Belize City","tier":2}},{"type":"Feature","geometry":{"type":"Point","coordinates":[-77.5898,24.1587]},"properties":{"iata":"TZN","icao":"MYAK","name":"Andros","tier":2}},{"type":"Feature","geometry":{"type":"Point","coordinates":[39.7897,40.9951]},"properties":{"iata":"TZX","icao":"LTCG","name":"Trabzon","tier":2}},{"type":"Feature","geometry":{"type":"Point","coordinates":[125.2863,-9.3019]},"properties":{"iata":"UAI","icao":"WPDB","name":"Suai","tier":2}},{"type":"Feature","geometry":{"type":"Point","coordinates":[-68.4182,-31.5715]},"properties":{"iata":"UAQ","icao":"SANU","name":"San Juan","tier":2}},{"type":"Feature","geometry":{"type":"Point","coordinates":[-47.9648,-19.765]},"properties":{"iata":"UBA","icao":"SBUR","name":"Uberaba","tier":2}},{"type":"Feature","geometry":{"type":"Point","coordinates":[131.279,33.93]},"properties":{"iata":"UBJ","icao":"RJDC","name":"Ube","tier":2}},{"type":"Feature","geometry":{"type":"Point","coordinates":[104.87,15.2513]},"properties":{"iata":"UBP","icao":"VTUU","name":"Ubon Ratchathani","tier":2}},{"type":"Feature","geometry":{"type":"Point","coordinates":[113.1073,41.1303]},"properties":{"iata":"UCB","icao":"ZBUC","name":"Ulanqab","tier":2}},{"type":"Feature","geometry":{"type":"Point","coordinates":[53.8047,63.5669]},"properties":{"iata":"UCT","icao":"UUYH","name":"Ukhta","tier":2}},{"type":"Feature","geometry":{"type":"Point","coordinates":[-48.2259,-18.8836]},"properties":{"iata":"UDI","icao":"SBUL","name":"Uberlândia","tier":2}},{"type":"Feature","geometry":{"type":"Point","coordinates":[73.8961,24.6177]},"properties":{"iata":"UDR","icao":"VAUD","name":"Udaipur","tier":2}},{"type":"Feature","geometry":{"type":"Point","coordinates":[36.8691,-17.8555]},"properties":{"iata":"UEL","icao":"FQQL","name":"Quelimane","tier":2}},{"type":"Feature","geometry":{"type":"Point","coordinates":[126.7138,26.3634]},"properties":{"iata":"UEO","icao":"ROKJ","name":"Kumejima","tier":2}},{"type":"Feature","geometry":{"type":"Point","coordinates":[103.476,48.855]},"properties":{"iata":"UGA","icao":"ZMBN","name":"Bulgan","tier":2}},{"type":"Feature","geometry":{"type":"Point","coordinates":[137.0312,-3.7395]},"properties":{"iata":"UGU","name":"Bilogai","tier":2}},{"type":"Feature","geometry":{"type":"Point","coordinates":[-76.6412,5.6908]},"properties":{"iata":"UIB","icao":"SKUI","name":"Quibdó","tier":2}},{"type":"Feature","geometry":{"type":"Point","coordinates":[109.042,13.955]},"properties":{"iata":"UIH","icao":"VVPC","name":"Quy Nohn","tier":2}},{"type":"Feature","geometry":{"type":"Point","coordinates":[-91.1946,39.9427]},"properties":{"iata":"UIN","icao":"KUIN","name":"Quincy","tier":2}},{"type":"Feature","geometry":{"type":"Point","coordinates":[83.1833,20.0978]},"properties":{"iata":"UKE","icao":"VEUK","name":"Bhawanipatna","tier":2}},{"type":"Feature","geometry":{"type":"Point","coordinates":[105.73,56.8567]},"properties":{"iata":"UKX","icao":"UITT","name":"Ust-Kut","tier":2}},{"type":"Feature","geometry":{"type":"Point","coordinates":[89.9225,48.9933]},"properties":{"iata":"ULG","icao":"ZMUL","name":"Ölgii","tier":2}},{"type":"Feature","geometry":{"type":"Point","coordinates":[114.8253,60.7236]},"properties":{"iata":"ULK","icao":"UERL","name":"Lensk","tier":2}},{"type":"Feature","geometry":{"type":"Point","coordinates":[91.9383,50.0666]},"properties":{"iata":"ULO","icao":"ZMUG","name":"Ulaangom","tier":2}},{"type":"Feature","geometry":{"type":"Point","coordinates":[144.2537,-26.6092]},"properties":{"iata":"ULP","icao":"YQLP","name":"Quilpie Airport","tier":2}},{"type":"Feature","geometry":{"type":"Point","coordinates":[32.2718,2.8056]},"properties":{"iata":"ULU","icao":"HUGU","name":"Gulu","tier":2}},{"type":"Feature","geometry":{"type":"Point","coordinates":[48.2256,54.2702]},"properties":{"iata":"ULV","icao":"UWLL","name":"Ulyanovsk","tier":2}},{"type":"Feature","geometry":{"type":"Point","coordinates":[48.8027,54.401]},"properties":{"iata":"ULY","icao":"UWLW","name":"Cherdakly","tier":2}},{"type":"Feature","geometry":{"type":"Point","coordinates":[-61.4119,12.6001]},"properties":{"iata":"UNI","icao":"TVSU","name":"Union Island","tier":2}},{"type":"Feature","geometry":{"type":"Point","coordinates":[-160.799,63.8884]},"properties":{"iata":"UNK","icao":"PAUN","name":"Unalakleet","tier":2}},{"type":"Feature","geometry":{"type":"Point","coordinates":[98.5855,9.7776]},"properties":{"iata":"UNN","icao":"VTSR","name":"Ranong","tier":2}},{"type":"Feature","geometry":{"type":"Point","coordinates":[-102.039,19.3967]},"properties":{"iata":"UPN","icao":"MMPN","name":"Uruapan","tier":2}},{"type":"Feature","geometry":{"type":"Point","coordinates":[22.5095,58.2299]},"properties":{"iata":"URE","icao":"EEKE","name":"Kuressaare","tier":2}},{"type":"Feature","geometry":{"type":"Point","coordinates":[-57.0382,-29.7822]},"properties":{"iata":"URG","icao":"SBUG","name":"Uruguaiana","tier":2}},{"type":"Feature","geometry":{"type":"Point","coordinates":[64.8267,60.1033]},"properties":{"iata":"URJ","icao":"USHU","name":"Uray","tier":2}},{"type":"Feature","geometry":{"type":"Point","coordinates":[36.2956,51.7506]},"properties":{"iata":"URS","icao":"UUOK","name":"Kursk","tier":2}},{"type":"Feature","geometry":{"type":"Point","coordinates":[99.1356,9.1326]},"properties":{"iata":"URT","icao":"VTSB","name":"Surat Thani","tier":2}},{"type":"Feature","geometry":{"type":"Point","coordinates":[37.2789,31.4124]},"properties":{"iata":"URY","icao":"OEGT","name":"Gurayat","tier":2}},{"type":"Feature","geometry":{"type":"Point","coordinates":[-80.7091,35.3878]},"properties":{"iata":"USA","icao":"KJQF","name":"Concord","tier":2}},{"type":"Feature","geometry":{"type":"Point","coordinates":[-68.2958,-54.8433]},"properties":{"iata":"USH","icao":"SAWH","name":"Ushuaia","tier":2}},{"type":"Feature","geometry":{"type":"Point","coordinates":[57.3672,66.0047]},"properties":{"iata":"USK","icao":"UUYS","name":"Usinsk","tier":2}},{"type":"Feature","geometry":{"type":"Point","coordinates":[129.352,35.5935]},"properties":{"iata":"USN","icao":"RKPU","name":"Ulsan","tier":2}},{"type":"Feature","geometry":{"type":"Point","coordinates":[143.115,64.55]},"properties":{"iata":"USR","icao":"UEMT","name":"Ust-Nera","tier":2}},{"type":"Feature","geometry":{"type":"Point","coordinates":[-81.3398,29.9592]},"properties":{"iata":"UST","icao":"KSGJ","name":"St Augustine","tier":2}},{"type":"Feature","geometry":{"type":"Point","coordinates":[120.1008,12.1219]},"properties":{"iata":"USU","icao":"RPVV","name":"Coron","tier":2}},{"type":"Feature","geometry":{"type":"Point","coordinates":[21.2636,-28.4002]},"properties":{"iata":"UTN","icao":"FAUP","name":"Upington","tier":2}},{"type":"Feature","geometry":{"type":"Point","coordinates":[-153.704,65.9928]},"properties":{"iata":"UTO","icao":"PAIM","name":"Utopia Creek","tier":2}},{"type":"Feature","geometry":{"type":"Point","coordinates":[28.6734,-31.5464]},"properties":{"iata":"UTT","icao":"FAUT","name":"Mthatha","tier":2}},{"type":"Feature","geometry":{"type":"Point","coordinates":[52.8002,54.6412]},"properties":{"iata":"UUA","icao":"UWKB","name":"Bugulma","tier":2}},{"type":"Feature","geometry":{"type":"Point","coordinates":[166.573,-20.6409]},"properties":{"iata":"UVE","icao":"NWWV","name":"Ouvéa","tier":2}},{"type":"Feature","geometry":{"type":"Point","coordinates":[24.9562,12.0535]},"properties":{"iata":"UYL","icao":"HSNN","name":"Nyala","tier":2}},{"type":"Feature","geometry":{"type":"Point","coordinates":[109.5909,38.3597]},"properties":{"iata":"UYN","icao":"ZLYL","name":"Yulin","tier":2}},{"type":"Feature","geometry":{"type":"Point","coordinates":[141.3028,-2.6926]},"properties":{"iata":"VAI","icao":"AYVN","name":"Vanimo","tier":2}},{"type":"Feature","geometry":{"type":"Point","coordinates":[72.8326,3.4718]},"properties":{"iata":"VAM","icao":"VRMV","name":"Maamigili","tier":2}},{"type":"Feature","geometry":{"type":"Point","coordinates":[43.3323,38.4682]},"properties":{"iata":"VAN","icao":"LTCI","name":"Van","tier":2}},{"type":"Feature","geometry":{"type":"Point","coordinates":[102.3096,60.3562]},"properties":{"iata":"VAQ","icao":"UNIW","name":"Vanavara","tier":2}},{"type":"Feature","geometry":{"type":"Point","coordinates":[31.0449,70.3554]},"properties":{"iata":"VAW","icao":"ENSS","name":"Vardø","tier":2}},{"type":"Feature","geometry":{"type":"Point","coordinates":[10.3306,45.4289]},"properties":{"iata":"VBS","icao":"LIPO","name":"Montichiari (BS)","tier":2}},{"type":"Feature","geometry":{"type":"Point","coordinates":[106.633,8.7318]},"properties":{"iata":"VCS","icao":"VVCS","name":"Con Dao","tier":2}},{"type":"Feature","geometry":{"type":"Point","coordinates":[-96.9185,28.8526]},"properties":{"iata":"VCT","icao":"KVCT","name":"Victoria","tier":2}},{"type":"Feature","geometry":{"type":"Point","coordinates":[-40.9148,-14.9079]},"properties":{"iata":"VDC","icao":"SBVC","name":"Vitória da Conquista","tier":2}},{"type":"Feature","geometry":{"type":"Point","coordinates":[-17.8871,27.8148]},"properties":{"iata":"VDE","icao":"GCHI","name":"El Hierro Island","tier":2}},{"type":"Feature","geometry":{"type":"Point","coordinates":[106.5906,17.515]},"properties":{"iata":"VDH","icao":"VVDH","name":"Dong Hoi","tier":2}},{"type":"Feature","geometry":{"type":"Point","coordinates":[-63.0004,-40.8692]},"properties":{"iata":"VDM","icao":"SAVV","name":"Viedma / Carmen de Patagones","tier":2}},{"type":"Feature","geometry":{"type":"Point","coordinates":[107.4154,21.1207]},"properties":{"iata":"VDO","icao":"VVVD","name":"Van Don","tier":2}},{"type":"Feature","geometry":{"type":"Point","coordinates":[29.8447,70.0653]},"properties":{"iata":"VDS","icao":"ENVD","name":"Vadsø","tier":2}},{"type":"Feature","geometry":{"type":"Point","coordinates":[-146.2466,61.1327]},"properties":{"iata":"VDZ","icao":"PAVD","name":"Valdez","tier":2}},{"type":"Feature","geometry":{"type":"Point","coordinates":[-109.5117,40.4362]},"properties":{"iata":"VEL","icao":"KVEL","name":"Vernal","tier":2}},{"type":"Feature","geometry":{"type":"Point","coordinates":[93.0117,60.3733]},"properties":{"iata":"VEO","icao":"UNIS","name":"Severo-Yeniseysk","tier":2}},{"type":"Feature","geometry":{"type":"Point","coordinates":[-8.6268,42.2318]},"properties":{"iata":"VGO","icao":"LEVX","name":"Vigo","tier":2}},{"type":"Feature","geometry":{"type":"Point","coordinates":[16.8336,64.5791]},"properties":{"iata":"VHM","icao":"ESNV","name":"Vilhelmina","tier":2}},{"type":"Feature","geometry":{"type":"Point","coordinates":[-71.6727,8.6241]},"properties":{"iata":"VIG","icao":"SVVG","name":"El Vigía","tier":2}},{"type":"Feature","geometry":{"type":"Point","coordinates":[105.671,18.7376]},"properties":{"iata":"VII","icao":"VVVH","name":"Vinh","tier":2}},{"type":"Feature","geometry":{"type":"Point","coordinates":[-64.4279,18.4466]},"properties":{"iata":"VIJ","icao":"TUPW","name":"Spanish Town","tier":2}},{"type":"Feature","geometry":{"type":"Point","coordinates":[-2.7245,42.8828]},"properties":{"iata":"VIT","icao":"LEVT","name":"Alava","tier":2}},{"type":"Feature","geometry":{"type":"Point","coordinates":[105.1324,9.958]},"properties":{"iata":"VKG","icao":"VVRG","name":"Rach Gia","tier":2}},{"type":"Feature","geometry":{"type":"Point","coordinates":[63.9931,67.4886]},"properties":{"iata":"VKT","icao":"UUYW","name":"Vorkuta","tier":2}},{"type":"Feature","geometry":{"type":"Point","coordinates":[-83.2767,30.7825]},"properties":{"iata":"VLD","icao":"KVLD","name":"Valdosta","tier":2}},{"type":"Feature","geometry":{"type":"Point","coordinates":[-4.8519,41.7061]},"properties":{"iata":"VLL","icao":"LEVD","name":"Valladolid","tier":2}},{"type":"Feature","geometry":{"type":"Point","coordinates":[-70.5841,9.3405]},"properties":{"iata":"VLV","icao":"SVVL","name":"Valera","tier":2}},{"type":"Feature","geometry":{"type":"Point","coordinates":[144.8218,-7.497]},"properties":{"iata":"VMU","icao":"AYBA","name":"Baimuru","tier":2}},{"type":"Feature","geometry":{"type":"Point","coordinates":[35.3133,-22.0184]},"properties":{"iata":"VNX","icao":"FQVL","name":"Vilanculo","tier":2}},{"type":"Feature","geometry":{"type":"Point","coordinates":[22.7943,39.2196]},"properties":{"iata":"VOL","icao":"LGBL","name":"Nea Anchialos","tier":2}},{"type":"Feature","geometry":{"type":"Point","coordinates":[39.2309,51.8143]},"properties":{"iata":"VOZ","icao":"UUOO","name":"Voronezh","tier":2}},{"type":"Feature","geometry":{"type":"Point","coordinates":[15.6838,-17.0435]},"properties":{"iata":"VPE","icao":"FNGI","name":"Ngiva","tier":2}},{"type":"Feature","geometry":{"type":"Point","coordinates":[-14.8506,65.7206]},"properties":{"iata":"VPN","icao":"BIVO","name":"Vopnafjörður","tier":2}},{"type":"Feature","geometry":{"type":"Point","coordinates":[-86.5158,30.4813]},"properties":{"iata":"VPS","icao":"KVPS","name":"Valparaiso","tier":2}},{"type":"Feature","geometry":{"type":"Point","coordinates":[33.429,-19.1513]},"properties":{"iata":"VPY","icao":"FQCH","name":"Chimoio","tier":2}},{"type":"Feature","geometry":{"type":"Point","coordinates":[-65.4936,18.1348]},"properties":{"iata":"VQS","icao":"TJVQ","name":"Vieques","tier":2}},{"type":"Feature","geometry":{"type":"Point","coordinates":[-80.4179,27.6556]},"properties":{"iata":"VRB","icao":"KVRB","name":"Vero Beach","tier":2}},{"type":"Feature","geometry":{"type":"Point","coordinates":[124.206,13.5764]},"properties":{"iata":"VRC","icao":"RPUV","name":"Virac","tier":2}},{"type":"Feature","geometry":{"type":"Point","coordinates":[-7.7205,41.2743]},"properties":{"iata":"VRL","icao":"LPVR","name":"Vila Real","tier":2}},{"type":"Feature","geometry":{"type":"Point","coordinates":[-7.889,40.7255]},"properties":{"iata":"VSE","icao":"LPVZ","name":"Viseu","tier":2}},{"type":"Feature","geometry":{"type":"Point","coordinates":[-76.9358,20.9876]},"properties":{"iata":"VTU","icao":"MUVT","name":"Las Tunas","tier":2}},{"type":"Feature","geometry":{"type":"Point","coordinates":[-73.2495,10.435]},"properties":{"iata":"VUP","icao":"SKVP","name":"Valledupar","tier":2}},{"type":"Feature","geometry":{"type":"Point","coordinates":[46.26,60.7883]},"properties":{"iata":"VUS","icao":"ULWU","name":"Velikiy Ustyug","tier":2}},{"type":"Feature","geometry":{"type":"Point","coordinates":[-73.6138,4.1679]},"properties":{"iata":"VVC","icao":"SKVV","name":"Villavicencio","tier":2}},{"type":"Feature","geometry":{"type":"Point","coordinates":[8.6227,26.7235]},"properties":{"iata":"VVZ","icao":"DAAP","name":"Illizi","tier":2}},{"type":"Feature","geometry":{"type":"Point","coordinates":[35.2663,-13.274]},"properties":{"iata":"VXC","icao":"FQLC","name":"Lichinga","tier":2}},{"type":"Feature","geometry":{"type":"Point","coordinates":[14.728,56.9291]},"properties":{"iata":"VXO","icao":"ESMX","name":"Växjö","tier":2}},{"type":"Feature","geometry":{"type":"Point","coordinates":[121.6933,63.7567]},"properties":{"iata":"VYI","icao":"UENW","name":"Vilyuisk","tier":2}},{"type":"Feature","geometry":{"type":"Point","coordinates":[45.1996,20.5043]},"properties":{"iata":"WAE","icao":"OEWD","name":"Wadi Al Dawasir","tier":2}},{"type":"Feature","geometry":{"type":"Point","coordinates":[175.0244,-39.9635]},"properties":{"iata":"WAG","icao":"NZWU","name":"Wanganui","tier":2}},{"type":"Feature","geometry":{"type":"Point","coordinates":[143.8922,-5.6353]},"properties":{"iata":"WBM","icao":"AYWD","name":"Wapenamanda","tier":2}},{"type":"Feature","geometry":{"type":"Point","coordinates":[110.9063,32.5929]},"properties":{"iata":"WDS","icao":"ZHSY","name":"Shiyan (Maojian)","tier":2}},{"type":"Feature","geometry":{"type":"Point","coordinates":[119.119,36.6467]},"properties":{"iata":"WEF","icao":"ZSWF","name":"Weifang (Kuiwen)","tier":2}},{"type":"Feature","geometry":{"type":"Point","coordinates":[122.229,37.1871]},"properties":{"iata":"WEH","icao":"ZSWH","name":"Weihai","tier":2}},{"type":"Feature","geometry":{"type":"Point","coordinates":[141.9226,-12.6775]},"properties":{"iata":"WEI","icao":"YBWP","name":"Weipa","tier":2}},{"type":"Feature","geometry":{"type":"Point","coordinates":[147.4683,-35.1635]},"properties":{"iata":"WGA","icao":"YSWG","name":"Forest Hill","tier":2}},{"type":"Feature","geometry":{"type":"Point","coordinates":[148.126,-30.0328]},"properties":{"iata":"WGE","icao":"YWLG","name":"Walgett Airport","tier":2}},{"type":"Feature","geometry":{"type":"Point","coordinates":[110.641,26.8061]},"properties":{"iata":"WGN","icao":"ZGSY","name":"Shaoyang (Wugang)","tier":2}},{"type":"Feature","geometry":{"type":"Point","coordinates":[118.6669,31.1045]},"properties":{"iata":"WHA","icao":"ZSWA","name":"Wuhu","tier":2}},{"type":"Feature","geometry":{"type":"Point","coordinates":[176.917,-37.9222]},"properties":{"iata":"WHK","icao":"NZWK","name":"Whakatāne","tier":2}},{"type":"Feature","geometry":{"type":"Point","coordinates":[-3.0931,58.4589]},"properties":{"iata":"WIC","icao":"EGPC","name":"Wick","tier":2}},{"type":"Feature","geometry":{"type":"Point","coordinates":[36.8148,-1.3217]},"properties":{"iata":"WIL","icao":"HKNW","name":"Nairobi","tier":2}},{"type":"Feature","geometry":{"type":"Point","coordinates":[143.086,-22.3636]},"properties":{"iata":"WIN","icao":"YWTN","name":"Winton Airport","tier":2}},{"type":"Feature","geometry":{"type":"Point","coordinates":[40.0916,1.7332]},"properties":{"iata":"WJR","icao":"HKWJ","name":"Wajir","tier":2}},{"type":"Feature","geometry":{"type":"Point","coordinates":[127.9601,37.4371]},"properties":{"iata":"WJU","icao":"RKNW","name":"Wonju","tier":2}},{"type":"Feature","geometry":{"type":"Point","coordinates":[169.2463,-44.7221]},"properties":{"iata":"WKA","icao":"NZWF","name":"Wanaka","tier":2}},{"type":"Feature","geometry":{"type":"Point","coordinates":[141.801,45.4042]},"properties":{"iata":"WKJ","icao":"RJCW","name":"Wakkanai","tier":2}},{"type":"Feature","geometry":{"type":"Point","coordinates":[-158.618,59.2826]},"properties":{"iata":"WKK","name":"Aleknagik","tier":2}},{"type":"Feature","geometry":{"type":"Point","coordinates":[49.6891,-15.4377]},"properties":{"iata":"WMN","icao":"FMNR","name":"Maroantsetra","tier":2}},{"type":"Feature","geometry":{"type":"Point","coordinates":[106.4354,27.9618]},"properties":{"iata":"WMT","icao":"ZUMT","name":"Zunyi","tier":2}},{"type":"Feature","geometry":{"type":"Point","coordinates":[138.9524,-4.0973]},"properties":{"iata":"WMX","icao":"WAVV","name":"Wamena","tier":2}},{"type":"Feature","geometry":{"type":"Point","coordinates":[123.6362,-5.2921]},"properties":{"iata":"WNI","icao":"WAWD","name":"Wangi-wangi Island","tier":2}},{"type":"Feature","geometry":{"type":"Point","coordinates":[123.27,13.5849]},"properties":{"iata":"WNP","icao":"RPUN","name":"Naga","tier":2}},{"type":"Feature","geometry":{"type":"Point","coordinates":[142.6684,-25.4106]},"properties":{"iata":"WNR","icao":"YWDH","name":"Windorah","tier":2}},{"type":"Feature","geometry":{"type":"Point","coordinates":[68.3901,26.2194]},"properties":{"iata":"WNS","icao":"OPNH","name":"Nawabashah","tier":2}},{"type":"Feature","geometry":{"type":"Point","coordinates":[127.4879,39.1652]},"properties":{"iata":"WOS","icao":"ZKWS","name":"Wonsan","tier":2}},{"type":"Feature","geometry":{"type":"Point","coordinates":[174.3637,-35.7693]},"properties":{"iata":"WRE","icao":"NZWR","name":"Whangarei","tier":2}},{"type":"Feature","geometry":{"type":"Point","coordinates":[-132.37,56.4843]},"properties":{"iata":"WRG","icao":"PAWG","name":"Wrangell","tier":2}},{"type":"Feature","geometry":{"type":"Point","coordinates":[-71.8034,41.3496]},"properties":{"iata":"WST","icao":"KWST","name":"Westerly","tier":2}},{"type":"Feature","geometry":{"type":"Point","coordinates":[171.579,-41.7371]},"properties":{"iata":"WSZ","icao":"NZWS","name":"Westport","tier":2}},{"type":"Feature","geometry":{"type":"Point","coordinates":[106.7993,39.7934]},"properties":{"iata":"WUA","icao":"ZBUH","name":"Wuhai","tier":2}},{"type":"Feature","geometry":{"type":"Point","coordinates":[120.2219,-26.6327]},"properties":{"iata":"WUN","icao":"YWLU","name":"Wiluna Airport","tier":2}},{"type":"Feature","geometry":{"type":"Point","coordinates":[118.001,27.7019]},"properties":{"iata":"WUS","icao":"ZSWY","name":"Wuyishan","tier":2}},{"type":"Feature","geometry":{"type":"Point","coordinates":[27.975,7.7258]},"properties":{"iata":"WUU","icao":"HSWW","name":"Wau","tier":2}},{"type":"Feature","geometry":{"type":"Point","coordinates":[111.0933,23.4032]},"properties":{"iata":"WUZ","icao":"ZGWZ","name":"Tangbu","tier":2}},{"type":"Feature","geometry":{"type":"Point","coordinates":[143.669,-3.5838]},"properties":{"iata":"WWK","icao":"AYWK","name":"Wewak","tier":2}},{"type":"Feature","geometry":{"type":"Point","coordinates":[137.514,-33.0589]},"properties":{"iata":"WYA","icao":"YWHA","name":"Whyalla","tier":2}},{"type":"Feature","geometry":{"type":"Point","coordinates":[-111.118,44.6884]},"properties":{"iata":"WYS","icao":"KWYS","name":"West Yellowstone","tier":2}},{"type":"Feature","geometry":{"type":"Point","coordinates":[114.0791,32.5408]},"properties":{"iata":"XAI","icao":"ZHXY","name":"Xinyang","tier":2}},{"type":"Feature","geometry":{"type":"Point","coordinates":[-52.6566,-27.1342]},"properties":{"iata":"XAP","icao":"SBCH","name":"Chapecó","tier":2}},{"type":"Feature","geometry":{"type":"Point","coordinates":[105.6911,-10.4504]},"properties":{"iata":"XCH","icao":"YPXM","name":"Flying Fish Cove","tier":2}},{"type":"Feature","geometry":{"type":"Point","coordinates":[4.2061,48.7733]},"properties":{"iata":"XCR","icao":"LFOK","name":"Chalons en Champagne","tier":2}},{"type":"Feature","geometry":{"type":"Point","coordinates":[112.2917,32.1522]},"properties":{"iata":"XFN","icao":"ZHXF","name":"Xiangyang (Xiangzhou)","tier":2}},{"type":"Feature","geometry":{"type":"Point","coordinates":[102.184,27.9891]},"properties":{"iata":"XIC","icao":"ZUXC","name":"Liangshan (Xichang)","tier":2}},{"type":"Feature","geometry":{"type":"Point","coordinates":[115.964,43.9156]},"properties":{"iata":"XIL","icao":"ZBXH","name":"Xilinhot","tier":2}},{"type":"Feature","geometry":{"type":"Point","coordinates":[-88.6428,53.5247]},"properties":{"iata":"XKS","icao":"CYAQ","name":"Kasabonika","tier":2}},{"type":"Feature","geometry":{"type":"Point","coordinates":[-146.07,-14.4368]},"properties":{"iata":"XMH","icao":"NTGI","name":"Manihi Airport","tier":2}},{"type":"Feature","geometry":{"type":"Point","coordinates":[-78.1208,-2.2992]},"properties":{"iata":"XMS","icao":"SEMC","name":"Macas","tier":2}},{"type":"Feature","geometry":{"type":"Point","coordinates":[-94.3068,36.2819]},"properties":{"iata":"XNA","icao":"KXNA","name":"Fayetteville/Springdale/Rogers","tier":2}},{"type":"Feature","geometry":{"type":"Point","coordinates":[-84.1298,9.4432]},"properties":{"iata":"XQP","icao":"MRQP","name":"Quepos","tier":2}},{"type":"Feature","geometry":{"type":"Point","coordinates":[-124.3931,49.3375]},"properties":{"iata":"XQU","name":"Qualicum Beach","tier":2}},{"type":"Feature","geometry":{"type":"Point","coordinates":[-6.0601,36.7446]},"properties":{"iata":"XRY","icao":"LEJR","name":"Jerez de la Frontera","tier":2}},{"type":"Feature","geometry":{"type":"Point","coordinates":[-71.5285,21.5157]},"properties":{"iata":"XSC","icao":"MBSC","name":"South Caicos","tier":2}},{"type":"Feature","geometry":{"type":"Point","coordinates":[103.8667,1.4156]},"properties":{"iata":"XSP","icao":"WSSL","name":"Seletar","tier":2}},{"type":"Feature","geometry":{"type":"Point","coordinates":[143.8121,-27.9864]},"properties":{"iata":"XTG","icao":"YTGM","name":"Thargomindah","tier":2}},{"type":"Feature","geometry":{"type":"Point","coordinates":[117.5553,34.0591]},"properties":{"iata":"XUZ","icao":"ZSXZ","name":"Xuzhou","tier":2}},{"type":"Feature","geometry":{"type":"Point","coordinates":[-103.7512,48.2609]},"properties":{"iata":"XWA","icao":"KXWA","name":"Williston","tier":2}},{"type":"Feature","geometry":{"type":"Point","coordinates":[-125.3038,52.4515]},"properties":{"iata":"YAA","name":"Anahim Lake","tier":2}},{"type":"Feature","geometry":{"type":"Point","coordinates":[-93.4435,48.6557]},"properties":{"iata":"YAG","icao":"CYAG","name":"Fort Frances","tier":2}},{"type":"Feature","geometry":{"type":"Point","coordinates":[-139.6604,59.5087]},"properties":{"iata":"YAK","icao":"PAYA","name":"Yakutat","tier":2}},{"type":"Feature","geometry":{"type":"Point","coordinates":[-84.5085,46.4832]},"properties":{"iata":"YAM","icao":"CYAM","name":"Sault Ste Marie","tier":2}},{"type":"Feature","geometry":{"type":"Point","coordinates":[-56.0832,51.3919]},"properties":{"iata":"YAY","icao":"CYAY","name":"St. Anthony","tier":2}},{"type":"Feature","geometry":{"type":"Point","coordinates":[-125.7756,49.0798]},"properties":{"iata":"YAZ","icao":"CYAZ","name":"Tofino","tier":2}},{"type":"Feature","geometry":{"type":"Point","coordinates":[-68.2044,49.1325]},"properties":{"iata":"YBC","icao":"CYBC","name":"Baie-Comeau","tier":2}},{"type":"Feature","geometry":{"type":"Point","coordinates":[-70.992,48.3301]},"properties":{"iata":"YBG","icao":"CYBG","name":"Saguenay","tier":2}},{"type":"Feature","geometry":{"type":"Point","coordinates":[-96.0778,64.2989]},"properties":{"iata":"YBK","icao":"CYBK","name":"Baker Lake","tier":2}},{"type":"Feature","geometry":{"type":"Point","coordinates":[-125.271,49.9508]},"properties":{"iata":"YBL","icao":"CYBL","name":"Campbell River","tier":2}},{"type":"Feature","geometry":{"type":"Point","coordinates":[104.5262,28.8584]},"properties":{"iata":"YBP","icao":"ZUYB","name":"Yibin (Cuiping)","tier":2}},{"type":"Feature","geometry":{"type":"Point","coordinates":[-99.9519,49.91]},"properties":{"iata":"YBR","icao":"CYBR","name":"Brandon","tier":2}},{"type":"Feature","geometry":{"type":"Point","coordinates":[-57.1853,51.4436]},"properties":{"iata":"YBX","icao":"CYBX","name":"Blanc-Sablon","tier":2}},{"type":"Feature","geometry":{"type":"Point","coordinates":[-110.744,54.3042]},"properties":{"iata":"YBY","icao":"CYBF","name":"Bonnyville","tier":2}},{"type":"Feature","geometry":{"type":"Point","coordinates":[-105.138,69.1081]},"properties":{"iata":"YCB","icao":"CYCB","name":"Cambridge Bay","tier":2}},{"type":"Feature","geometry":{"type":"Point","coordinates":[-123.8699,49.055]},"properties":{"iata":"YCD","icao":"CYCD","name":"Nanaimo","tier":2}},{"type":"Feature","geometry":{"type":"Point","coordinates":[-117.632,49.2964]},"properties":{"iata":"YCG","icao":"CYCG","name":"Castlegar","tier":2}},{"type":"Feature","geometry":{"type":"Point","coordinates":[-66.3303,47.9908]},"properties":{"iata":"YCL","icao":"CYCL","name":"Charlo","tier":2}},{"type":"Feature","geometry":{"type":"Point","coordinates":[-79.1717,43.1916]},"properties":{"iata":"YCM","icao":"CYSN","name":"Niagara-on-the-Lake","tier":2}},{"type":"Feature","geometry":{"type":"Point","coordinates":[-139.128,64.0431]},"properties":{"iata":"YDA","icao":"CYDA","name":"Dawson City","tier":2}},{"type":"Feature","geometry":{"type":"Point","coordinates":[-57.3961,49.2082]},"properties":{"iata":"YDF","icao":"CYDF","name":"Deer Lake","tier":2}},{"type":"Feature","geometry":{"type":"Point","coordinates":[-100.052,51.1008]},"properties":{"iata":"YDN","icao":"CYDN","name":"Dauphin","tier":2}},{"type":"Feature","geometry":{"type":"Point","coordinates":[29.5626,40.2552]},"properties":{"iata":"YEI","icao":"LTBR","name":"Yenişehir","tier":2}},{"type":"Feature","geometry":{"type":"Point","coordinates":[-133.483,68.3042]},"properties":{"iata":"YEV","icao":"CYEV","name":"Inuvik","tier":2}},{"type":"Feature","geometry":{"type":"Point","coordinates":[-68.5558,63.7564]},"properties":{"iata":"YFB","icao":"CYFB","name":"Iqaluit","tier":2}},{"type":"Feature","geometry":{"type":"Point","coordinates":[-66.5299,45.8687]},"properties":{"iata":"YFC","icao":"CYFC","name":"Fredericton","tier":2}},{"type":"Feature","geometry":{"type":"Point","coordinates":[-121.237,61.7602]},"properties":{"iata":"YFS","icao":"CYFS","name":"Fort Simpson","tier":2}},{"type":"Feature","geometry":{"type":"Point","coordinates":[133.236,35.4922]},"properties":{"iata":"YGJ","icao":"RJOH","name":"Yonago","tier":2}},{"type":"Feature","geometry":{"type":"Point","coordinates":[-77.7042,53.6253]},"properties":{"iata":"YGL","icao":"CYGL","name":"La Grande Rivière","tier":2}},{"type":"Feature","geometry":{"type":"Point","coordinates":[-64.4819,48.7749]},"properties":{"iata":"YGP","icao":"CYGP","name":"Gaspé","tier":2}},{"type":"Feature","geometry":{"type":"Point","coordinates":[-61.7786,47.4252]},"properties":{"iata":"YGR","icao":"CYGR","name":"Les Îles-de-la-Madeleine","tier":2}},{"type":"Feature","geometry":{"type":"Point","coordinates":[-63.6114,50.2819]},"properties":{"iata":"YGV","icao":"CYGV","name":"Havre-Saint-Pierre","tier":2}},{"type":"Feature","geometry":{"type":"Point","coordinates":[-77.7653,55.2819]},"properties":{"iata":"YGW","icao":"CYGW","name":"Kuujjuarapik","tier":2}},{"type":"Feature","geometry":{"type":"Point","coordinates":[-79.9312,43.1735]},"properties":{"iata":"YHM","icao":"CYHM","name":"Hamilton","tier":2}},{"type":"Feature","geometry":{"type":"Point","coordinates":[-73.4169,45.5175]},"properties":{"iata":"YHU","icao":"CYHU","name":"Montréal","tier":2}},{"type":"Feature","geometry":{"type":"Point","coordinates":[-115.783,60.8397]},"properties":{"iata":"YHY","icao":"CYHY","name":"Hay River","tier":2}},{"type":"Feature","geometry":{"type":"Point","coordinates":[114.3062,27.8025]},"properties":{"iata":"YIC","icao":"ZSYC","name":"Yichun","tier":2}},{"type":"Feature","geometry":{"type":"Point","coordinates":[119.9117,47.3106]},"properties":{"iata":"YIE","icao":"ZBES","name":"Arxan","tier":2}},{"type":"Feature","geometry":{"type":"Point","coordinates":[-58.6583,51.2117]},"properties":{"iata":"YIF","icao":"CYIF","name":"St-Augustin","tier":2}},{"type":"Feature","geometry":{"type":"Point","coordinates":[111.4826,30.5541]},"properties":{"iata":"YIH","icao":"ZHYC","name":"Yichang (Xiaoting)","tier":2}},{"type":"Feature","geometry":{"type":"Point","coordinates":[81.3303,43.9558]},"properties":{"iata":"YIN","icao":"ZWYN","name":"Ili (Yining / Ghulja)","tier":2}},{"type":"Feature","geometry":{"type":"Point","coordinates":[-94.6536,53.8572]},"properties":{"iata":"YIV","icao":"CYIV","name":"Island Lake","tier":2}},{"type":"Feature","geometry":{"type":"Point","coordinates":[-58.5529,48.5434]},"properties":{"iata":"YJT","icao":"CYJT","name":"Stephenville","tier":2}},{"type":"Feature","geometry":{"type":"Point","coordinates":[-120.4486,50.703]},"properties":{"iata":"YKA","icao":"CYKA","name":"Kamloops","tier":2}},{"type":"Feature","geometry":{"type":"Point","coordinates":[-80.3786,43.4608]},"properties":{"iata":"YKF","icao":"CYKF","name":"Breslau","tier":2}},{"type":"Feature","geometry":{"type":"Point","coordinates":[122.3586,40.5425]},"properties":{"iata":"YKH","icao":"ZYYK","name":"Yingkou (Laobian)","tier":2}},{"type":"Feature","geometry":{"type":"Point","coordinates":[-66.8053,54.8053]},"properties":{"iata":"YKL","icao":"CYKL","name":"Schefferville","tier":2}},{"type":"Feature","geometry":{"type":"Point","coordinates":[-120.544,46.5682]},"properties":{"iata":"YKM","icao":"KYKM","name":"Yakima","tier":2}},{"type":"Feature","geometry":{"type":"Point","coordinates":[44.2381,37.5497]},"properties":{"iata":"YKO","icao":"LTCW","name":"Hakkari","tier":2}},{"type":"Feature","geometry":{"type":"Point","coordinates":[-79.5547,44.4851]},"properties":{"iata":"YLK","icao":"CYLS","name":"Barrie","tier":2}},{"type":"Feature","geometry":{"type":"Point","coordinates":[-110.073,53.3092]},"properties":{"iata":"YLL","icao":"CYLL","name":"Lloydminster","tier":2}},{"type":"Feature","geometry":{"type":"Point","coordinates":[110.12,22.433]},"properties":{"iata":"YLX","icao":"ZGYL","name":"Yulin","tier":2}},{"type":"Feature","geometry":{"type":"Point","coordinates":[-111.222,56.6533]},"properties":{"iata":"YMM","icao":"CYMM","name":"Fort McMurray","tier":2}},{"type":"Feature","geometry":{"type":"Point","coordinates":[-80.6078,51.2911]},"properties":{"iata":"YMO","icao":"CYMO","name":"Moosonee","tier":2}},{"type":"Feature","geometry":{"type":"Point","coordinates":[-76.1182,-5.8938]},"properties":{"iata":"YMS","icao":"SPMS","name":"Yurimaguas","tier":2}},{"type":"Feature","geometry":{"type":"Point","coordinates":[-74.5281,49.7719]},"properties":{"iata":"YMT","icao":"CYMT","name":"Chibougamau","tier":2}},{"type":"Feature","geometry":{"type":"Point","coordinates":[-74.0387,45.6795]},"properties":{"iata":"YMX","icao":"CYMX","name":"Montréal","tier":2}},{"type":"Feature","geometry":{"type":"Point","coordinates":[-61.789,50.1901]},"properties":{"iata":"YNA","icao":"CYNA","name":"Natashquan","tier":2}},{"type":"Feature","geometry":{"type":"Point","coordinates":[-75.5636,45.5217]},"properties":{"iata":"YND","icao":"CYND","name":"Gatineau","tier":2}},{"type":"Feature","geometry":{"type":"Point","coordinates":[129.451,42.8828]},"properties":{"iata":"YNJ","icao":"ZYYJ","name":"Yanji","tier":2}},{"type":"Feature","geometry":{"type":"Point","coordinates":[-104.082,58.2767]},"properties":{"iata":"YNL","icao":"CYNL","name":"Points North Landing","tier":2}},{"type":"Feature","geometry":{"type":"Point","coordinates":[-117.165,58.6214]},"properties":{"iata":"YOJ","icao":"CYOJ","name":"High Level","tier":2}},{"type":"Feature","geometry":{"type":"Point","coordinates":[12.4304,9.2576]},"properties":{"iata":"YOL","icao":"DNYO","name":"Yola","tier":2}},{"type":"Feature","geometry":{"type":"Point","coordinates":[-105.673,53.2142]},"properties":{"iata":"YPA","icao":"CYPA","name":"Prince Albert","tier":2}},{"type":"Feature","geometry":{"type":"Point","coordinates":[-117.447,56.2269]},"properties":{"iata":"YPE","icao":"CYPE","name":"Peace River","tier":2}},{"type":"Feature","geometry":{"type":"Point","coordinates":[-90.2142,51.4464]},"properties":{"iata":"YPL","icao":"CYPL","name":"Pickle Lake","tier":2}},{"type":"Feature","geometry":{"type":"Point","coordinates":[-64.2886,49.8364]},"properties":{"iata":"YPN","icao":"CYPN","name":"Port-Menier","tier":2}},{"type":"Feature","geometry":{"type":"Point","coordinates":[-78.3621,44.2323]},"properties":{"iata":"YPQ","icao":"CYPQ","name":"Peterborough","tier":2}},{"type":"Feature","geometry":{"type":"Point","coordinates":[-130.445,54.2861]},"properties":{"iata":"YPR","icao":"CYPR","name":"Prince Rupert","tier":2}},{"type":"Feature","geometry":{"type":"Point","coordinates":[-124.5,49.8342]},"properties":{"iata":"YPW","icao":"CYPW","name":"Powell River","tier":2}},{"type":"Feature","geometry":{"type":"Point","coordinates":[-77.2869,60.0506]},"properties":{"iata":"YPX","icao":"CYPX","name":"Puvirnituq","tier":2}},{"type":"Feature","geometry":{"type":"Point","coordinates":[-111.117,58.7672]},"properties":{"iata":"YPY","icao":"CYPY","name":"Fort Chipewyan","tier":2}},{"type":"Feature","geometry":{"type":"Point","coordinates":[-125.951,54.3764]},"properties":{"iata":"YPZ","icao":"CYPZ","name":"Burns Lake","tier":2}},{"type":"Feature","geometry":{"type":"Point","coordinates":[-79.3065,44.9754]},"properties":{"iata":"YQA","icao":"CYQA","name":"Gravenhurst","tier":2}},{"type":"Feature","geometry":{"type":"Point","coordinates":[-101.091,53.9714]},"properties":{"iata":"YQD","icao":"CYQD","name":"The Pas","tier":2}},{"type":"Feature","geometry":{"type":"Point","coordinates":[-82.9556,42.2756]},"properties":{"iata":"YQG","icao":"CYQG","name":"Windsor","tier":2}},{"type":"Feature","geometry":{"type":"Point","coordinates":[-128.822,60.1168]},"properties":{"iata":"YQH","icao":"CYQH","name":"Watson Lake","tier":2}},{"type":"Feature","geometry":{"type":"Point","coordinates":[-94.3631,49.7883]},"properties":{"iata":"YQK","icao":"CYQK","name":"Kenora","tier":2}},{"type":"Feature","geometry":{"type":"Point","coordinates":[-112.8,49.6303]},"properties":{"iata":"YQL","icao":"CYQL","name":"Lethbridge","tier":2}},{"type":"Feature","geometry":{"type":"Point","coordinates":[-64.6772,46.1132]},"properties":{"iata":"YQM","icao":"CYQM","name":"Moncton","tier":2}},{"type":"Feature","geometry":{"type":"Point","coordinates":[-86.6964,50.1828]},"properties":{"iata":"YQN","icao":"CYQN","name":"Nakina","tier":2}},{"type":"Feature","geometry":{"type":"Point","coordinates":[-124.887,49.7108]},"properties":{"iata":"YQQ","icao":"CYQQ","name":"Comox","tier":2}},{"type":"Feature","geometry":{"type":"Point","coordinates":[-104.6609,50.4319]},"properties":{"iata":"YQR","icao":"CYQR","name":"Regina","tier":2}},{"type":"Feature","geometry":{"type":"Point","coordinates":[-89.3239,48.3719]},"properties":{"iata":"YQT","icao":"CYQT","name":"Thunder Bay","tier":2}},{"type":"Feature","geometry":{"type":"Point","coordinates":[-118.885,55.1797]},"properties":{"iata":"YQU","icao":"CYQU","name":"Grande Prairie","tier":2}},{"type":"Feature","geometry":{"type":"Point","coordinates":[-54.5677,48.9363]},"properties":{"iata":"YQX","icao":"CYQX","name":"Gander","tier":2}},{"type":"Feature","geometry":{"type":"Point","coordinates":[-60.0498,46.1611]},"properties":{"iata":"YQY","icao":"CYQY","name":"Sydney","tier":2}},{"type":"Feature","geometry":{"type":"Point","coordinates":[-122.51,53.0261]},"properties":{"iata":"YQZ","icao":"CYQZ","name":"Quesnel","tier":2}},{"type":"Feature","geometry":{"type":"Point","coordinates":[-94.9694,74.7169]},"properties":{"iata":"YRB","icao":"CYRB","name":"Resolute Bay","tier":2}},{"type":"Feature","geometry":{"type":"Point","coordinates":[-72.2657,48.5197]},"properties":{"iata":"YRJ","icao":"CYRJ","name":"Roberval","tier":2}},{"type":"Feature","geometry":{"type":"Point","coordinates":[-93.7931,51.0669]},"properties":{"iata":"YRL","icao":"CYRL","name":"Red Lake","tier":2}},{"type":"Feature","geometry":{"type":"Point","coordinates":[-75.644,45.4605]},"properties":{"iata":"YRO","icao":"CYRO","name":"Ottawa","tier":2}},{"type":"Feature","geometry":{"type":"Point","coordinates":[-92.1158,62.8114]},"properties":{"iata":"YRT","icao":"CYRT","name":"Rankin Inlet","tier":2}},{"type":"Feature","geometry":{"type":"Point","coordinates":[-80.7989,46.625]},"properties":{"iata":"YSB","icao":"CYSB","name":"Sudbury","tier":2}},{"type":"Feature","geometry":{"type":"Point","coordinates":[-105.841,59.2503]},"properties":{"iata":"YSF","icao":"CYSF","name":"Stony Rapids","tier":2}},{"type":"Feature","geometry":{"type":"Point","coordinates":[-65.8903,45.3161]},"properties":{"iata":"YSJ","icao":"CYSJ","name":"Saint John","tier":2}},{"type":"Feature","geometry":{"type":"Point","coordinates":[-67.8362,47.1571]},"properties":{"iata":"YSL","icao":"CYSL","name":"Saint-Léonard","tier":2}},{"type":"Feature","geometry":{"type":"Point","coordinates":[-111.962,60.0203]},"properties":{"iata":"YSM","icao":"CYSM","name":"Fort Smith","tier":2}},{"type":"Feature","geometry":{"type":"Point","coordinates":[124.5521,44.9311]},"properties":{"iata":"YSQ","icao":"ZYSQ","name":"Qian Gorlos Mongol Autonomous County","tier":2}},{"type":"Feature","geometry":{"type":"Point","coordinates":[-97.8642,55.8011]},"properties":{"iata":"YTH","icao":"CYTH","name":"Thompson","tier":2}},{"type":"Feature","geometry":{"type":"Point","coordinates":[-81.3767,48.5697]},"properties":{"iata":"YTS","icao":"CYTS","name":"Timmins","tier":2}},{"type":"Feature","geometry":{"type":"Point","coordinates":[119.7198,32.5634]},"properties":{"iata":"YTY","icao":"ZSYA","name":"Yangzhou","tier":2}},{"type":"Feature","geometry":{"type":"Point","coordinates":[-79.3955,43.6279]},"properties":{"iata":"YTZ","icao":"CYTZ","name":"Toronto","tier":2}},{"type":"Feature","geometry":{"type":"Point","coordinates":[-114.6094,32.6509]},"properties":{"iata":"YUM","icao":"KNYL","name":"Yuma","tier":2}},{"type":"Feature","geometry":{"type":"Point","coordinates":[97.0364,32.8364]},"properties":{"iata":"YUS","icao":"ZLYS","name":"Yushu (Batang)","tier":2}},{"type":"Feature","geometry":{"type":"Point","coordinates":[-81.2425,68.7761]},"properties":{"iata":"YUX","icao":"CYUX","name":"Sanirajak","tier":2}},{"type":"Feature","geometry":{"type":"Point","coordinates":[-78.8356,48.2061]},"properties":{"iata":"YUY","icao":"CYUY","name":"Rouyn-Noranda","tier":2}},{"type":"Feature","geometry":{"type":"Point","coordinates":[-65.4603,48.0711]},"properties":{"iata":"YVB","icao":"CYVB","name":"Bonaventure","tier":2}},{"type":"Feature","geometry":{"type":"Point","coordinates":[-105.262,55.1514]},"properties":{"iata":"YVC","icao":"CYVC","name":"La Ronge","tier":2}},{"type":"Feature","geometry":{"type":"Point","coordinates":[-77.7828,48.0533]},"properties":{"iata":"YVO","icao":"CYVO","name":"Val-d'Or","tier":2}},{"type":"Feature","geometry":{"type":"Point","coordinates":[-68.4269,58.0961]},"properties":{"iata":"YVP","icao":"CYVP","name":"Kuujjuaq","tier":2}},{"type":"Feature","geometry":{"type":"Point","coordinates":[-126.798,65.2816]},"properties":{"iata":"YVQ","icao":"CYVQ","name":"Norman Wells","tier":2}},{"type":"Feature","geometry":{"type":"Point","coordinates":[-81.1072,44.7458]},"properties":{"iata":"YVV","icao":"CYVV","name":"Wiarton","tier":2}},{"type":"Feature","geometry":{"type":"Point","coordinates":[-66.8644,52.9219]},"properties":{"iata":"YWK","icao":"CYWK","name":"Wabush","tier":2}},{"type":"Feature","geometry":{"type":"Point","coordinates":[-122.054,52.1831]},"properties":{"iata":"YWL","icao":"CYWL","name":"Williams Lake","tier":2}},{"type":"Feature","geometry":{"type":"Point","coordinates":[-115.782,49.6108]},"properties":{"iata":"YXC","icao":"CYXC","name":"Cranbrook","tier":2}},{"type":"Feature","geometry":{"type":"Point","coordinates":[-110.721,50.0189]},"properties":{"iata":"YXH","icao":"CYXH","name":"Medicine Hat","tier":2}},{"type":"Feature","geometry":{"type":"Point","coordinates":[-120.74,56.2381]},"properties":{"iata":"YXJ","icao":"CYXJ","name":"Fort Saint John","tier":2}},{"type":"Feature","geometry":{"type":"Point","coordinates":[-68.4963,48.4776]},"properties":{"iata":"YXK","icao":"CYXK","name":"Rimouski","tier":2}},{"type":"Feature","geometry":{"type":"Point","coordinates":[-91.9053,50.1139]},"properties":{"iata":"YXL","icao":"CYXL","name":"Sioux Lookout","tier":2}},{"type":"Feature","geometry":{"type":"Point","coordinates":[-122.6666,53.8843]},"properties":{"iata":"YXS","icao":"CYXS","name":"Prince George","tier":2}},{"type":"Feature","geometry":{"type":"Point","coordinates":[-128.576,54.4685]},"properties":{"iata":"YXT","icao":"CYXT","name":"Terrace","tier":2}},{"type":"Feature","geometry":{"type":"Point","coordinates":[-81.149,43.0328]},"properties":{"iata":"YXU","icao":"CYXU","name":"London","tier":2}},{"type":"Feature","geometry":{"type":"Point","coordinates":[-122.361,49.0253]},"properties":{"iata":"YXX","icao":"CYXX","name":"Abbotsford","tier":2}},{"type":"Feature","geometry":{"type":"Point","coordinates":[-135.0657,60.7085]},"properties":{"iata":"YXY","icao":"CYXY","name":"Whitehorse","tier":2}},{"type":"Feature","geometry":{"type":"Point","coordinates":[113.2816,29.3117]},"properties":{"iata":"YYA","icao":"ZGYY","name":"Yueyang (Yueyanglou)","tier":2}},{"type":"Feature","geometry":{"type":"Point","coordinates":[-79.4228,46.3636]},"properties":{"iata":"YYB","icao":"CYYB","name":"North Bay","tier":2}},{"type":"Feature","geometry":{"type":"Point","coordinates":[-127.183,54.8247]},"properties":{"iata":"YYD","icao":"CYYD","name":"Smithers","tier":2}},{"type":"Feature","geometry":{"type":"Point","coordinates":[-122.597,58.8364]},"properties":{"iata":"YYE","icao":"CYYE","name":"Fort Nelson","tier":2}},{"type":"Feature","geometry":{"type":"Point","coordinates":[-119.602,49.4631]},"properties":{"iata":"YYF","icao":"CYYF","name":"Penticton","tier":2}},{"type":"Feature","geometry":{"type":"Point","coordinates":[-63.1252,46.2889]},"properties":{"iata":"YYG","icao":"CYYG","name":"Charlottetown","tier":2}},{"type":"Feature","geometry":{"type":"Point","coordinates":[-101.076,56.8639]},"properties":{"iata":"YYL","icao":"CYYL","name":"Lynn Lake","tier":2}},{"type":"Feature","geometry":{"type":"Point","coordinates":[-94.065,58.7392]},"properties":{"iata":"YYQ","icao":"CYYQ","name":"Churchill","tier":2}},{"type":"Feature","geometry":{"type":"Point","coordinates":[-60.4258,53.3192]},"properties":{"iata":"YYR","icao":"CYYR","name":"Goose Bay","tier":2}},{"type":"Feature","geometry":{"type":"Point","coordinates":[-68.2081,48.6086]},"properties":{"iata":"YYY","icao":"CYYY","name":"Mont-Joli","tier":2}},{"type":"Feature","geometry":{"type":"Point","coordinates":[-114.44,62.4628]},"properties":{"iata":"YZF","icao":"CYZF","name":"Yellowknife","tier":2}},{"type":"Feature","geometry":{"type":"Point","coordinates":[-131.814,53.2543]},"properties":{"iata":"YZP","icao":"CYZP","name":"Sandspit","tier":2}},{"type":"Feature","geometry":{"type":"Point","coordinates":[-83.3594,64.1933]},"properties":{"iata":"YZS","icao":"CYZS","name":"Coral Harbour","tier":2}},{"type":"Feature","geometry":{"type":"Point","coordinates":[-127.367,50.6806]},"properties":{"iata":"YZT","icao":"CYZT","name":"Port Hardy","tier":2}},{"type":"Feature","geometry":{"type":"Point","coordinates":[-115.787,54.1439]},"properties":{"iata":"YZU","icao":"CYZU","name":"Whitecourt","tier":2}},{"type":"Feature","geometry":{"type":"Point","coordinates":[-66.2656,50.2233]},"properties":{"iata":"YZV","icao":"CYZV","name":"Sept-Îles","tier":2}},{"type":"Feature","geometry":{"type":"Point","coordinates":[100.675,38.8019]},"properties":{"iata":"YZY","icao":"ZLZY","name":"Zhangye (Ganzhou)","tier":2}},{"type":"Feature","geometry":{"type":"Point","coordinates":[-73.0861,-39.65]},"properties":{"iata":"ZAL","icao":"SCVD","name":"Valdivia","tier":2}},{"type":"Feature","geometry":{"type":"Point","coordinates":[-65.7389,47.6297]},"properties":{"iata":"ZBF","icao":"CZBF","name":"South Tetagouche","tier":2}},{"type":"Feature","geometry":{"type":"Point","coordinates":[60.3822,25.4432]},"properties":{"iata":"ZBR","icao":"OIZC","name":"Konarak","tier":2}},{"type":"Feature","geometry":{"type":"Point","coordinates":[-102.6872,22.8949]},"properties":{"iata":"ZCL","icao":"MMZC","name":"Zacatecas","tier":2}},{"type":"Feature","geometry":{"type":"Point","coordinates":[-128.157,52.185]},"properties":{"iata":"ZEL","icao":"CBBC","name":"Bella Bella","tier":2}},{"type":"Feature","geometry":{"type":"Point","coordinates":[105.1545,37.5731]},"properties":{"iata":"ZHY","icao":"ZLZW","name":"Zhongwei (Shapotou)","tier":2}},{"type":"Feature","geometry":{"type":"Point","coordinates":[-16.2833,12.5556]},"properties":{"iata":"ZIG","icao":"GOGG","name":"Ziguinchor","tier":2}},{"type":"Feature","geometry":{"type":"Point","coordinates":[123.361,66.7965]},"properties":{"iata":"ZIX","icao":"UEVV","name":"Zhigansk","tier":2}},{"type":"Feature","geometry":{"type":"Point","coordinates":[150.8889,65.7485]},"properties":{"iata":"ZKP","icao":"UESU","name":"Zyryanka","tier":2}},{"type":"Feature","geometry":{"type":"Point","coordinates":[-104.559,19.1448]},"properties":{"iata":"ZLO","icao":"MMZO","name":"Manzanillo","tier":2}},{"type":"Feature","geometry":{"type":"Point","coordinates":[-132.125,54.0275]},"properties":{"iata":"ZMT","icao":"CZMT","name":"Masset","tier":2}},{"type":"Feature","geometry":{"type":"Point","coordinates":[8.9838,13.779]},"properties":{"iata":"ZND","icao":"DRZR","name":"Zinder","tier":2}},{"type":"Feature","geometry":{"type":"Point","coordinates":[119.803,-23.4178]},"properties":{"iata":"ZNE","icao":"YNWN","name":"Newman","tier":2}},{"type":"Feature","geometry":{"type":"Point","coordinates":[-73.061,-40.6112]},"properties":{"iata":"ZOS","icao":"SCJO","name":"Osorno","tier":2}},{"type":"Feature","geometry":{"type":"Point","coordinates":[114.9334,40.7387]},"properties":{"iata":"ZQZ","icao":"ZBZJ","name":"Zhangjiakou","tier":2}},{"type":"Feature","geometry":{"type":"Point","coordinates":[-93.3444,53.0642]},"properties":{"iata":"ZSJ","icao":"CZSJ","name":"Sandy Lake","tier":2}},{"type":"Feature","geometry":{"type":"Point","coordinates":[20.8843,37.7509]},"properties":{"iata":"ZTH","icao":"LGZA","name":"Zakynthos","tier":2}},{"type":"Feature","geometry":{"type":"Point","coordinates":[107.2472,27.8107]},"properties":{"iata":"ZYI","icao":"ZUZY","name":"Zunyi","tier":2}},{"type":"Feature","geometry":{"type":"Point","coordinates":[173.637,0.1853]},"properties":{"iata":"AAK","icao":"NGUK","name":"Buariki","tier":3}},{"type":"Feature","geometry":{"type":"Point","coordinates":[-91.502,14.8656]},"properties":{"iata":"AAZ","icao":"MGQZ","name":"Quezaltenango","tier":3}},{"type":"Feature","geometry":{"type":"Point","coordinates":[142.4551,-10.9462]},"properties":{"iata":"ABM","icao":"YNPE","name":"Bamaga","tier":3}},{"type":"Feature","geometry":{"type":"Point","coordinates":[124.9033,-9.0748]},"properties":{"iata":"ABU","icao":"WATA","name":"Atambua","tier":3}},{"type":"Feature","geometry":{"type":"Point","coordinates":[81.2621,40.4347]},"properties":{"iata":"ACF","icao":"ZWAL","name":"Aral","tier":3}},{"type":"Feature","geometry":{"type":"Point","coordinates":[-152.622,66.5518]},"properties":{"iata":"AET","icao":"PFAL","name":"Allakaket","tier":3}},{"type":"Feature","geometry":{"type":"Point","coordinates":[7.9196,53.7825]},"properties":{"iata":"AGE","icao":"EDWG","name":"Wangerooge","tier":3}},{"type":"Feature","geometry":{"type":"Point","coordinates":[-56.6732,5.8413]},"properties":{"iata":"AGI","icao":"SMWA","name":"Wageningen","tier":3}},{"type":"Feature","geometry":{"type":"Point","coordinates":[127.2403,26.5928]},"properties":{"iata":"AGJ","icao":"RORA","name":"Aguni","tier":3}},{"type":"Feature","geometry":{"type":"Point","coordinates":[75.7588,31.4338]},"properties":{"iata":"AIP","icao":"VIAX","name":"Adampur","tier":3}},{"type":"Feature","geometry":{"type":"Point","coordinates":[-159.764,-18.8309]},"properties":{"iata":"AIT","icao":"NCAI","name":"Aitutaki","tier":3}},{"type":"Feature","geometry":{"type":"Point","coordinates":[-158.119,-19.9678]},"properties":{"iata":"AIU","icao":"NCAT","name":"Atiu Island","tier":3}},{"type":"Feature","geometry":{"type":"Point","coordinates":[108.8734,32.757]},"properties":{"iata":"AKA","icao":"ZLAK","name":"Ankang (Hanbin)","tier":3}},{"type":"Feature","geometry":{"type":"Point","coordinates":[-174.206,52.2203]},"properties":{"iata":"AKB","icao":"PAAK","name":"Atka","tier":3}},{"type":"Feature","geometry":{"type":"Point","coordinates":[-161.2311,60.9026]},"properties":{"iata":"AKI","icao":"PFAK","name":"Akiak","tier":3}},{"type":"Feature","geometry":{"type":"Point","coordinates":[-154.183,56.9387]},"properties":{"iata":"AKK","icao":"PAKH","name":"Akhiok","tier":3}},{"type":"Feature","geometry":{"type":"Point","coordinates":[160.682,-8.7026]},"properties":{"iata":"AKS","icao":"AGGA","name":"Auki","tier":3}},{"type":"Feature","geometry":{"type":"Point","coordinates":[-78.1486,60.8186]},"properties":{"iata":"AKV","icao":"CYKO","name":"Akulivik","tier":3}},{"type":"Feature","geometry":{"type":"Point","coordinates":[-73.3504,-13.7064]},"properties":{"iata":"ANS","icao":"SPHY","name":"Andahuaylas","tier":3}},{"type":"Feature","geometry":{"type":"Point","coordinates":[-146.415,-15.5736]},"properties":{"iata":"APK","icao":"NTGD","name":"Apataki","tier":3}},{"type":"Feature","geometry":{"type":"Point","coordinates":[124.597,-8.1323]},"properties":{"iata":"ARD","icao":"WATM","name":"Kabola","tier":3}},{"type":"Feature","geometry":{"type":"Point","coordinates":[-162.273,60.8667]},"properties":{"iata":"ATT","name":"Atmautluak","tier":3}},{"type":"Feature","geometry":{"type":"Point","coordinates":[-164.7225,62.6827]},"properties":{"iata":"AUK","icao":"PAUK","name":"Alakanuk","tier":3}},{"type":"Feature","geometry":{"type":"Point","coordinates":[171.173,8.1453]},"properties":{"iata":"AUL","name":"Aur Atoll","tier":3}},{"type":"Feature","geometry":{"type":"Point","coordinates":[141.72,-13.354]},"properties":{"iata":"AUU","icao":"YAUR","name":"Aurukun","tier":3}},{"type":"Feature","geometry":{"type":"Point","coordinates":[155.8867,-6.9907]},"properties":{"iata":"BAS","icao":"AGGE","name":"Ballalae","tier":3}},{"type":"Feature","geometry":{"type":"Point","coordinates":[-62.9186,-0.9812]},"properties":{"iata":"BAZ","icao":"SWBC","name":"Barcelos","tier":3}},{"type":"Feature","geometry":{"type":"Point","coordinates":[172.811,3.0858]},"properties":{"iata":"BBG","icao":"NGTU","name":"Butaritari","tier":3}},{"type":"Feature","geometry":{"type":"Point","coordinates":[-61.7429,16.0136]},"properties":{"iata":"BBR","icao":"TFFB","name":"Basse-Terre","tier":3}},{"type":"Feature","geometry":{"type":"Point","coordinates":[142.1737,-10.1495]},"properties":{"iata":"BDD","icao":"YBAU","name":"Badu Island","tier":3}},{"type":"Feature","geometry":{"type":"Point","coordinates":[88.0796,26.5708]},"properties":{"iata":"BDP","icao":"VNCG","name":"Bhadrapur","tier":3}},{"type":"Feature","geometry":{"type":"Point","coordinates":[-78.1799,7.5874]},"properties":{"iata":"BFQ","icao":"MPPI","name":"Puerto Piña","tier":3}},{"type":"Feature","geometry":{"type":"Point","coordinates":[40.5945,38.8601]},"properties":{"iata":"BGG","icao":"LTCU","name":"Bingöl","tier":3}},{"type":"Feature","geometry":{"type":"Point","coordinates":[-88.4079,16.5194]},"properties":{"iata":"BGK","icao":"MZBG","name":"Big Creek","tier":3}},{"type":"Feature","geometry":{"type":"Point","coordinates":[84.4294,27.6781]},"properties":{"iata":"BHR","icao":"VNBP","name":"Bharatpur","tier":3}},{"type":"Feature","geometry":{"type":"Point","coordinates":[-71.5786,41.1684]},"properties":{"iata":"BID","icao":"KBID","name":"Block Island","tier":3}},{"type":"Feature","geometry":{"type":"Point","coordinates":[-161.149,65.9816]},"properties":{"iata":"BKC","icao":"PABL","name":"Buckland","tier":3}},{"type":"Feature","geometry":{"type":"Point","coordinates":[115.618,3.974]},"properties":{"iata":"BKM","icao":"WBGQ","name":"Bakalalan","tier":3}},{"type":"Feature","geometry":{"type":"Point","coordinates":[31.8212,-1.332]},"properties":{"iata":"BKZ","icao":"HTBU","name":"Bukoba","tier":3}},{"type":"Feature","geometry":{"type":"Point","coordinates":[-79.5996,8.9148]},"properties":{"iata":"BLB","icao":"MPPA","name":"Panamá City","tier":3}},{"type":"Feature","geometry":{"type":"Point","coordinates":[45.2388,4.767]},"properties":{"iata":"BLW","icao":"HCMN","name":"Beledweyne","tier":3}},{"type":"Feature","geometry":{"type":"Point","coordinates":[6.7092,53.5964]},"properties":{"iata":"BMK","icao":"EDWR","name":"Borkum","tier":3}},{"type":"Feature","geometry":{"type":"Point","coordinates":[97.2476,24.2704]},"properties":{"iata":"BMO","icao":"VYBM","name":"Banmaw","tier":3}},{"type":"Feature","geometry":{"type":"Point","coordinates":[7.3733,53.7249]},"properties":{"iata":"BMR","icao":"EDWZ","name":"Baltrum","tier":3}},{"type":"Feature","geometry":{"type":"Point","coordinates":[163.6611,-19.7205]},"properties":{"iata":"BMY","icao":"NWWC","name":"Waala","tier":3}},{"type":"Feature","geometry":{"type":"Point","coordinates":[20.8836,-0.2867]},"properties":{"iata":"BNB","icao":"FZGN","name":"Boende","tier":3}},{"type":"Feature","geometry":{"type":"Point","coordinates":[159.7983,-11.3022]},"properties":{"iata":"BNY","icao":"AGGB","name":"Anua","tier":3}},{"type":"Feature","geometry":{"type":"Point","coordinates":[141.1063,-7.2373]},"properties":{"iata":"BOT","icao":"AYET","name":"Bosset","tier":3}},{"type":"Feature","geometry":{"type":"Point","coordinates":[115.4003,-33.6872]},"properties":{"iata":"BQB","icao":"YBLN","name":"Busselton","tier":3}},{"type":"Feature","geometry":{"type":"Point","coordinates":[140.4494,52.381]},"properties":{"iata":"BQG","icao":"UHNB","name":"Bogorodskoye","tier":3}},{"type":"Feature","geometry":{"type":"Point","coordinates":[134.695,67.648]},"properties":{"iata":"BQJ","icao":"UEBB","name":"Batagay","tier":3}},{"type":"Feature","geometry":{"type":"Point","coordinates":[-45.009,-12.0789]},"properties":{"iata":"BRA","icao":"SNBR","name":"Barreiras","tier":3}},{"type":"Feature","geometry":{"type":"Point","coordinates":[94.7799,16.8152]},"properties":{"iata":"BSX","icao":"VYPN","name":"Pathein","tier":3}},{"type":"Feature","geometry":{"type":"Point","coordinates":[-151.529,66.9139]},"properties":{"iata":"BTT","icao":"PABT","name":"Bettles","tier":3}},{"type":"Feature","geometry":{"type":"Point","coordinates":[115.995,-3.4124]},"properties":{"iata":"BTW","icao":"WAOC","name":"Batu Licin","tier":3}},{"type":"Feature","geometry":{"type":"Point","coordinates":[139.534,-17.7486]},"properties":{"iata":"BUC","icao":"YBKT","name":"Burketown Airport","tier":3}},{"type":"Feature","geometry":{"type":"Point","coordinates":[138.6774,-3.6846]},"properties":{"iata":"BUI","icao":"WAVB","name":"Bokondini","tier":3}},{"type":"Feature","geometry":{"type":"Point","coordinates":[90.7471,27.5622]},"properties":{"iata":"BUT","icao":"VQBT","name":"Jakar","tier":3}},{"type":"Feature","geometry":{"type":"Point","coordinates":[102.1816,-1.5416]},"properties":{"iata":"BUU","icao":"WIJB","name":"Muara Bungo","tier":3}},{"type":"Feature","geometry":{"type":"Point","coordinates":[-50.4436,-1.6365]},"properties":{"iata":"BVS","icao":"SNVS","name":"Breves","tier":3}},{"type":"Feature","geometry":{"type":"Point","coordinates":[114.3401,-8.3102]},"properties":{"iata":"BWX","icao":"WADY","name":"Rogojampi, Banyuwangi","tier":3}},{"type":"Feature","geometry":{"type":"Point","coordinates":[144.33,-36.7394]},"properties":{"iata":"BXG","icao":"YBDG","name":"Bendigo Airport","tier":3}},{"type":"Feature","geometry":{"type":"Point","coordinates":[117.4766,0.1217]},"properties":{"iata":"BXT","icao":"WALC","name":"Bontang-Borneo Island","tier":3}},{"type":"Feature","geometry":{"type":"Point","coordinates":[-56.4524,-21.2473]},"properties":{"iata":"BYO","icao":"SBDB","name":"Bonito","tier":3}},{"type":"Feature","geometry":{"type":"Point","coordinates":[11.0001,57.2772]},"properties":{"iata":"BYR","icao":"EKLS","name":"Læsø","tier":3}},{"type":"Feature","geometry":{"type":"Point","coordinates":[-122.8238,48.5792]},"properties":{"iata":"BYW","name":"Blakely Island","tier":3}},{"type":"Feature","geometry":{"type":"Point","coordinates":[-66.8976,-4.8715]},"properties":{"iata":"CAF","icao":"SWCA","name":"Carauari","tier":3}},{"type":"Feature","geometry":{"type":"Point","coordinates":[-36.0135,-8.2824]},"properties":{"iata":"CAU","icao":"SNRU","name":"Caruaru","tier":3}},{"type":"Feature","geometry":{"type":"Point","coordinates":[-65.1456,-16.9768]},"properties":{"iata":"CCA","icao":"SLHI","name":"Chimore","tier":3}},{"type":"Feature","geometry":{"type":"Point","coordinates":[167.924,-16.265]},"properties":{"iata":"CCV","icao":"NVSF","name":"Craig Cove","tier":3}},{"type":"Feature","geometry":{"type":"Point","coordinates":[-50.8317,-29.3701]},"properties":{"iata":"CEL","icao":"SSCN","name":"Canela","tier":3}},{"type":"Feature","geometry":{"type":"Point","coordinates":[-144.7807,65.5738]},"properties":{"iata":"CEM","icao":"PACE","name":"Central","tier":3}},{"type":"Feature","geometry":{"type":"Point","coordinates":[-42.0719,-22.9215]},"properties":{"iata":"CFB","icao":"SBCB","name":"Cabo Frio","tier":3}},{"type":"Feature","geometry":{"type":"Point","coordinates":[-159.216,61.5791]},"properties":{"iata":"CHU","icao":"PACH","name":"Chuathbaluk","tier":3}},{"type":"Feature","geometry":{"type":"Point","coordinates":[156.3961,-6.7119]},"properties":{"iata":"CHY","icao":"AGGC","name":"Choiseul Bay","tier":3}},{"type":"Feature","geometry":{"type":"Point","coordinates":[113.126,36.2475]},"properties":{"iata":"CIH","icao":"ZBCZ","name":"Changzhi","tier":3}},{"type":"Feature","geometry":{"type":"Point","coordinates":[-143.74,66.645]},"properties":{"iata":"CIK","icao":"PACI","name":"Chalkyitsik","tier":3}},{"type":"Feature","geometry":{"type":"Point","coordinates":[108.489,-7.7199]},"properties":{"iata":"CJN","icao":"WICN","name":"Cijulang","tier":3}},{"type":"Feature","geometry":{"type":"Point","coordinates":[-38.6158,-6.8827]},"properties":{"iata":"CJZ","icao":"SJZA","name":"Cajazeiras","tier":3}},{"type":"Feature","geometry":{"type":"Point","coordinates":[-158.1376,61.8703]},"properties":{"iata":"CKD","icao":"PACJ","name":"Crooked Creek","tier":3}},{"type":"Feature","geometry":{"type":"Point","coordinates":[119.6426,-22.3543]},"properties":{"iata":"CKW","icao":"YCHK","name":"Christmas Creek Mine","tier":3}},{"type":"Feature","geometry":{"type":"Point","coordinates":[-141.9513,64.0665]},"properties":{"iata":"CKX","name":"Chicken","tier":3}},{"type":"Feature","geometry":{"type":"Point","coordinates":[-158.529,58.8337]},"properties":{"iata":"CLP","icao":"PFCL","name":"Clarks Point","tier":3}},{"type":"Feature","geometry":{"type":"Point","coordinates":[-48.6063,-17.7251]},"properties":{"iata":"CLV","icao":"SBCN","name":"Caldas Novas","tier":3}},{"type":"Feature","geometry":{"type":"Point","coordinates":[143.07,-10.0501]},"properties":{"iata":"CNC","icao":"YCCT","name":"Coconut Island Airport","tier":3}},{"type":"Feature","geometry":{"type":"Point","coordinates":[122.667,39.2664]},"properties":{"iata":"CNI","icao":"ZYCH","name":"Dalian (Changhai)","tier":3}},{"type":"Feature","geometry":{"type":"Point","coordinates":[-6.6178,56.6019]},"properties":{"iata":"COL","icao":"EGEL","name":"Coll Island","tier":3}},{"type":"Feature","geometry":{"type":"Point","coordinates":[-61.4728,12.4761]},"properties":{"iata":"CRU","icao":"TGPZ","name":"Carriacou Island","tier":3}},{"type":"Feature","geometry":{"type":"Point","coordinates":[-6.2431,56.0575]},"properties":{"iata":"CSA","icao":"EGEY","name":"Colonsay","tier":3}},{"type":"Feature","geometry":{"type":"Point","coordinates":[35.7306,65.03]},"properties":{"iata":"CSH","name":"Solovetsky Islands","tier":3}},{"type":"Feature","geometry":{"type":"Point","coordinates":[-111.615,25.0538]},"properties":{"iata":"CUA","icao":"MMDA","name":"Comondú","tier":3}},{"type":"Feature","geometry":{"type":"Point","coordinates":[-31.1136,39.6715]},"properties":{"iata":"CVU","icao":"LPCR","name":"Corvo","tier":3}},{"type":"Feature","geometry":{"type":"Point","coordinates":[-122.8316,48.49]},"properties":{"iata":"CWS","name":"Center Island","tier":3}},{"type":"Feature","geometry":{"type":"Point","coordinates":[-164.2792,60.1367]},"properties":{"iata":"CYF","icao":"PACK","name":"Chefornak","tier":3}},{"type":"Feature","geometry":{"type":"Point","coordinates":[-142.4945,60.081]},"properties":{"iata":"CYT","icao":"PACY","name":"Yakataga","tier":3}},{"type":"Feature","geometry":{"type":"Point","coordinates":[121.069,10.8581]},"properties":{"iata":"CYU","icao":"RPLO","name":"Cuyo","tier":3}},{"type":"Feature","geometry":{"type":"Point","coordinates":[107.4295,31.1302]},"properties":{"iata":"DAX","icao":"ZUDX","name":"Dazhou (Daxian)","tier":3}},{"type":"Feature","geometry":{"type":"Point","coordinates":[64.3998,28.8783]},"properties":{"iata":"DBA","icao":"OPDB","name":"Dalbandin","tier":3}},{"type":"Feature","geometry":{"type":"Point","coordinates":[145.685,43.9611]},"properties":{"iata":"DEE","icao":"UHSM","name":"Yuzhno-Kurilsk","tier":3}},{"type":"Feature","geometry":{"type":"Point","coordinates":[34.858,8.554]},"properties":{"iata":"DEM","icao":"HADD","name":"Dembidollo","tier":3}},{"type":"Feature","geometry":{"type":"Point","coordinates":[139.482,-4.8557]},"properties":{"iata":"DEX","icao":"WAVD","name":"Dekai","tier":3}},{"type":"Feature","geometry":{"type":"Point","coordinates":[86.705,24.4468]},"properties":{"iata":"DGH","icao":"VEDO","name":"Deoghar","tier":3}},{"type":"Feature","geometry":{"type":"Point","coordinates":[70.9219,20.7142]},"properties":{"iata":"DIU","icao":"VADU","name":"Diu","tier":3}},{"type":"Feature","geometry":{"type":"Point","coordinates":[103.6451,-1.6387]},"properties":{"iata":"DJB","icao":"WIJJ","name":"Jambi","tier":3}},{"type":"Feature","geometry":{"type":"Point","coordinates":[133.7376,45.8799]},"properties":{"iata":"DLR","name":"Dalnerechensk","tier":3}},{"type":"Feature","geometry":{"type":"Point","coordinates":[138.822,-17.9403]},"properties":{"iata":"DMD","icao":"YDMG","name":"Doomadgee Airport","tier":3}},{"type":"Feature","geometry":{"type":"Point","coordinates":[82.8187,28.9857]},"properties":{"iata":"DOP","icao":"VNDP","name":"Dolpa","tier":3}},{"type":"Feature","geometry":{"type":"Point","coordinates":[139.89,69.3925]},"properties":{"iata":"DPT","name":"Deputatskiy","tier":3}},{"type":"Feature","geometry":{"type":"Point","coordinates":[125.1386,46.7509]},"properties":{"iata":"DQA","icao":"ZYDQ","name":"Daqing","tier":3}},{"type":"Feature","geometry":{"type":"Point","coordinates":[-54.6728,4.1114]},"properties":{"iata":"DRJ","icao":"SMDA","name":"Drietabbetje","tier":3}},{"type":"Feature","geometry":{"type":"Point","coordinates":[73.1302,5.1561]},"properties":{"iata":"DRV","icao":"VRMD","name":"Baa Atoll","tier":3}},{"type":"Feature","geometry":{"type":"Point","coordinates":[-61.0844,16.2969]},"properties":{"iata":"DSD","icao":"TFFA","name":"Grande Anse","tier":3}},{"type":"Feature","geometry":{"type":"Point","coordinates":[39.7259,11.1098]},"properties":{"iata":"DSE","icao":"HADC","name":"Dessie","tier":3}},{"type":"Feature","geometry":{"type":"Point","coordinates":[98.9919,2.2597]},"properties":{"iata":"DTB","icao":"WIMN","name":"Siborong-Borong","tier":3}},{"type":"Feature","geometry":{"type":"Point","coordinates":[114.5291,0.807]},"properties":{"iata":"DTD","icao":"WALJ","name":"Datadawai-Borneo Island","tier":3}},{"type":"Feature","geometry":{"type":"Point","coordinates":[-122.814,48.5002]},"properties":{"iata":"DTR","name":"Decatur","tier":3}},{"type":"Feature","geometry":{"type":"Point","coordinates":[45.3588,-16.1017]},"properties":{"iata":"DWB","icao":"FMNO","name":"Soalala","tier":3}},{"type":"Feature","geometry":{"type":"Point","coordinates":[109.5218,28.4972]},"properties":{"iata":"DXJ","icao":"ZGXX","name":"Xiangxi","tier":3}},{"type":"Feature","geometry":{"type":"Point","coordinates":[-141.1505,64.778]},"properties":{"iata":"EAA","icao":"PAEG","name":"Eagle","tier":3}},{"type":"Feature","geometry":{"type":"Point","coordinates":[-55.1895,5.8638]},"properties":{"iata":"EAX","icao":"SMEG","name":"Kwatta","tier":3}},{"type":"Feature","geometry":{"type":"Point","coordinates":[141.6091,-14.8965]},"properties":{"iata":"EDR","icao":"YPMP","name":"Pormpuraaw","tier":3}},{"type":"Feature","geometry":{"type":"Point","coordinates":[-162.044,60.2132]},"properties":{"iata":"EEK","icao":"PAEE","name":"Eek","tier":3}},{"type":"Feature","geometry":{"type":"Point","coordinates":[171.9846,6.0404]},"properties":{"iata":"EJT","name":"Enejit Island","tier":3}},{"type":"Feature","geometry":{"type":"Point","coordinates":[142.083,49.1903]},"properties":{"iata":"EKS","icao":"UHSK","name":"Shakhtyorsk","tier":3}},{"type":"Feature","geometry":{"type":"Point","coordinates":[-162.272,64.6147]},"properties":{"iata":"ELI","icao":"PFEL","name":"Elim","tier":3}},{"type":"Feature","geometry":{"type":"Point","coordinates":[7.2275,53.3911]},"properties":{"iata":"EME","icao":"EDWE","name":"Emden","tier":3}},{"type":"Feature","geometry":{"type":"Point","coordinates":[121.661,-8.8491]},"properties":{"iata":"ENE","icao":"WATE","name":"Ende","tier":3}},{"type":"Feature","geometry":{"type":"Point","coordinates":[119.4161,11.2024]},"properties":{"iata":"ENI","icao":"RPEN","name":"El Nido","tier":3}},{"type":"Feature","geometry":{"type":"Point","coordinates":[162.328,11.3407]},"properties":{"iata":"ENT","icao":"PKMA","name":"Eniwetok Atoll","tier":3}},{"type":"Feature","geometry":{"type":"Point","coordinates":[-174.958,-21.3783]},"properties":{"iata":"EUA","icao":"NFTE","name":"Eua Island","tier":3}},{"type":"Feature","geometry":{"type":"Point","coordinates":[14.4229,62.0478]},"properties":{"iata":"EVG","icao":"ESND","name":"Sveg","tier":3}},{"type":"Feature","geometry":{"type":"Point","coordinates":[70.5201,37.1221]},"properties":{"iata":"FBD","icao":"OAFZ","name":"Fayzabad","tier":3}},{"type":"Feature","geometry":{"type":"Point","coordinates":[-53.0638,-26.0594]},"properties":{"iata":"FBE","icao":"SSFB","name":"Francisco Beltrão","tier":3}},{"type":"Feature","geometry":{"type":"Point","coordinates":[5.7569,61.3911]},"properties":{"iata":"FDE","icao":"ENBL","name":"Førde","tier":3}},{"type":"Feature","geometry":{"type":"Point","coordinates":[-140.1642,-15.9923]},"properties":{"iata":"FHZ","icao":"NTKH","name":"Fakahina","tier":3}},{"type":"Feature","geometry":{"type":"Point","coordinates":[-1.6285,59.5347]},"properties":{"iata":"FIE","icao":"EGEF","name":"Fair Isle","tier":3}},{"type":"Feature","geometry":{"type":"Point","coordinates":[147.993,-40.0917]},"properties":{"iata":"FLS","icao":"YFLI","name":"Whitemark","tier":3}},{"type":"Feature","geometry":{"type":"Point","coordinates":[73.1968,0.1926]},"properties":{"iata":"FMT","icao":"VRQF","name":"Faresmaathodaa","tier":3}},{"type":"Feature","geometry":{"type":"Point","coordinates":[73.2875,6.1624]},"properties":{"iata":"FND","icao":"VRCF","name":"Funadhoo","tier":3}},{"type":"Feature","geometry":{"type":"Point","coordinates":[-2.0534,60.1219]},"properties":{"iata":"FOA","name":"Foula","tier":3}},{"type":"Feature","geometry":{"type":"Point","coordinates":[159.577,-8.1075]},"properties":{"iata":"FRE","icao":"AGGF","name":"Fera Island","tier":3}},{"type":"Feature","geometry":{"type":"Point","coordinates":[97.9679,2.2696]},"properties":{"iata":"FSH","icao":"WIMI","name":"Singkil","tier":3}},{"type":"Feature","geometry":{"type":"Point","coordinates":[170.232,-19.5164]},"properties":{"iata":"FTA","icao":"NVVF","name":"Futuna Island","tier":3}},{"type":"Feature","geometry":{"type":"Point","coordinates":[-169.4238,-14.2161]},"properties":{"iata":"FTI","icao":"NSFQ","name":"Fitiuta Village","tier":3}},{"type":"Feature","geometry":{"type":"Point","coordinates":[-178.0665,-14.3116]},"properties":{"iata":"FUT","icao":"NLWF","name":"Futuna Island","tier":3}},{"type":"Feature","geometry":{"type":"Point","coordinates":[10.0472,-2.7853]},"properties":{"iata":"GAX","icao":"FOGX","name":"Gamba","tier":3}},{"type":"Feature","geometry":{"type":"Point","coordinates":[76.9652,17.3082]},"properties":{"iata":"GBI","icao":"VOGB","name":"Kalaburagi","tier":3}},{"type":"Feature","geometry":{"type":"Point","coordinates":[175.472,-36.2414]},"properties":{"iata":"GBZ","icao":"NZGB","name":"Claris","tier":3}},{"type":"Feature","geometry":{"type":"Point","coordinates":[-52.5782,-1.4795]},"properties":{"iata":"GGF","icao":"SNYA","name":"Almeirim","tier":3}},{"type":"Feature","geometry":{"type":"Point","coordinates":[-54.1917,-24.0811]},"properties":{"iata":"GGJ","icao":"SSGY","name":"Guaíra","tier":3}},{"type":"Feature","geometry":{"type":"Point","coordinates":[48.5681,8.4585]},"properties":{"iata":"GGR","icao":"HCGR","name":"Garowe","tier":3}},{"type":"Feature","geometry":{"type":"Point","coordinates":[-70.15,-48.7831]},"properties":{"iata":"GGS","icao":"SAWR","name":"Gobernador Gregores","tier":3}},{"type":"Feature","geometry":{"type":"Point","coordinates":[142.218,-9.2328]},"properties":{"iata":"GIC","icao":"YBOI","name":"Boigu Island","tier":3}},{"type":"Feature","geometry":{"type":"Point","coordinates":[73.4336,0.7324]},"properties":{"iata":"GKK","icao":"VRMO","name":"Huvadhu Atoll","tier":3}},{"type":"Feature","geometry":{"type":"Point","coordinates":[47.4547,6.7808]},"properties":{"iata":"GLK","icao":"HCMR","name":"Galcaio","tier":3}},{"type":"Feature","geometry":{"type":"Point","coordinates":[-163.007,64.5505]},"properties":{"iata":"GLV","icao":"PAGL","name":"Golovin","tier":3}},{"type":"Feature","geometry":{"type":"Point","coordinates":[150.331,-6.2711]},"properties":{"iata":"GMI","icao":"AYGT","name":"Gasmata Island","tier":3}},{"type":"Feature","geometry":{"type":"Point","coordinates":[-17.2146,28.0296]},"properties":{"iata":"GMZ","icao":"GCGM","name":"Alajero, La Gomera Island","tier":3}},{"type":"Feature","geometry":{"type":"Point","coordinates":[-161.5752,59.1176]},"properties":{"iata":"GNU","name":"Goodnews","tier":3}},{"type":"Feature","geometry":{"type":"Point","coordinates":[100.4329,64.3335]},"properties":{"iata":"GOY","icao":"UNIT","name":"Tura","tier":3}},{"type":"Feature","geometry":{"type":"Point","coordinates":[158.2028,-8.7384]},"properties":{"iata":"GTA","icao":"AGOK","name":"Gatokae","tier":3}},{"type":"Feature","geometry":{"type":"Point","coordinates":[122.85,0.6371]},"properties":{"iata":"GTO","icao":"WAMG","name":"Gorontalo","tier":3}},{"type":"Feature","geometry":{"type":"Point","coordinates":[-114.024,28.0261]},"properties":{"iata":"GUB","icao":"MMGR","name":"San Quintín","tier":3}},{"type":"Feature","geometry":{"type":"Point","coordinates":[-40.4919,-20.6465]},"properties":{"iata":"GUZ","icao":"SNGA","name":"Guarapari","tier":3}},{"type":"Feature","geometry":{"type":"Point","coordinates":[123.8151,-28.0345]},"properties":{"iata":"GYZ","icao":"YGRM","name":"Cosmo Newbery","tier":3}},{"type":"Feature","geometry":{"type":"Point","coordinates":[99.5542,31.7575]},"properties":{"iata":"GZG","icao":"ZUGZ","name":"Garzê (Garzê)","tier":3}},{"type":"Feature","geometry":{"type":"Point","coordinates":[156.864,-8.0978]},"properties":{"iata":"GZO","icao":"AGGN","name":"Gizo","tier":3}},{"type":"Feature","geometry":{"type":"Point","coordinates":[22.1397,70.4867]},"properties":{"iata":"HAA","icao":"ENHK","name":"Hasvik","tier":3}},{"type":"Feature","geometry":{"type":"Point","coordinates":[16.4585,-19.0285]},"properties":{"iata":"HAL","icao":"FYHI","name":"Halali","tier":3}},{"type":"Feature","geometry":{"type":"Point","coordinates":[100.6451,38.0081]},"properties":{"iata":"HBQ","icao":"ZLHB","name":"Haibei (Qilian)","tier":3}},{"type":"Feature","geometry":{"type":"Point","coordinates":[68.3661,25.3181]},"properties":{"iata":"HDD","icao":"OPKD","name":"Hyderabad","tier":3}},{"type":"Feature","geometry":{"type":"Point","coordinates":[73.0678,6.6308]},"properties":{"iata":"HDK","icao":"VRBK","name":"Kulhudhuffushi","tier":3}},{"type":"Feature","geometry":{"type":"Point","coordinates":[77.3589,28.7077]},"properties":{"iata":"HDO","icao":"VIDX","name":"Ghaziabad","tier":3}},{"type":"Feature","geometry":{"type":"Point","coordinates":[8.9017,54.1533]},"properties":{"iata":"HEI","icao":"EDXB","name":"Oesterdeichstrich","tier":3}},{"type":"Feature","geometry":{"type":"Point","coordinates":[13.5789,60.0201]},"properties":{"iata":"HFS","icao":"ESOH","name":"Råda","tier":3}},{"type":"Feature","geometry":{"type":"Point","coordinates":[144.225,-20.815]},"properties":{"iata":"HGD","icao":"YHUG","name":"Hughenden","tier":3}},{"type":"Feature","geometry":{"type":"Point","coordinates":[7.9158,54.1853]},"properties":{"iata":"HGL","icao":"EDXH","name":"Helgoland","tier":3}},{"type":"Feature","geometry":{"type":"Point","coordinates":[-142.612,-17.5483]},"properties":{"iata":"HHZ","icao":"NTGH","name":"Hikueru","tier":3}},{"type":"Feature","geometry":{"type":"Point","coordinates":[44.7637,6.0775]},"properties":{"iata":"HIL","icao":"HASL","name":"Shilavo","tier":3}},{"type":"Feature","geometry":{"type":"Point","coordinates":[83.9955,42.9764]},"properties":{"iata":"HJB","icao":"ZWHJ","name":"Hejing","tier":3}},{"type":"Feature","geometry":{"type":"Point","coordinates":[122.0083,46.1953]},"properties":{"iata":"HLH","icao":"ZBUL","name":"Ulanhot","tier":3}},{"type":"Feature","geometry":{"type":"Point","coordinates":[114.9288,-1.0258]},"properties":{"iata":"HMS","icao":"WAGB","name":"Muara Teweh","tier":3}},{"type":"Feature","geometry":{"type":"Point","coordinates":[15.0828,65.8061]},"properties":{"iata":"HMV","icao":"ESUT","name":"Hemavan","tier":3}},{"type":"Feature","geometry":{"type":"Point","coordinates":[-135.4101,58.0961]},"properties":{"iata":"HNH","icao":"PAOH","name":"Hoonah","tier":3}},{"type":"Feature","geometry":{"type":"Point","coordinates":[112.618,26.7221]},"properties":{"iata":"HNY","icao":"ZGHY","name":"Hengyang","tier":3}},{"type":"Feature","geometry":{"type":"Point","coordinates":[130.638,-18.3367]},"properties":{"iata":"HOK","icao":"YHOO","name":"Lajamanu","tier":3}},{"type":"Feature","geometry":{"type":"Point","coordinates":[-166.147,61.5239]},"properties":{"iata":"HPB","icao":"PAHP","name":"Hooper Bay","tier":3}},{"type":"Feature","geometry":{"type":"Point","coordinates":[114.4619,35.8708]},"properties":{"iata":"HQQ","icao":"ZHQQ","name":"Anyang","tier":3}},{"type":"Feature","geometry":{"type":"Point","coordinates":[72.8963,6.9697]},"properties":{"iata":"HRF","icao":"VRAH","name":"Hoarafushi Airport","tier":3}},{"type":"Feature","geometry":{"type":"Point","coordinates":[78.1454,27.8614]},"properties":{"iata":"HRH","icao":"VIAH","name":"Aligarh","tier":3}},{"type":"Feature","geometry":{"type":"Point","coordinates":[-91.5056,15.3167]},"properties":{"iata":"HUG","icao":"MGHT","name":"Huehuetenango","tier":3}},{"type":"Feature","geometry":{"type":"Point","coordinates":[-154.263,66.0411]},"properties":{"iata":"HUS","icao":"PAHU","name":"Hughes","tier":3}},{"type":"Feature","geometry":{"type":"Point","coordinates":[126.014,9.8591]},"properties":{"iata":"IAO","icao":"RPNS","name":"Del Carmen","tier":3}},{"type":"Feature","geometry":{"type":"Point","coordinates":[-90.953,-0.9426]},"properties":{"iata":"IBB","icao":"SEII","name":"Puerto Villamil","tier":3}},{"type":"Feature","geometry":{"type":"Point","coordinates":[-63.9816,10.7944]},"properties":{"iata":"ICC","icao":"SVIE","name":"Isla de Coche","tier":3}},{"type":"Feature","geometry":{"type":"Point","coordinates":[-179.342,-17.7433]},"properties":{"iata":"ICI","icao":"NFCI","name":"Cicia","tier":3}},{"type":"Feature","geometry":{"type":"Point","coordinates":[-155.902,59.324]},"properties":{"iata":"IGG","icao":"PAIG","name":"Igiugig","tier":3}},{"type":"Feature","geometry":{"type":"Point","coordinates":[-9.5681,53.093]},"properties":{"iata":"IIA","icao":"EIMN","name":"Inis Meáin","tier":3}},{"type":"Feature","geometry":{"type":"Point","coordinates":[-168.8495,52.9416]},"properties":{"iata":"IKO","icao":"PAKO","name":"Nikolski","tier":3}},{"type":"Feature","geometry":{"type":"Point","coordinates":[-95.6188,56.0516]},"properties":{"iata":"ILF","icao":"CZBD","name":"Ilford","tier":3}},{"type":"Feature","geometry":{"type":"Point","coordinates":[81.8189,29.9711]},"properties":{"iata":"IMK","icao":"VNST","name":"Simikot","tier":3}},{"type":"Feature","geometry":{"type":"Point","coordinates":[-88.4416,16.5346]},"properties":{"iata":"INB","icao":"MZSV","name":"Independence","tier":3}},{"type":"Feature","geometry":{"type":"Point","coordinates":[18.2858,-1.9472]},"properties":{"iata":"INO","icao":"FZBA","name":"Inongo","tier":3}},{"type":"Feature","geometry":{"type":"Point","coordinates":[-9.5109,53.0647]},"properties":{"iata":"INQ","icao":"EIIR","name":"Inis Oírr","tier":3}},{"type":"Feature","geometry":{"type":"Point","coordinates":[-9.6536,53.1067]},"properties":{"iata":"IOR","icao":"EIIM","name":"Inis Mór","tier":3}},{"type":"Feature","geometry":{"type":"Point","coordinates":[161.898,-10.4497]},"properties":{"iata":"IRA","icao":"AGGK","name":"Kirakira","tier":3}},{"type":"Feature","geometry":{"type":"Point","coordinates":[-144.0762,65.8277]},"properties":{"iata":"IRC","icao":"PACR","name":"Circle","tier":3}},{"type":"Feature","geometry":{"type":"Point","coordinates":[-64.9926,-0.3786]},"properties":{"iata":"IRZ","icao":"SWTP","name":"Santa Isabel do Rio Negro","tier":3}},{"type":"Feature","geometry":{"type":"Point","coordinates":[-6.2919,49.9134]},"properties":{"iata":"ISC","icao":"EGHE","name":"St. Mary's, Isles of Scilly","tier":3}},{"type":"Feature","geometry":{"type":"Point","coordinates":[147.9555,45.2564]},"properties":{"iata":"ITU","icao":"UHSI","name":"Kurilsk","tier":3}},{"type":"Feature","geometry":{"type":"Point","coordinates":[-90.1316,46.5253]},"properties":{"iata":"IWD","icao":"KIWD","name":"Ironwood","tier":3}},{"type":"Feature","geometry":{"type":"Point","coordinates":[113.6935,-8.2425]},"properties":{"iata":"JBB","icao":"WARE","name":"Jember","tier":3}},{"type":"Feature","geometry":{"type":"Point","coordinates":[89.5501,44.1661]},"properties":{"iata":"JBK","icao":"ZWQT","name":"Qitai","tier":3}},{"type":"Feature","geometry":{"type":"Point","coordinates":[141.723,-20.6683]},"properties":{"iata":"JCK","icao":"YJLC","name":"Julia Creek Airport","tier":3}},{"type":"Feature","geometry":{"type":"Point","coordinates":[-39.2691,-7.2193]},"properties":{"iata":"JDO","icao":"SBJU","name":"Juazeiro do Norte","tier":3}},{"type":"Feature","geometry":{"type":"Point","coordinates":[168.962,7.5654]},"properties":{"iata":"JEJ","name":"Ailinglapalap Atoll","tier":3}},{"type":"Feature","geometry":{"type":"Point","coordinates":[-49.6709,62.0147]},"properties":{"iata":"JFR","icao":"BGPT","name":"Paamiut","tier":3}},{"type":"Feature","geometry":{"type":"Point","coordinates":[82.0368,19.0743]},"properties":{"iata":"JGB","icao":"VEJR","name":"Jagdalpur","tier":3}},{"type":"Feature","geometry":{"type":"Point","coordinates":[26.3471,37.6827]},"properties":{"iata":"JIK","icao":"LGIK","name":"Ikaria Island","tier":3}},{"type":"Feature","geometry":{"type":"Point","coordinates":[127.9097,-8.1407]},"properties":{"iata":"JIO","icao":"WAPM","name":"Tiakur","tier":3}},{"type":"Feature","geometry":{"type":"Point","coordinates":[115.8011,29.4769]},"properties":{"iata":"JIU","icao":"ZSJJ","name":"Jiujiang","tier":3}},{"type":"Feature","geometry":{"type":"Point","coordinates":[-49.0596,-28.6753]},"properties":{"iata":"JJG","icao":"SBJA","name":"Jaguaruna","tier":3}},{"type":"Feature","geometry":{"type":"Point","coordinates":[38.1951,0.1651]},"properties":{"iata":"JJM","icao":"HKMK","name":"Meru-Kinna","tier":3}},{"type":"Feature","geometry":{"type":"Point","coordinates":[26.9406,36.9633]},"properties":{"iata":"JKL","icao":"LGKY","name":"Kalymnos Island","tier":3}},{"type":"Feature","geometry":{"type":"Point","coordinates":[75.6275,20.9627]},"properties":{"iata":"JLG","icao":"VAJL","name":"Jalgaon","tier":3}},{"type":"Feature","geometry":{"type":"Point","coordinates":[83.723,28.7804]},"properties":{"iata":"JMO","icao":"VNJS","name":"Jomsom","tier":3}},{"type":"Feature","geometry":{"type":"Point","coordinates":[25.3681,37.0811]},"properties":{"iata":"JNX","icao":"LGNX","name":"Naxos","tier":3}},{"type":"Feature","geometry":{"type":"Point","coordinates":[-47.3165,-3.0198]},"properties":{"iata":"JPE","icao":"SNEB","name":"Paragominas","tier":3}},{"type":"Feature","geometry":{"type":"Point","coordinates":[-61.8467,-10.8707]},"properties":{"iata":"JPR","icao":"SBJI","name":"Ji-Paraná","tier":3}},{"type":"Feature","geometry":{"type":"Point","coordinates":[-52.6962,70.7342]},"properties":{"iata":"JQA","icao":"BGUQ","name":"Uummannaq","tier":3}},{"type":"Feature","geometry":{"type":"Point","coordinates":[84.0504,21.9135]},"properties":{"iata":"JRG","icao":"VEJH","name":"Jharsuguda Airport","tier":3}},{"type":"Feature","geometry":{"type":"Point","coordinates":[57.8017,25.6548]},"properties":{"iata":"JSK","icao":"OIZJ","name":"Bandar-e-Jask","tier":3}},{"type":"Feature","geometry":{"type":"Point","coordinates":[-52.9394,65.4125]},"properties":{"iata":"JSU","icao":"BGMQ","name":"Maniitsoq","tier":3}},{"type":"Feature","geometry":{"type":"Point","coordinates":[24.9509,37.4228]},"properties":{"iata":"JSY","icao":"LGSO","name":"Syros Island","tier":3}},{"type":"Feature","geometry":{"type":"Point","coordinates":[26.3758,36.5799]},"properties":{"iata":"JTY","icao":"LGPL","name":"Astypalaia Island","tier":3}},{"type":"Feature","geometry":{"type":"Point","coordinates":[117.6856,30.7403]},"properties":{"iata":"JUH","icao":"ZSJH","name":"Chizhou","tier":3}},{"type":"Feature","geometry":{"type":"Point","coordinates":[7.0564,53.6814]},"properties":{"iata":"JUI","icao":"EDWJ","name":"Juist","tier":3}},{"type":"Feature","geometry":{"type":"Point","coordinates":[82.1933,29.2742]},"properties":{"iata":"JUM","icao":"VNJL","name":"Jumla","tier":3}},{"type":"Feature","geometry":{"type":"Point","coordinates":[-56.1306,72.7902]},"properties":{"iata":"JUV","icao":"BGUK","name":"Upernavik","tier":3}},{"type":"Feature","geometry":{"type":"Point","coordinates":[31.123,-10.2102]},"properties":{"iata":"KAA","icao":"FLKS","name":"Kasama","tier":3}},{"type":"Feature","geometry":{"type":"Point","coordinates":[-158.742,64.3186]},"properties":{"iata":"KAL","icao":"PAKV","name":"Kaltag","tier":3}},{"type":"Feature","geometry":{"type":"Point","coordinates":[114.2592,-27.6928]},"properties":{"iata":"KAX","icao":"YKBR","name":"Kalbarri","tier":3}},{"type":"Feature","geometry":{"type":"Point","coordinates":[-145.824,66.274]},"properties":{"iata":"KBC","name":"Birch Creek","tier":3}},{"type":"Feature","geometry":{"type":"Point","coordinates":[116.1638,-3.2948]},"properties":{"iata":"KBU","icao":"WAOK","name":"Stagen","tier":3}},{"type":"Feature","geometry":{"type":"Point","coordinates":[82.8729,41.6779]},"properties":{"iata":"KCA","icao":"ZWKC","name":"Kuqa","tier":3}},{"type":"Feature","geometry":{"type":"Point","coordinates":[-158.373,56.3115]},"properties":{"iata":"KCG","icao":"PAJC","name":"Chignik","tier":3}},{"type":"Feature","geometry":{"type":"Point","coordinates":[-158.775,56.255]},"properties":{"iata":"KCQ","name":"Chignik Lake","tier":3}},{"type":"Feature","geometry":{"type":"Point","coordinates":[66.6473,27.7906]},"properties":{"iata":"KDD","icao":"OPKH","name":"Khuzdar","tier":3}},{"type":"Feature","geometry":{"type":"Point","coordinates":[122.418,-4.0816]},"properties":{"iata":"KDI","icao":"WAWW","name":"Kendari","tier":3}},{"type":"Feature","geometry":{"type":"Point","coordinates":[178.157,-19.0581]},"properties":{"iata":"KDV","icao":"NFKD","name":"Vunisea","tier":3}},{"type":"Feature","geometry":{"type":"Point","coordinates":[-151.925,59.3521]},"properties":{"iata":"KEB","name":"Nanwalek","tier":3}},{"type":"Feature","geometry":{"type":"Point","coordinates":[-92.8364,52.9911]},"properties":{"iata":"KEW","name":"Keewaywin","tier":3}},{"type":"Feature","geometry":{"type":"Point","coordinates":[130.808,-17.4319]},"properties":{"iata":"KFG","icao":"YKKG","name":"Kalkgurung Airport","tier":3}},{"type":"Feature","geometry":{"type":"Point","coordinates":[-163.4072,54.8475]},"properties":{"iata":"KFP","icao":"PAKF","name":"False Pass","tier":3}},{"type":"Feature","geometry":{"type":"Point","coordinates":[157.585,-7.3305]},"properties":{"iata":"KGE","icao":"AGKG","name":"Kagau Island","tier":3}},{"type":"Feature","geometry":{"type":"Point","coordinates":[-157.259,59.7266]},"properties":{"iata":"KGK","icao":"PAJZ","name":"Koliganek","tier":3}},{"type":"Feature","geometry":{"type":"Point","coordinates":[-160.0663,62.8952]},"properties":{"iata":"KGX","icao":"PAGX","name":"Grayling","tier":3}},{"type":"Feature","geometry":{"type":"Point","coordinates":[95.6744,25.9883]},"properties":{"iata":"KHM","icao":"VYKI","name":"Kanti","tier":3}},{"type":"Feature","geometry":{"type":"Point","coordinates":[-145.1284,-15.7806]},"properties":{"iata":"KHZ","icao":"NTKA","name":"Kauehi","tier":3}},{"type":"Feature","geometry":{"type":"Point","coordinates":[155.7282,-6.3057]},"properties":{"iata":"KIE","icao":"AYIQ","name":"Kieta","tier":3}},{"type":"Feature","geometry":{"type":"Point","coordinates":[-89.8553,53.0125]},"properties":{"iata":"KIF","name":"Kingfisher Lake","tier":3}},{"type":"Feature","geometry":{"type":"Point","coordinates":[169.1246,5.6439]},"properties":{"iata":"KIO","name":"Kili Island","tier":3}},{"type":"Feature","geometry":{"type":"Point","coordinates":[23.0167,36.274]},"properties":{"iata":"KIT","icao":"LGKC","name":"Kithira Island","tier":3}},{"type":"Feature","geometry":{"type":"Point","coordinates":[-161.154,64.9395]},"properties":{"iata":"KKA","icao":"PAKK","name":"Koyuk","tier":3}},{"type":"Feature","geometry":{"type":"Point","coordinates":[-162.881,59.9608]},"properties":{"iata":"KKH","icao":"PADY","name":"Kongiganak","tier":3}},{"type":"Feature","geometry":{"type":"Point","coordinates":[-161.4933,60.9138]},"properties":{"iata":"KKI","icao":"PFZK","name":"Akiachak","tier":3}},{"type":"Feature","geometry":{"type":"Point","coordinates":[-160.341,61.5363]},"properties":{"iata":"KLG","icao":"PALG","name":"Kalskag","tier":3}},{"type":"Feature","geometry":{"type":"Point","coordinates":[-153.9765,57.5352]},"properties":{"iata":"KLN","icao":"PALB","name":"Larsen Bay","tier":3}},{"type":"Feature","geometry":{"type":"Point","coordinates":[112.5365,-3.3761]},"properties":{"iata":"KLP","icao":"WAGF","name":"Seruyan","tier":3}},{"type":"Feature","geometry":{"type":"Point","coordinates":[24.9914,-8.7289]},"properties":{"iata":"KMN","icao":"FZSB","name":"Kamina","tier":3}},{"type":"Feature","geometry":{"type":"Point","coordinates":[-158.9019,58.9321]},"properties":{"iata":"KMO","icao":"PAMB","name":"Manokotak","tier":3}},{"type":"Feature","geometry":{"type":"Point","coordinates":[-154.8022,59.4332]},"properties":{"iata":"KNK","icao":"PFKK","name":"Kokhanok","tier":3}},{"type":"Feature","geometry":{"type":"Point","coordinates":[-157.3738,59.4518]},"properties":{"iata":"KNW","icao":"PANW","name":"New Stuyahok","tier":3}},{"type":"Feature","geometry":{"type":"Point","coordinates":[164.2556,-20.5463]},"properties":{"iata":"KOC","icao":"NWWK","name":"Koumac","tier":3}},{"type":"Feature","geometry":{"type":"Point","coordinates":[-163.533,63.0306]},"properties":{"iata":"KOT","icao":"PFKO","name":"Kotlik","tier":3}},{"type":"Feature","geometry":{"type":"Point","coordinates":[114.7789,25.8533]},"properties":{"iata":"KOW","icao":"ZSGZ","name":"Ganzhou","tier":3}},{"type":"Feature","geometry":{"type":"Point","coordinates":[-152.4643,57.9421]},"properties":{"iata":"KOZ","name":"Ouzinkie","tier":3}},{"type":"Feature","geometry":{"type":"Point","coordinates":[-164.0282,59.9318]},"properties":{"iata":"KPN","icao":"PAKI","name":"Kipnuk","tier":3}},{"type":"Feature","geometry":{"type":"Point","coordinates":[-159.1609,55.9065]},"properties":{"iata":"KPV","icao":"PAPE","name":"Perryville","tier":3}},{"type":"Feature","geometry":{"type":"Point","coordinates":[-165.6043,54.1446]},"properties":{"iata":"KQA","icao":"PAUT","name":"Akutan","tier":3}},{"type":"Feature","geometry":{"type":"Point","coordinates":[116.6872,-29.2172]},"properties":{"iata":"KQR","icao":"YKAR","name":"Karara","tier":3}},{"type":"Feature","geometry":{"type":"Point","coordinates":[140.83,-17.4567]},"properties":{"iata":"KRB","icao":"YKMB","name":"Karumba Airport","tier":3}},{"type":"Feature","geometry":{"type":"Point","coordinates":[101.4702,-2.094]},"properties":{"iata":"KRC","icao":"WIJI","name":"Sungai Penuh","tier":3}},{"type":"Feature","geometry":{"type":"Point","coordinates":[30.0946,-2.5448]},"properties":{"iata":"KRE","icao":"HBBO","name":"Kirundo","tier":3}},{"type":"Feature","geometry":{"type":"Point","coordinates":[144.2501,-7.4244]},"properties":{"iata":"KRI","icao":"AYKK","name":"Kikori","tier":3}},{"type":"Feature","geometry":{"type":"Point","coordinates":[84.9527,45.4665]},"properties":{"iata":"KRY","icao":"ZWKM","name":"Karamay","tier":3}},{"type":"Feature","geometry":{"type":"Point","coordinates":[26.91,35.4214]},"properties":{"iata":"KSJ","icao":"LGKS","name":"Kasos Island","tier":3}},{"type":"Feature","geometry":{"type":"Point","coordinates":[-163.302,62.0605]},"properties":{"iata":"KSM","icao":"PASM","name":"St Mary's","tier":3}},{"type":"Feature","geometry":{"type":"Point","coordinates":[21.2822,40.4463]},"properties":{"iata":"KSO","icao":"LGKA","name":"Argos Orestiko","tier":3}},{"type":"Feature","geometry":{"type":"Point","coordinates":[65.7731,38.8022]},"properties":{"iata":"KSQ","icao":"UZSK","name":"Karshi","tier":3}},{"type":"Feature","geometry":{"type":"Point","coordinates":[120.4375,-6.1792]},"properties":{"iata":"KSR","icao":"WAWH","name":"Benteng","tier":3}},{"type":"Feature","geometry":{"type":"Point","coordinates":[-166.4678,65.3318]},"properties":{"iata":"KTS","icao":"PFKT","name":"Brevig Mission","tier":3}},{"type":"Feature","geometry":{"type":"Point","coordinates":[116.8371,6.9241]},"properties":{"iata":"KUD","icao":"WBKT","name":"Kudat","tier":3}},{"type":"Feature","geometry":{"type":"Point","coordinates":[142.2196,-10.2265]},"properties":{"iata":"KUG","icao":"YKUB","name":"Kubin Island","tier":3}},{"type":"Feature","geometry":{"type":"Point","coordinates":[-162.5247,60.8727]},"properties":{"iata":"KUK","icao":"PFKA","name":"Kasigluk","tier":3}},{"type":"Feature","geometry":{"type":"Point","coordinates":[-162.266,55.1163]},"properties":{"iata":"KVC","icao":"PAVC","name":"King Cove","tier":3}},{"type":"Feature","geometry":{"type":"Point","coordinates":[-164.5599,67.7346]},"properties":{"iata":"KVL","icao":"PAVL","name":"Kivalina","tier":3}},{"type":"Feature","geometry":{"type":"Point","coordinates":[170.4176,64.6654]},"properties":{"iata":"KVM","icao":"UHMO","name":"Markovo","tier":3}},{"type":"Feature","geometry":{"type":"Point","coordinates":[110.4784,-5.8009]},"properties":{"iata":"KWB","icao":"WAHU","name":"Karimunjawa","tier":3}},{"type":"Feature","geometry":{"type":"Point","coordinates":[-163.169,59.8765]},"properties":{"iata":"KWK","icao":"PAGG","name":"Kwigillingok","tier":3}},{"type":"Feature","geometry":{"type":"Point","coordinates":[-161.845,59.7551]},"properties":{"iata":"KWN","icao":"PAQH","name":"Quinhagak","tier":3}},{"type":"Feature","geometry":{"type":"Point","coordinates":[-161.444,60.7903]},"properties":{"iata":"KWT","icao":"PFKW","name":"Kwethluk","tier":3}},{"type":"Feature","geometry":{"type":"Point","coordinates":[179.422,-17.3458]},"properties":{"iata":"KXF","icao":"NFNO","name":"Koro Island","tier":3}},{"type":"Feature","geometry":{"type":"Point","coordinates":[29.7197,-1.2837]},"properties":{"iata":"KXO","icao":"HUKI","name":"Kisoro","tier":3}},{"type":"Feature","geometry":{"type":"Point","coordinates":[-154.4538,57.5659]},"properties":{"iata":"KYK","icao":"PAKY","name":"Karluk","tier":3}},{"type":"Feature","geometry":{"type":"Point","coordinates":[-157.727,64.8761]},"properties":{"iata":"KYU","icao":"PFKU","name":"Koyukuk","tier":3}},{"type":"Feature","geometry":{"type":"Point","coordinates":[30.1304,39.1111]},"properties":{"iata":"KZR","icao":"LTBZ","name":"Altıntaş","tier":3}},{"type":"Feature","geometry":{"type":"Point","coordinates":[29.5764,36.1417]},"properties":{"iata":"KZS","icao":"LGKJ","name":"Kastelorizo Island","tier":3}},{"type":"Feature","geometry":{"type":"Point","coordinates":[-135.006,68.2233]},"properties":{"iata":"LAK","icao":"CYKD","name":"Aklavik","tier":3}},{"type":"Feature","geometry":{"type":"Point","coordinates":[119.8883,-8.4807]},"properties":{"iata":"LBJ","icao":"WATO","name":"Labuan Bajo, Manggarai Barat","tier":3}},{"type":"Feature","geometry":{"type":"Point","coordinates":[115.4018,3.2021]},"properties":{"iata":"LBP","name":"Long Banga","tier":3}},{"type":"Feature","geometry":{"type":"Point","coordinates":[-64.7695,-7.279]},"properties":{"iata":"LBR","icao":"SWLB","name":"Lábrea","tier":3}},{"type":"Feature","geometry":{"type":"Point","coordinates":[115.6901,3.9005]},"properties":{"iata":"LBW","icao":"WAQJ","name":"Long Bawan","tier":3}},{"type":"Feature","geometry":{"type":"Point","coordinates":[-72.8011,-1.4564]},"properties":{"iata":"LCR","name":"La Chorrera","tier":3}},{"type":"Feature","geometry":{"type":"Point","coordinates":[45.723,64.896]},"properties":{"iata":"LDG","icao":"ULAL","name":"Leshukonskoye","tier":3}},{"type":"Feature","geometry":{"type":"Point","coordinates":[159.0755,-31.5382]},"properties":{"iata":"LDH","icao":"YLHI","name":"Lord Howe Island","tier":3}},{"type":"Feature","geometry":{"type":"Point","coordinates":[-41.277,-12.4823]},"properties":{"iata":"LEC","icao":"SBLE","name":"Lençóis","tier":3}},{"type":"Feature","geometry":{"type":"Point","coordinates":[135.806,-12.4989]},"properties":{"iata":"LEL","icao":"YLEV","name":"Lake Evella Airport","tier":3}},{"type":"Feature","geometry":{"type":"Point","coordinates":[-5.6706,50.1028]},"properties":{"iata":"LEQ","icao":"EGHC","name":"Land's End, Cornwall","tier":3}},{"type":"Feature","geometry":{"type":"Point","coordinates":[178.759,-17.7111]},"properties":{"iata":"LEV","icao":"NFNB","name":"Bureta","tier":3}},{"type":"Feature","geometry":{"type":"Point","coordinates":[115.154,3.421]},"properties":{"iata":"LGL","icao":"WBGF","name":"Long Datih","tier":3}},{"type":"Feature","geometry":{"type":"Point","coordinates":[92.3481,28.4224]},"properties":{"iata":"LGZ","icao":"ZUSH","name":"Shannan","tier":3}},{"type":"Feature","geometry":{"type":"Point","coordinates":[169.308,9.8232]},"properties":{"iata":"LIK","name":"Likiep Island","tier":3}},{"type":"Feature","geometry":{"type":"Point","coordinates":[123.002,-8.2744]},"properties":{"iata":"LKA","icao":"WATL","name":"Tiwatobi","tier":3}},{"type":"Feature","geometry":{"type":"Point","coordinates":[-178.817,-18.1992]},"properties":{"iata":"LKB","icao":"NFNK","name":"Lakeba Island","tier":3}},{"type":"Feature","geometry":{"type":"Point","coordinates":[96.3277,2.4113]},"properties":{"iata":"LKI","icao":"WIML","name":"Lubang","tier":3}},{"type":"Feature","geometry":{"type":"Point","coordinates":[124.0336,0.8885]},"properties":{"iata":"LKM","icao":"WAMI","name":"Lolak","tier":3}},{"type":"Feature","geometry":{"type":"Point","coordinates":[107.9617,25.4525]},"properties":{"iata":"LLB","icao":"ZULB","name":"Qiannan (Libo)","tier":3}},{"type":"Feature","geometry":{"type":"Point","coordinates":[48.807,38.7579]},"properties":{"iata":"LLK","icao":"UBBL","name":"Lankaran","tier":3}},{"type":"Feature","geometry":{"type":"Point","coordinates":[120.2448,-3.0823]},"properties":{"iata":"LLO","icao":"WAFD","name":"Palopo","tier":3}},{"type":"Feature","geometry":{"type":"Point","coordinates":[-152.302,63.886]},"properties":{"iata":"LMA","icao":"PAMH","name":"Minchumina","tier":3}},{"type":"Feature","geometry":{"type":"Point","coordinates":[-73.7867,2.1757]},"properties":{"iata":"LMC","icao":"SKNA","name":"La Macarena","tier":3}},{"type":"Feature","geometry":{"type":"Point","coordinates":[141.494,-7.0099]},"properties":{"iata":"LMY","icao":"AYLM","name":"Lake Murray","tier":3}},{"type":"Feature","geometry":{"type":"Point","coordinates":[168.159,-16.5842]},"properties":{"iata":"LNB","icao":"NVSM","name":"Lamen Bay","tier":3}},{"type":"Feature","geometry":{"type":"Point","coordinates":[168.172,-15.8656]},"properties":{"iata":"LNE","icao":"NVSO","name":"Lonorore","tier":3}},{"type":"Feature","geometry":{"type":"Point","coordinates":[116.6198,3.5753]},"properties":{"iata":"LNU","icao":"WAQM","name":"Malinau","tier":3}},{"type":"Feature","geometry":{"type":"Point","coordinates":[152.629,-3.0436]},"properties":{"iata":"LNV","icao":"AYKY","name":"Londolovit","tier":3}},{"type":"Feature","geometry":{"type":"Point","coordinates":[167.967,-15.3067]},"properties":{"iata":"LOD","icao":"NVSG","name":"Longana","tier":3}},{"type":"Feature","geometry":{"type":"Point","coordinates":[-79.3719,-3.9956]},"properties":{"iata":"LOH","icao":"SECA","name":"La Toma (Catamayo)","tier":3}},{"type":"Feature","geometry":{"type":"Point","coordinates":[-69.5813,-1.3249]},"properties":{"iata":"LPD","icao":"SKLP","name":"La Pedrera","tier":3}},{"type":"Feature","geometry":{"type":"Point","coordinates":[167.8293,-16.4611]},"properties":{"iata":"LPM","icao":"NVSL","name":"Lamap","tier":3}},{"type":"Feature","geometry":{"type":"Point","coordinates":[-122.938,48.4839]},"properties":{"iata":"LPS","name":"Lopez","tier":3}},{"type":"Feature","geometry":{"type":"Point","coordinates":[114.9699,1.7069]},"properties":{"iata":"LPU","icao":"WAQL","name":"Long Apung-Borneo Island","tier":3}},{"type":"Feature","geometry":{"type":"Point","coordinates":[3.7629,45.0807]},"properties":{"iata":"LPY","icao":"LFHP","name":"Chaspuzac, Haute-Loire","tier":3}},{"type":"Feature","geometry":{"type":"Point","coordinates":[-74.7708,-0.1823]},"properties":{"iata":"LQM","icao":"SKLG","name":"Puerto Leguízamo","tier":3}},{"type":"Feature","geometry":{"type":"Point","coordinates":[26.8003,37.1849]},"properties":{"iata":"LRS","icao":"LGLE","name":"Leros Island","tier":3}},{"type":"Feature","geometry":{"type":"Point","coordinates":[-66.6683,11.9469]},"properties":{"iata":"LRV","icao":"SVRS","name":"Gran Roque Island","tier":3}},{"type":"Feature","geometry":{"type":"Point","coordinates":[151.081,-8.5058]},"properties":{"iata":"LSA","icao":"AYKA","name":"Losuia","tier":3}},{"type":"Feature","geometry":{"type":"Point","coordinates":[96.9503,5.2267]},"properties":{"iata":"LSW","icao":"WIMA","name":"Lhok Seumawe-Sumatra Island","tier":3}},{"type":"Feature","geometry":{"type":"Point","coordinates":[6.482,43.2054]},"properties":{"iata":"LTT","icao":"LFTZ","name":"Saint-Tropez","tier":3}},{"type":"Feature","geometry":{"type":"Point","coordinates":[-156.974,21.211]},"properties":{"iata":"LUP","icao":"PHLU","name":"Kalaupapa","tier":3}},{"type":"Feature","geometry":{"type":"Point","coordinates":[122.4287,-28.6143]},"properties":{"iata":"LVO","icao":"YLTN","name":"Laverton","tier":3}},{"type":"Feature","geometry":{"type":"Point","coordinates":[-1.2436,60.1922]},"properties":{"iata":"LWK","icao":"EGET","name":"Lerwick, Shetland Islands","tier":3}},{"type":"Feature","geometry":{"type":"Point","coordinates":[115.408,4.8492]},"properties":{"iata":"LWY","icao":"WBGW","name":"Lawas","tier":3}},{"type":"Feature","geometry":{"type":"Point","coordinates":[101.4,20.967]},"properties":{"iata":"LXG","icao":"VLLN","name":"Luang Namtha","tier":3}},{"type":"Feature","geometry":{"type":"Point","coordinates":[25.2363,39.9171]},"properties":{"iata":"LXS","icao":"LGLM","name":"Limnos Island","tier":3}},{"type":"Feature","geometry":{"type":"Point","coordinates":[-86.2465,44.2727]},"properties":{"iata":"MBL","icao":"KMBL","name":"Manistee","tier":3}},{"type":"Feature","geometry":{"type":"Point","coordinates":[136.084,-16.4425]},"properties":{"iata":"MCV","icao":"YMHU","name":"McArthur River Mine","tier":3}},{"type":"Feature","geometry":{"type":"Point","coordinates":[39.6685,-7.9175]},"properties":{"iata":"MFA","icao":"HTMA","name":"Kilindoni","tier":3}},{"type":"Feature","geometry":{"type":"Point","coordinates":[73.5089,34.3388]},"properties":{"iata":"MFG","icao":"OPMF","name":"Muzaffarabad","tier":3}},{"type":"Feature","geometry":{"type":"Point","coordinates":[179.951,-18.5667]},"properties":{"iata":"MFJ","icao":"NFMO","name":"Moala","tier":3}},{"type":"Feature","geometry":{"type":"Point","coordinates":[134.894,-12.0944]},"properties":{"iata":"MGT","icao":"YMGB","name":"Milingimbi Island","tier":3}},{"type":"Feature","geometry":{"type":"Point","coordinates":[-73.7157,-42.3404]},"properties":{"iata":"MHC","icao":"SCPQ","name":"Dalcahue","tier":3}},{"type":"Feature","geometry":{"type":"Point","coordinates":[160.8005,-8.325]},"properties":{"iata":"MHM","icao":"AGOB","name":"Manaoba","tier":3}},{"type":"Feature","geometry":{"type":"Point","coordinates":[-160.9994,-10.3809]},"properties":{"iata":"MHX","icao":"NCMH","name":"Manihiki Island","tier":3}},{"type":"Feature","geometry":{"type":"Point","coordinates":[171.7314,6.0848]},"properties":{"iata":"MIJ","name":"Mili Island","tier":3}},{"type":"Feature","geometry":{"type":"Point","coordinates":[152.838,-10.6892]},"properties":{"iata":"MIS","icao":"AYMS","name":"Misima Island","tier":3}},{"type":"Feature","geometry":{"type":"Point","coordinates":[168.1739,8.1634]},"properties":{"iata":"MJE","name":"Majkin","tier":3}},{"type":"Feature","geometry":{"type":"Point","coordinates":[94.7453,58.1809]},"properties":{"iata":"MJY","name":"Motygino","tier":3}},{"type":"Feature","geometry":{"type":"Point","coordinates":[-162.026,61.8643]},"properties":{"iata":"MLL","icao":"PADM","name":"Marshall","tier":3}},{"type":"Feature","geometry":{"type":"Point","coordinates":[24.4769,36.6969]},"properties":{"iata":"MLO","icao":"LGML","name":"Milos Island","tier":3}},{"type":"Feature","geometry":{"type":"Point","coordinates":[-150.6441,64.9919]},"properties":{"iata":"MLY","icao":"PAML","name":"Manley Hot Springs","tier":3}},{"type":"Feature","geometry":{"type":"Point","coordinates":[177.0985,-17.6728]},"properties":{"iata":"MNF","icao":"NFMA","name":"Mana Island","tier":3}},{"type":"Feature","geometry":{"type":"Point","coordinates":[-149.3687,65.148]},"properties":{"iata":"MNT","name":"Minto","tier":3}},{"type":"Feature","geometry":{"type":"Point","coordinates":[97.6607,16.4447]},"properties":{"iata":"MNU","icao":"VYMM","name":"Mawlamyine","tier":3}},{"type":"Feature","geometry":{"type":"Point","coordinates":[155.565,-7.4169]},"properties":{"iata":"MNY","icao":"AGGO","name":"Stirling Island","tier":3}},{"type":"Feature","geometry":{"type":"Point","coordinates":[122.2381,-8.6395]},"properties":{"iata":"MOF","icao":"WATC","name":"Waioti","tier":3}},{"type":"Feature","geometry":{"type":"Point","coordinates":[121.6629,-2.2011]},"properties":{"iata":"MOH","icao":"WAFO","name":"Morowali","tier":3}},{"type":"Feature","geometry":{"type":"Point","coordinates":[-157.703,-19.8425]},"properties":{"iata":"MOI","icao":"NCMR","name":"Mitiaro Island","tier":3}},{"type":"Feature","geometry":{"type":"Point","coordinates":[-54.4003,5.6076]},"properties":{"iata":"MOJ","icao":"SMMO","name":"Moengo","tier":3}},{"type":"Feature","geometry":{"type":"Point","coordinates":[-163.682,62.0954]},"properties":{"iata":"MOU","icao":"PAMO","name":"Mountain Village","tier":3}},{"type":"Feature","geometry":{"type":"Point","coordinates":[101.0877,-2.5411]},"properties":{"iata":"MPC","icao":"WIPU","name":"Muko Muko","tier":3}},{"type":"Feature","geometry":{"type":"Point","coordinates":[-56.3803,47.0955]},"properties":{"iata":"MQC","icao":"LFVM","name":"Miquelon","tier":3}},{"type":"Feature","geometry":{"type":"Point","coordinates":[15.061,32.325]},"properties":{"iata":"MRA","icao":"HLMS","name":"Misrata","tier":3}},{"type":"Feature","geometry":{"type":"Point","coordinates":[-91.7628,53.4414]},"properties":{"iata":"MSA","icao":"CZMD","name":"Muskrat Dam","tier":3}},{"type":"Feature","geometry":{"type":"Point","coordinates":[35.5547,6.9571]},"properties":{"iata":"MTF","icao":"HAMT","name":"Mizan Teferi","tier":3}},{"type":"Feature","geometry":{"type":"Point","coordinates":[-71.9208,41.0765]},"properties":{"iata":"MTP","icao":"KMTP","name":"Montauk","tier":3}},{"type":"Feature","geometry":{"type":"Point","coordinates":[-157.345,-20.1361]},"properties":{"iata":"MUK","icao":"NCMK","name":"Mauke Island","tier":3}},{"type":"Feature","geometry":{"type":"Point","coordinates":[33.8021,-1.503]},"properties":{"iata":"MUZ","icao":"HTMU","name":"Musoma","tier":3}},{"type":"Feature","geometry":{"type":"Point","coordinates":[-70.6143,41.3931]},"properties":{"iata":"MVY","icao":"KMVY","name":"Martha's Vineyard","tier":3}},{"type":"Feature","geometry":{"type":"Point","coordinates":[94.9414,20.1656]},"properties":{"iata":"MWQ","icao":"VYMW","name":"Magway","tier":3}},{"type":"Feature","geometry":{"type":"Point","coordinates":[143.238,-6.3633]},"properties":{"iata":"MXH","icao":"AYMR","name":"Moro","tier":3}},{"type":"Feature","geometry":{"type":"Point","coordinates":[106.269,45.7381]},"properties":{"iata":"MXW","icao":"ZMMG","name":"Mandalgobi","tier":3}},{"type":"Feature","geometry":{"type":"Point","coordinates":[116.0979,24.2634]},"properties":{"iata":"MXZ","icao":"ZGMX","name":"Meizhou (Meixian)","tier":3}},{"type":"Feature","geometry":{"type":"Point","coordinates":[144.0546,-9.9151]},"properties":{"iata":"MYI","icao":"YMAE","name":"Murray Island","tier":3}},{"type":"Feature","geometry":{"type":"Point","coordinates":[-142.687,61.3357]},"properties":{"iata":"MYK","name":"May Creek","tier":3}},{"type":"Feature","geometry":{"type":"Point","coordinates":[35.522,40.8294]},"properties":{"iata":"MZH","icao":"LTAP","name":"Amasya","tier":3}},{"type":"Feature","geometry":{"type":"Point","coordinates":[106.1642,30.7981]},"properties":{"iata":"NAO","icao":"ZUNC","name":"Nanchong (Gaoping)","tier":3}},{"type":"Feature","geometry":{"type":"Point","coordinates":[-141.2661,-14.1774]},"properties":{"iata":"NAU","icao":"NTGN","name":"Napuka Island","tier":3}},{"type":"Feature","geometry":{"type":"Point","coordinates":[5.6242,-1.4086]},"properties":{"iata":"NBN","icao":"FGAN","name":"San Antonio de Palé","tier":3}},{"type":"Feature","geometry":{"type":"Point","coordinates":[-147.9947,60.0776]},"properties":{"iata":"NCN","icao":"PFCB","name":"Chenega","tier":3}},{"type":"Feature","geometry":{"type":"Point","coordinates":[-2.5767,59.2503]},"properties":{"iata":"NDY","icao":"EGES","name":"Sanday","tier":3}},{"type":"Feature","geometry":{"type":"Point","coordinates":[179.34,-18.1156]},"properties":{"iata":"NGI","icao":"NFNG","name":"Ngau","tier":3}},{"type":"Feature","geometry":{"type":"Point","coordinates":[143.1418,51.784]},"properties":{"iata":"NGK","name":"Nogliki","tier":3}},{"type":"Feature","geometry":{"type":"Point","coordinates":[-154.3604,63.0179]},"properties":{"iata":"NIB","icao":"PAFS","name":"Nikolai","tier":3}},{"type":"Feature","geometry":{"type":"Point","coordinates":[-146.3688,-16.1193]},"properties":{"iata":"NIU","icao":"NTKN","name":"Naiu Atoll","tier":3}},{"type":"Feature","geometry":{"type":"Point","coordinates":[143.7803,-9.5792]},"properties":{"iata":"NLF","icao":"YDNI","name":"Darnley Island","tier":3}},{"type":"Feature","geometry":{"type":"Point","coordinates":[-161.16,56.0075]},"properties":{"iata":"NLG","icao":"PAOU","name":"Nelson Lagoon","tier":3}},{"type":"Feature","geometry":{"type":"Point","coordinates":[-164.7041,60.4691]},"properties":{"iata":"NME","icao":"PAGT","name":"Nightmute","tier":3}},{"type":"Feature","geometry":{"type":"Point","coordinates":[162.4541,-10.848]},"properties":{"iata":"NNB","icao":"AGGT","name":"Santa Ana Island","tier":3}},{"type":"Feature","geometry":{"type":"Point","coordinates":[-9.4678,53.2303]},"properties":{"iata":"NNR","icao":"EICA","name":"Inverin","tier":3}},{"type":"Feature","geometry":{"type":"Point","coordinates":[112.6175,32.9827]},"properties":{"iata":"NNY","icao":"ZHNY","name":"Nanyang (Wancheng)","tier":3}},{"type":"Feature","geometry":{"type":"Point","coordinates":[7.1903,53.6331]},"properties":{"iata":"NOD","icao":"EDWS","name":"Norddeich","tier":3}},{"type":"Feature","geometry":{"type":"Point","coordinates":[-77.2619,5.7103]},"properties":{"iata":"NQU","icao":"SKNQ","name":"Nuquí","tier":3}},{"type":"Feature","geometry":{"type":"Point","coordinates":[7.23,53.7069]},"properties":{"iata":"NRD","icao":"EDWY","name":"Norderney","tier":3}},{"type":"Feature","geometry":{"type":"Point","coordinates":[-2.4344,59.3675]},"properties":{"iata":"NRL","icao":"EGEN","name":"North Ronaldsay","tier":3}},{"type":"Feature","geometry":{"type":"Point","coordinates":[-173.7911,-15.9773]},"properties":{"iata":"NTT","icao":"NFTP","name":"Niuatoputapu","tier":3}},{"type":"Feature","geometry":{"type":"Point","coordinates":[-158.074,64.7293]},"properties":{"iata":"NUL","icao":"PANU","name":"Nulato","tier":3}},{"type":"Feature","geometry":{"type":"Point","coordinates":[-162.4405,60.9056]},"properties":{"iata":"NUP","icao":"PPIT","name":"Nunapitchuk","tier":3}},{"type":"Feature","geometry":{"type":"Point","coordinates":[167.401,-16.0797]},"properties":{"iata":"NUS","icao":"NVSP","name":"Norsup","tier":3}},{"type":"Feature","geometry":{"type":"Point","coordinates":[94.9302,21.1788]},"properties":{"iata":"NYU","icao":"VYBG","name":"Nyaung U","tier":3}},{"type":"Feature","geometry":{"type":"Point","coordinates":[109.595,55.8008]},"properties":{"iata":"NZG","icao":"UIUN","name":"Nizhneangarsk","tier":3}},{"type":"Feature","geometry":{"type":"Point","coordinates":[-61.4508,-11.496]},"properties":{"iata":"OAL","icao":"SSKW","name":"Cacoal","tier":3}},{"type":"Feature","geometry":{"type":"Point","coordinates":[-5.3997,56.4635]},"properties":{"iata":"OBN","icao":"EGEO","name":"North Connel","tier":3}},{"type":"Feature","geometry":{"type":"Point","coordinates":[-156.897,66.9123]},"properties":{"iata":"OBU","icao":"PAOB","name":"Kobuk","tier":3}},{"type":"Feature","geometry":{"type":"Point","coordinates":[141.3243,-7.5906]},"properties":{"iata":"OBX","icao":"AYOB","name":"Obo","tier":3}},{"type":"Feature","geometry":{"type":"Point","coordinates":[115.0673,3.9761]},"properties":{"iata":"ODN","icao":"WBGI","name":"Long Seridan","tier":3}},{"type":"Feature","geometry":{"type":"Point","coordinates":[114.243,57.8661]},"properties":{"iata":"ODO","icao":"UIKB","name":"Bodaybo","tier":3}},{"type":"Feature","geometry":{"type":"Point","coordinates":[101.994,20.6827]},"properties":{"iata":"ODY","icao":"VLOS","name":"Oudomsay","tier":3}},{"type":"Feature","geometry":{"type":"Point","coordinates":[-65.0343,-40.7512]},"properties":{"iata":"OES","icao":"SAVN","name":"San Antonio Oeste","tier":3}},{"type":"Feature","geometry":{"type":"Point","coordinates":[-169.67,-14.1844]},"properties":{"iata":"OFU","icao":"NSAS","name":"Ofu","tier":3}},{"type":"Feature","geometry":{"type":"Point","coordinates":[121.6286,-0.8654]},"properties":{"iata":"OJU","icao":"WAFU","name":"Tojo Una-Una","tier":3}},{"type":"Feature","geometry":{"type":"Point","coordinates":[143.4057,-9.7528]},"properties":{"iata":"OKR","icao":"YYKI","name":"Yorke Island","tier":3}},{"type":"Feature","geometry":{"type":"Point","coordinates":[-153.27,57.2181]},"properties":{"iata":"OLH","name":"Old Harbor","tier":3}},{"type":"Feature","geometry":{"type":"Point","coordinates":[166.558,-14.8817]},"properties":{"iata":"OLJ","icao":"NVSZ","name":"Olpoi","tier":3}},{"type":"Feature","geometry":{"type":"Point","coordinates":[136.8767,-30.4839]},"properties":{"iata":"OLP","icao":"YOLD","name":"Olympic Dam","tier":3}},{"type":"Feature","geometry":{"type":"Point","coordinates":[139.178,-16.6625]},"properties":{"iata":"ONG","icao":"YMTI","name":"Mornington Island Airport","tier":3}},{"type":"Feature","geometry":{"type":"Point","coordinates":[-165.087,60.5414]},"properties":{"iata":"OOK","icao":"PAOO","name":"Toksook Bay","tier":3}},{"type":"Feature","geometry":{"type":"Point","coordinates":[-47.3361,-0.6961]},"properties":{"iata":"OPP","icao":"SNSM","name":"Salinópolis","tier":3}},{"type":"Feature","geometry":{"type":"Point","coordinates":[-55.5861,-11.885]},"properties":{"iata":"OPS","icao":"SBSI","name":"Sinop","tier":3}},{"type":"Feature","geometry":{"type":"Point","coordinates":[-55.1923,5.8112]},"properties":{"iata":"ORG","icao":"SMZO","name":"Paramaribo","tier":3}},{"type":"Feature","geometry":{"type":"Point","coordinates":[-152.8477,57.8849]},"properties":{"iata":"ORI","name":"Port Lions","tier":3}},{"type":"Feature","geometry":{"type":"Point","coordinates":[-161.019,66.8179]},"properties":{"iata":"ORV","icao":"PFNO","name":"Noorvik","tier":3}},{"type":"Feature","geometry":{"type":"Point","coordinates":[-88.5839,18.0468]},"properties":{"iata":"ORZ","icao":"MZTH","name":"Orange Walk","tier":3}},{"type":"Feature","geometry":{"type":"Point","coordinates":[11.5786,64.4722]},"properties":{"iata":"OSY","icao":"ENNM","name":"Namsos","tier":3}},{"type":"Feature","geometry":{"type":"Point","coordinates":[-79.0347,8.6288]},"properties":{"iata":"OTD","icao":"MPRA","name":"Contadora Island","tier":3}},{"type":"Feature","geometry":{"type":"Point","coordinates":[-122.6625,48.4985]},"properties":{"iata":"OTS","name":"Anacortes","tier":3}},{"type":"Feature","geometry":{"type":"Point","coordinates":[-5.0636,48.4632]},"properties":{"iata":"OUI","icao":"LFEC","name":"Ushant","tier":3}},{"type":"Feature","geometry":{"type":"Point","coordinates":[25.1132,37.0205]},"properties":{"iata":"PAS","icao":"LGPA","name":"Paros","tier":3}},{"type":"Feature","geometry":{"type":"Point","coordinates":[168.2355,-16.432]},"properties":{"iata":"PBJ","icao":"NVSI","name":"Paama Island","tier":3}},{"type":"Feature","geometry":{"type":"Point","coordinates":[173.956,-41.3461]},"properties":{"iata":"PCN","icao":"NZPN","name":"Koromiko","tier":3}},{"type":"Feature","geometry":{"type":"Point","coordinates":[-154.13,59.7969]},"properties":{"iata":"PDB","name":"Pedro Bay","tier":3}},{"type":"Feature","geometry":{"type":"Point","coordinates":[-80.0433,7.5348]},"properties":{"iata":"PDM","icao":"MPPD","name":"Pedasí","tier":3}},{"type":"Feature","geometry":{"type":"Point","coordinates":[-83.7812,15.2622]},"properties":{"iata":"PEU","icao":"MHPL","name":"Puerto Lempira","tier":3}},{"type":"Feature","geometry":{"type":"Point","coordinates":[47.8815,39.6036]},"properties":{"iata":"PFQ","icao":"OITP","name":"Parsabad","tier":3}},{"type":"Feature","geometry":{"type":"Point","coordinates":[20.5901,-4.3299]},"properties":{"iata":"PFR","icao":"FZVS","name":"Ilebo","tier":3}},{"type":"Feature","geometry":{"type":"Point","coordinates":[-151.83,59.3484]},"properties":{"iata":"PGM","name":"Port Graham","tier":3}},{"type":"Feature","geometry":{"type":"Point","coordinates":[-166.799,68.3488]},"properties":{"iata":"PHO","icao":"PAPO","name":"Point Hope","tier":3}},{"type":"Feature","geometry":{"type":"Point","coordinates":[-157.572,57.5804]},"properties":{"iata":"PIP","icao":"PAPN","name":"Pilot Point","tier":3}},{"type":"Feature","geometry":{"type":"Point","coordinates":[23.0749,67.2446]},"properties":{"iata":"PJA","icao":"ESUP","name":"Pajala","tier":3}},{"type":"Feature","geometry":{"type":"Point","coordinates":[-161.778,60.7029]},"properties":{"iata":"PKA","icao":"PAPK","name":"Napaskiak","tier":3}},{"type":"Feature","geometry":{"type":"Point","coordinates":[100.553,4.2447]},"properties":{"iata":"PKG","icao":"WMPA","name":"Pangkor Island","tier":3}},{"type":"Feature","geometry":{"type":"Point","coordinates":[111.673,-2.7052]},"properties":{"iata":"PKN","icao":"WAGI","name":"Pangkalanbun","tier":3}},{"type":"Feature","geometry":{"type":"Point","coordinates":[-138.8126,-14.8095]},"properties":{"iata":"PKP","icao":"NTGP","name":"Puka Puka Airport","tier":3}},{"type":"Feature","geometry":{"type":"Point","coordinates":[146.581,-18.7553]},"properties":{"iata":"PMK","icao":"YPAM","name":"Palm Island Airport","tier":3}},{"type":"Feature","geometry":{"type":"Point","coordinates":[-88.8083,16.1024]},"properties":{"iata":"PND","icao":"MZPG","name":"Punta Gorda","tier":3}},{"type":"Feature","geometry":{"type":"Point","coordinates":[-113.3052,31.352]},"properties":{"iata":"PPE","icao":"MMPE","name":"Puerto Peñasco","tier":3}},{"type":"Feature","geometry":{"type":"Point","coordinates":[-2.9004,59.351]},"properties":{"iata":"PPW","icao":"EGEP","name":"Papa Westray, Orkney Islands","tier":3}},{"type":"Feature","geometry":{"type":"Point","coordinates":[-162.9419,61.9617]},"properties":{"iata":"PQS","name":"Pilot Station","tier":3}},{"type":"Feature","geometry":{"type":"Point","coordinates":[-57.7776,-51.6857]},"properties":{"iata":"PSY","icao":"SFAL","name":"Stanley","tier":3}},{"type":"Feature","geometry":{"type":"Point","coordinates":[-154.3259,60.2017]},"properties":{"iata":"PTA","icao":"PALJ","name":"Port Alsworth","tier":3}},{"type":"Feature","geometry":{"type":"Point","coordinates":[177.197,-17.7784]},"properties":{"iata":"PTF","icao":"NFFO","name":"Malolo Lailai Island","tier":3}},{"type":"Feature","geometry":{"type":"Point","coordinates":[-52.6945,-26.2172]},"properties":{"iata":"PTO","icao":"SBPO","name":"Pato Branco","tier":3}},{"type":"Feature","geometry":{"type":"Point","coordinates":[-67.5512,-11.1077]},"properties":{"iata":"PUR","icao":"SLPR","name":"Puerto Rico/Manuripi","tier":3}},{"type":"Feature","geometry":{"type":"Point","coordinates":[135.5244,-29.716]},"properties":{"iata":"PXH","icao":"YPMH","name":"Mount Eba","tier":3}},{"type":"Feature","geometry":{"type":"Point","coordinates":[-46.8831,-17.2426]},"properties":{"iata":"PYT","icao":"SNZR","name":"Paracatu","tier":3}},{"type":"Feature","geometry":{"type":"Point","coordinates":[134.898,-12.3564]},"properties":{"iata":"RAM","icao":"YRNG","name":"Ramingining Airport","tier":3}},{"type":"Feature","geometry":{"type":"Point","coordinates":[-59.6024,-4.4063]},"properties":{"iata":"RBB","icao":"SWBR","name":"Borba","tier":3}},{"type":"Feature","geometry":{"type":"Point","coordinates":[-67.4968,-14.4279]},"properties":{"iata":"RBQ","icao":"SLRQ","name":"Rurrenabaque","tier":3}},{"type":"Feature","geometry":{"type":"Point","coordinates":[157.643,-8.1681]},"properties":{"iata":"RBV","icao":"AGRM","name":"Ramata","tier":3}},{"type":"Feature","geometry":{"type":"Point","coordinates":[-123.139,48.6123]},"properties":{"iata":"RCE","name":"Roche Harbor","tier":3}},{"type":"Feature","geometry":{"type":"Point","coordinates":[143.115,-20.7019]},"properties":{"iata":"RCM","icao":"YRMD","name":"Richmond Airport","tier":3}},{"type":"Feature","geometry":{"type":"Point","coordinates":[-157.35,61.7881]},"properties":{"iata":"RDV","name":"Red Devil","tier":3}},{"type":"Feature","geometry":{"type":"Point","coordinates":[12.1016,67.5265]},"properties":{"iata":"RET","icao":"ENRS","name":"Røst","tier":3}},{"type":"Feature","geometry":{"type":"Point","coordinates":[101.546,39.225]},"properties":{"iata":"RHT","icao":"ZBAR","name":"Badanjilin","tier":3}},{"type":"Feature","geometry":{"type":"Point","coordinates":[-80.1279,8.3759]},"properties":{"iata":"RIH","icao":"MPSM","name":"Río Hato","tier":3}},{"type":"Feature","geometry":{"type":"Point","coordinates":[130.7735,-0.425]},"properties":{"iata":"RJM","icao":"WASN","name":"Waisai","tier":3}},{"type":"Feature","geometry":{"type":"Point","coordinates":[99.7044,-2.1001]},"properties":{"iata":"RKI","icao":"WIEB","name":"Sipura Island","tier":3}},{"type":"Feature","geometry":{"type":"Point","coordinates":[-150.141,65.5079]},"properties":{"iata":"RMP","icao":"PFMP","name":"Rampart","tier":3}},{"type":"Feature","geometry":{"type":"Point","coordinates":[-152.8059,-22.6373]},"properties":{"iata":"RMT","icao":"NTAM","name":"Rimatara Island","tier":3}},{"type":"Feature","geometry":{"type":"Point","coordinates":[-83.0594,12.1748]},"properties":{"iata":"RNI","icao":"MNCI","name":"Corn Island","tier":3}},{"type":"Feature","geometry":{"type":"Point","coordinates":[160.0628,-11.55]},"properties":{"iata":"RNL","icao":"AGGR","name":"Rennell Island","tier":3}},{"type":"Feature","geometry":{"type":"Point","coordinates":[166.887,11.1572]},"properties":{"iata":"RNP","name":"Rongelap Island","tier":3}},{"type":"Feature","geometry":{"type":"Point","coordinates":[-142.4766,-16.0505]},"properties":{"iata":"RRR","icao":"NTKO","name":"Raroia","tier":3}},{"type":"Feature","geometry":{"type":"Point","coordinates":[-161.3195,61.7751]},"properties":{"iata":"RSH","icao":"PARS","name":"Russian Mission","tier":3}},{"type":"Feature","geometry":{"type":"Point","coordinates":[177.071,-12.4825]},"properties":{"iata":"RTA","icao":"NFNR","name":"Rotuma","tier":3}},{"type":"Feature","geometry":{"type":"Point","coordinates":[120.4782,-8.5962]},"properties":{"iata":"RTG","icao":"WATG","name":"Satar Tacik, Manggarai","tier":3}},{"type":"Feature","geometry":{"type":"Point","coordinates":[123.076,-10.7658]},"properties":{"iata":"RTI","icao":"WATR","name":"Ba'a - Rote Island","tier":3}},{"type":"Feature","geometry":{"type":"Point","coordinates":[73.5129,0.3381]},"properties":{"iata":"RUL","icao":"VRQM","name":"Maavaarulu","tier":3}},{"type":"Feature","geometry":{"type":"Point","coordinates":[160.825,-9.8617]},"properties":{"iata":"RUS","icao":"AGGU","name":"Marau","tier":3}},{"type":"Feature","geometry":{"type":"Point","coordinates":[-71.8572,6.9519]},"properties":{"iata":"RVE","icao":"SKSA","name":"Saravena","tier":3}},{"type":"Feature","geometry":{"type":"Point","coordinates":[-147.662,-23.8852]},"properties":{"iata":"RVV","icao":"NTAV","name":"Raivavae Airport","tier":3}},{"type":"Feature","geometry":{"type":"Point","coordinates":[-72.2203,-51.605]},"properties":{"iata":"RYO","icao":"SAWT","name":"Rio Turbio","tier":3}},{"type":"Feature","geometry":{"type":"Point","coordinates":[142.625,-9.3783]},"properties":{"iata":"SBR","icao":"YSII","name":"Saibai Island","tier":3}},{"type":"Feature","geometry":{"type":"Point","coordinates":[-165.5752,61.8447]},"properties":{"iata":"SCM","icao":"PACM","name":"Scammon Bay","tier":3}},{"type":"Feature","geometry":{"type":"Point","coordinates":[-89.6174,-0.9102]},"properties":{"iata":"SCY","icao":"SEST","name":"Puerto Baquerizo Moreno","tier":3}},{"type":"Feature","geometry":{"type":"Point","coordinates":[165.795,-10.7203]},"properties":{"iata":"SCZ","icao":"AGGL","name":"Santa Cruz/Graciosa Bay/Luova","tier":3}},{"type":"Feature","geometry":{"type":"Point","coordinates":[6.1058,61.83]},"properties":{"iata":"SDN","icao":"ENSD","name":"Sandane","tier":3}},{"type":"Feature","geometry":{"type":"Point","coordinates":[-38.3289,-8.0614]},"properties":{"iata":"SET","icao":"SNHS","name":"Serra Talhada","tier":3}},{"type":"Feature","geometry":{"type":"Point","coordinates":[34.8225,-2.4581]},"properties":{"iata":"SEU","icao":"HTSN","name":"Seronera","tier":3}},{"type":"Feature","geometry":{"type":"Point","coordinates":[-61.2625,16.2578]},"properties":{"iata":"SFC","icao":"TFFC","name":"St-François","tier":3}},{"type":"Feature","geometry":{"type":"Point","coordinates":[-24.48,14.885]},"properties":{"iata":"SFL","icao":"GVSF","name":"São Filipe","tier":3}},{"type":"Feature","geometry":{"type":"Point","coordinates":[148.595,-28.0497]},"properties":{"iata":"SGO","icao":"YSGE","name":"St George Airport","tier":3}},{"type":"Feature","geometry":{"type":"Point","coordinates":[-135.3167,59.4603]},"properties":{"iata":"SGY","icao":"PAGY","name":"Skagway","tier":3}},{"type":"Feature","geometry":{"type":"Point","coordinates":[38.2736,14.0757]},"properties":{"iata":"SHC","icao":"HASR","name":"Shire Inda Selassie","tier":3}},{"type":"Feature","geometry":{"type":"Point","coordinates":[85.8905,44.2421]},"properties":{"iata":"SHF","icao":"ZWHZ","name":"Shihezi","tier":3}},{"type":"Feature","geometry":{"type":"Point","coordinates":[-157.162,66.8881]},"properties":{"iata":"SHG","icao":"PAGH","name":"Shungnak","tier":3}},{"type":"Feature","geometry":{"type":"Point","coordinates":[-166.0891,66.2496]},"properties":{"iata":"SHH","icao":"PASH","name":"Shishmaref","tier":3}},{"type":"Feature","geometry":{"type":"Point","coordinates":[33.5035,-3.6093]},"properties":{"iata":"SHY","icao":"HTSY","name":"Shinyanga","tier":3}},{"type":"Feature","geometry":{"type":"Point","coordinates":[84.98,27.1598]},"properties":{"iata":"SIF","icao":"VNSI","name":"Simara","tier":3}},{"type":"Feature","geometry":{"type":"Point","coordinates":[80.936,29.2622]},"properties":{"iata":"SIH","icao":"VNDT","name":"Silgadi Doti","tier":3}},{"type":"Feature","geometry":{"type":"Point","coordinates":[81.636,28.586]},"properties":{"iata":"SKH","icao":"VNSK","name":"Surkhet","tier":3}},{"type":"Feature","geometry":{"type":"Point","coordinates":[-161.224,64.3711]},"properties":{"iata":"SKK","icao":"PFSH","name":"Shaktoolik","tier":3}},{"type":"Feature","geometry":{"type":"Point","coordinates":[24.4872,38.9676]},"properties":{"iata":"SKU","icao":"LGSY","name":"Skiros Island","tier":3}},{"type":"Feature","geometry":{"type":"Point","coordinates":[167.537,-13.8517]},"properties":{"iata":"SLH","icao":"NVSC","name":"Sola","tier":3}},{"type":"Feature","geometry":{"type":"Point","coordinates":[26.3651,-12.1737]},"properties":{"iata":"SLI","icao":"FLSW","name":"Solwesi","tier":3}},{"type":"Feature","geometry":{"type":"Point","coordinates":[-157.166,61.7005]},"properties":{"iata":"SLQ","icao":"PASL","name":"Sleetmute","tier":3}},{"type":"Feature","geometry":{"type":"Point","coordinates":[-71.2,21.333]},"properties":{"iata":"SLX","icao":"MBSY","name":"Salt Cay","tier":3}},{"type":"Feature","geometry":{"type":"Point","coordinates":[-162.11,63.4901]},"properties":{"iata":"SMK","icao":"PAMK","name":"St Michael","tier":3}},{"type":"Feature","geometry":{"type":"Point","coordinates":[112.975,-2.4992]},"properties":{"iata":"SMQ","icao":"WAGS","name":"Sampit","tier":3}},{"type":"Feature","geometry":{"type":"Point","coordinates":[-55.6723,-12.4792]},"properties":{"iata":"SMT","icao":"SBSO","name":"Sorriso","tier":3}},{"type":"Feature","geometry":{"type":"Point","coordinates":[53.4951,35.5911]},"properties":{"iata":"SNX","icao":"OIIS","name":"Semnan","tier":3}},{"type":"Feature","geometry":{"type":"Point","coordinates":[-47.49,-23.478]},"properties":{"iata":"SOD","icao":"SDCO","name":"Sorocaba","tier":3}},{"type":"Feature","geometry":{"type":"Point","coordinates":[7.1378,61.1561]},"properties":{"iata":"SOG","icao":"ENSG","name":"Sogndal","tier":3}},{"type":"Feature","geometry":{"type":"Point","coordinates":[-151.7052,59.443]},"properties":{"iata":"SOV","icao":"PASO","name":"Seldovia","tier":3}},{"type":"Feature","geometry":{"type":"Point","coordinates":[-2.6414,59.1553]},"properties":{"iata":"SOY","icao":"EGER","name":"Stronsay","tier":3}},{"type":"Feature","geometry":{"type":"Point","coordinates":[-54.5206,-27.9066]},"properties":{"iata":"SRA","icao":"SSZR","name":"Santa Rosa","tier":3}},{"type":"Feature","geometry":{"type":"Point","coordinates":[-112.0985,27.0927]},"properties":{"iata":"SRL","name":"Mulegé","tier":3}},{"type":"Feature","geometry":{"type":"Point","coordinates":[-156.589,61.7897]},"properties":{"iata":"SRV","name":"Stony River","tier":3}},{"type":"Feature","geometry":{"type":"Point","coordinates":[168.152,-15.4708]},"properties":{"iata":"SSR","icao":"NVSH","name":"Pentecost Island","tier":3}},{"type":"Feature","geometry":{"type":"Point","coordinates":[-123.1754,48.6734]},"properties":{"iata":"SSW","name":"Friday Harbor","tier":3}},{"type":"Feature","geometry":{"type":"Point","coordinates":[130.394,67.792]},"properties":{"iata":"SUK","icao":"UEBS","name":"Batagay-Alyta","tier":3}},{"type":"Feature","geometry":{"type":"Point","coordinates":[-88.5419,52.7086]},"properties":{"iata":"SUR","name":"Summer Beaver","tier":3}},{"type":"Feature","geometry":{"type":"Point","coordinates":[117.635,62.185]},"properties":{"iata":"SUY","icao":"UENS","name":"Suntar","tier":3}},{"type":"Feature","geometry":{"type":"Point","coordinates":[-149.0568,66.0167]},"properties":{"iata":"SVS","name":"Stevens Village","tier":3}},{"type":"Feature","geometry":{"type":"Point","coordinates":[179.3406,-16.8034]},"properties":{"iata":"SVU","icao":"NFNS","name":"Savusavu","tier":3}},{"type":"Feature","geometry":{"type":"Point","coordinates":[119.2729,10.5243]},"properties":{"iata":"SWL","icao":"RPSV","name":"San Vicente","tier":3}},{"type":"Feature","geometry":{"type":"Point","coordinates":[117.412,-8.489]},"properties":{"iata":"SWQ","icao":"WADS","name":"Sumbawa Besar","tier":3}},{"type":"Feature","geometry":{"type":"Point","coordinates":[21.8326,-18.3739]},"properties":{"iata":"SWX","icao":"FBSW","name":"Shakawe","tier":3}},{"type":"Feature","geometry":{"type":"Point","coordinates":[131.3371,-7.8484]},"properties":{"iata":"SXK","icao":"WAPS","name":"Saumlaki-Yamdena Island","tier":3}},{"type":"Feature","geometry":{"type":"Point","coordinates":[-164.848,62.5206]},"properties":{"iata":"SXP","name":"Nunam Iqua","tier":3}},{"type":"Feature","geometry":{"type":"Point","coordinates":[100.959,22.7933]},"properties":{"iata":"SYM","icao":"ZPSM","name":"Pu'er","tier":3}},{"type":"Feature","geometry":{"type":"Point","coordinates":[142.825,-10.2083]},"properties":{"iata":"SYU","icao":"YWBS","name":"Sue Islet","tier":3}},{"type":"Feature","geometry":{"type":"Point","coordinates":[40.9915,11.7875]},"properties":{"iata":"SZE","icao":"HASM","name":"Semera","tier":3}},{"type":"Feature","geometry":{"type":"Point","coordinates":[84.8877,47.4875]},"properties":{"iata":"SZI","icao":"UASZ","name":"Zaysan","tier":3}},{"type":"Feature","geometry":{"type":"Point","coordinates":[-152.109,65.1744]},"properties":{"iata":"TAL","icao":"PATA","name":"Tanana","tier":3}},{"type":"Feature","geometry":{"type":"Point","coordinates":[141.2276,-5.2805]},"properties":{"iata":"TBG","icao":"AYTB","name":"Tabubil","tier":3}},{"type":"Feature","geometry":{"type":"Point","coordinates":[113.081,-1.469]},"properties":{"iata":"TBM","icao":"WAGT","name":"Tumbang Samba-Borneo Island","tier":3}},{"type":"Feature","geometry":{"type":"Point","coordinates":[32.8333,-5.0764]},"properties":{"iata":"TBO","icao":"HTTB","name":"Tabora","tier":3}},{"type":"Feature","geometry":{"type":"Point","coordinates":[-69.7498,-2.8958]},"properties":{"iata":"TCD","icao":"SKRA","name":"Tarapacá","tier":3}},{"type":"Feature","geometry":{"type":"Point","coordinates":[83.3408,46.6725]},"properties":{"iata":"TCG","icao":"ZWTC","name":"Tacheng","tier":3}},{"type":"Feature","geometry":{"type":"Point","coordinates":[78.0258,8.7242]},"properties":{"iata":"TCR","icao":"VOTK","name":"Vagaikulam","tier":3}},{"type":"Feature","geometry":{"type":"Point","coordinates":[-156.029,62.9932]},"properties":{"iata":"TCT","icao":"PPCT","name":"Takotna","tier":3}},{"type":"Feature","geometry":{"type":"Point","coordinates":[142.868,-7.6217]},"properties":{"iata":"TDS","icao":"AYSS","name":"Sasereme","tier":3}},{"type":"Feature","geometry":{"type":"Point","coordinates":[-146.6903,60.8714]},"properties":{"iata":"TEK","icao":"PAKA","name":"Tatitlek","tier":3}},{"type":"Feature","geometry":{"type":"Point","coordinates":[149.3198,-9.076]},"properties":{"iata":"TFI","icao":"AYTU","name":"Tufi","tier":3}},{"type":"Feature","geometry":{"type":"Point","coordinates":[168.551,-16.8911]},"properties":{"iata":"TGH","icao":"NVST","name":"Tongoa Island","tier":3}},{"type":"Feature","geometry":{"type":"Point","coordinates":[-57.4437,-14.662]},"properties":{"iata":"TGQ","icao":"SWTS","name":"Tangará da Serra","tier":3}},{"type":"Feature","geometry":{"type":"Point","coordinates":[105.4678,19.9017]},"properties":{"iata":"THD","icao":"VVTX","name":"Thanh Hóa","tier":3}},{"type":"Feature","geometry":{"type":"Point","coordinates":[-15.3347,66.2185]},"properties":{"iata":"THO","icao":"BITN","name":"Þórshöfn","tier":3}},{"type":"Feature","geometry":{"type":"Point","coordinates":[87.9353,65.7972]},"properties":{"iata":"THX","icao":"UOTT","name":"Turukhansk","tier":3}},{"type":"Feature","geometry":{"type":"Point","coordinates":[35.415,7.2024]},"properties":{"iata":"TIE","icao":"HATP","name":"Tippi","tier":3}},{"type":"Feature","geometry":{"type":"Point","coordinates":[142.948,-5.845]},"properties":{"iata":"TIZ","icao":"AYTA","name":"Tari","tier":3}},{"type":"Feature","geometry":{"type":"Point","coordinates":[-51.682,-20.7526]},"properties":{"iata":"TJL","icao":"SBTG","name":"Três Lagoas","tier":3}},{"type":"Feature","geometry":{"type":"Point","coordinates":[107.7545,-2.7441]},"properties":{"iata":"TJQ","icao":"WIKT","name":"Tanjung Pandan","tier":3}},{"type":"Feature","geometry":{"type":"Point","coordinates":[117.3746,2.8381]},"properties":{"iata":"TJS","icao":"WAGD","name":"Tanjung Selor-Borneo Island","tier":3}},{"type":"Feature","geometry":{"type":"Point","coordinates":[-142.954,63.3295]},"properties":{"iata":"TKJ","icao":"PFTO","name":"Tok","tier":3}},{"type":"Feature","geometry":{"type":"Point","coordinates":[114.93,56.3617]},"properties":{"iata":"TKM","name":"Taksimo","tier":3}},{"type":"Feature","geometry":{"type":"Point","coordinates":[29.6709,-4.8862]},"properties":{"iata":"TKQ","icao":"HTKA","name":"Kigoma","tier":3}},{"type":"Feature","geometry":{"type":"Point","coordinates":[-138.4473,-17.3552]},"properties":{"iata":"TKV","icao":"NTGO","name":"Tatakoto","tier":3}},{"type":"Feature","geometry":{"type":"Point","coordinates":[-166.339,65.2404]},"properties":{"iata":"TLA","icao":"PATE","name":"Teller","tier":3}},{"type":"Feature","geometry":{"type":"Point","coordinates":[120.7937,1.1234]},"properties":{"iata":"TLI","icao":"WAFL","name":"Toli Toli-Celebes Island","tier":3}},{"type":"Feature","geometry":{"type":"Point","coordinates":[-160.9228,61.087]},"properties":{"iata":"TLT","name":"Tuluksak","tier":3}},{"type":"Feature","geometry":{"type":"Point","coordinates":[-75.5854,9.5094]},"properties":{"iata":"TLU","icao":"SKTL","name":"Santiago de Tolú","tier":3}},{"type":"Feature","geometry":{"type":"Point","coordinates":[136.292,44.815]},"properties":{"iata":"TLY","icao":"UHWP","name":"Plastun","tier":3}},{"type":"Feature","geometry":{"type":"Point","coordinates":[119.2426,-9.4092]},"properties":{"iata":"TMC","icao":"WATK","name":"Radamata","tier":3}},{"type":"Feature","geometry":{"type":"Point","coordinates":[73.1533,2.211]},"properties":{"iata":"TMF","icao":"VRNT","name":"Thimarafushi","tier":3}},{"type":"Feature","geometry":{"type":"Point","coordinates":[118.6576,5.4026]},"properties":{"iata":"TMG","icao":"WBKM","name":"Tomanggong","tier":3}},{"type":"Feature","geometry":{"type":"Point","coordinates":[87.1933,27.315]},"properties":{"iata":"TMI","icao":"VNTR","name":"Tumling Tar","tier":3}},{"type":"Feature","geometry":{"type":"Point","coordinates":[-167.922,65.5631]},"properties":{"iata":"TNC","icao":"PATC","name":"Tin City","tier":3}},{"type":"Feature","geometry":{"type":"Point","coordinates":[-165.2466,60.5696]},"properties":{"iata":"TNK","name":"Tununak","tier":3}},{"type":"Feature","geometry":{"type":"Point","coordinates":[-160.397,59.0528]},"properties":{"iata":"TOG","icao":"PATG","name":"Togiak Village","tier":3}},{"type":"Feature","geometry":{"type":"Point","coordinates":[-53.6975,-24.6863]},"properties":{"iata":"TOW","icao":"SBTD","name":"Toledo","tier":3}},{"type":"Feature","geometry":{"type":"Point","coordinates":[146.9892,-8.3567]},"properties":{"iata":"TPI","icao":"AYTI","name":"Tapini","tier":3}},{"type":"Feature","geometry":{"type":"Point","coordinates":[47.619,-16.7511]},"properties":{"iata":"TTS","icao":"FMNT","name":"Tsaratanana","tier":3}},{"type":"Feature","geometry":{"type":"Point","coordinates":[118.0026,39.7178]},"properties":{"iata":"TVS","icao":"ZBSN","name":"Tangshan (Fengrun)","tier":3}},{"type":"Feature","geometry":{"type":"Point","coordinates":[-179.877,-16.6906]},"properties":{"iata":"TVU","icao":"NFNM","name":"Matei","tier":3}},{"type":"Feature","geometry":{"type":"Point","coordinates":[-160.275,59.0747]},"properties":{"iata":"TWA","name":"Twin Hills","tier":3}},{"type":"Feature","geometry":{"type":"Point","coordinates":[79.2334,39.8867]},"properties":{"iata":"TWC","icao":"ZWTS","name":"Tumxuk","tier":3}},{"type":"Feature","geometry":{"type":"Point","coordinates":[-139.5541,-8.9362]},"properties":{"iata":"UAH","icao":"NTMU","name":"Ua Huka","tier":3}},{"type":"Feature","geometry":{"type":"Point","coordinates":[-140.078,-9.3517]},"properties":{"iata":"UAP","icao":"NTMP","name":"Ua Pou","tier":3}},{"type":"Feature","geometry":{"type":"Point","coordinates":[142.1952,-9.9502]},"properties":{"iata":"UBB","icao":"YMAA","name":"Mabuiag Island","tier":3}},{"type":"Feature","geometry":{"type":"Point","coordinates":[-86.8803,16.1131]},"properties":{"iata":"UII","icao":"MHUT","name":"Utila Island","tier":3}},{"type":"Feature","geometry":{"type":"Point","coordinates":[169.6373,5.9092]},"properties":{"iata":"UIT","name":"Jabor Jaluit Atoll","tier":3}},{"type":"Feature","geometry":{"type":"Point","coordinates":[165.762,8.9281]},"properties":{"iata":"UJE","name":"Ujae Atoll","tier":3}},{"type":"Feature","geometry":{"type":"Point","coordinates":[135.645,70.011]},"properties":{"iata":"UKG","icao":"UEBT","name":"Ust-Kuyga","tier":3}},{"type":"Feature","geometry":{"type":"Point","coordinates":[96.5258,47.7093]},"properties":{"iata":"ULZ","icao":"ZMDN","name":"Uliastai","tier":3}},{"type":"Feature","geometry":{"type":"Point","coordinates":[134.4373,60.3574]},"properties":{"iata":"UMS","icao":"UEMU","name":"Ust-Maya","tier":3}},{"type":"Feature","geometry":{"type":"Point","coordinates":[-53.3138,-23.7987]},"properties":{"iata":"UMU","icao":"SSUM","name":"Umuarama","tier":3}},{"type":"Feature","geometry":{"type":"Point","coordinates":[-38.9987,-15.3544]},"properties":{"iata":"UNA","icao":"SBTC","name":"Una","tier":3}},{"type":"Feature","geometry":{"type":"Point","coordinates":[141.282,-6.1257]},"properties":{"iata":"UNG","icao":"AYKI","name":"Kiunga","tier":3}},{"type":"Feature","geometry":{"type":"Point","coordinates":[121.4134,1.1023]},"properties":{"iata":"UOL","icao":"WAFY","name":"Buol","tier":3}},{"type":"Feature","geometry":{"type":"Point","coordinates":[80.8309,46.1908]},"properties":{"iata":"USJ","icao":"UAAL","name":"Usharal","tier":3}},{"type":"Feature","geometry":{"type":"Point","coordinates":[169.8514,11.2222]},"properties":{"iata":"UTK","name":"Utirik Island","tier":3}},{"type":"Feature","geometry":{"type":"Point","coordinates":[-51.0668,-26.2332]},"properties":{"iata":"UVI","icao":"SSUV","name":"União da Vitória","tier":3}},{"type":"Feature","geometry":{"type":"Point","coordinates":[81.6682,47.0918]},"properties":{"iata":"UZR","icao":"UASU","name":"Urzhar","tier":3}},{"type":"Feature","geometry":{"type":"Point","coordinates":[-165.6005,61.5409]},"properties":{"iata":"VAK","icao":"PAVA","name":"Chevak","tier":3}},{"type":"Feature","geometry":{"type":"Point","coordinates":[-38.9924,-13.2965]},"properties":{"iata":"VAL","icao":"SNVB","name":"Valença","tier":3}},{"type":"Feature","geometry":{"type":"Point","coordinates":[158.731,-7.5856]},"properties":{"iata":"VAO","icao":"AGGV","name":"Suavanao","tier":3}},{"type":"Feature","geometry":{"type":"Point","coordinates":[36.9035,39.8138]},"properties":{"iata":"VAS","icao":"LTAR","name":"Sivas","tier":3}},{"type":"Feature","geometry":{"type":"Point","coordinates":[-178.976,-17.269]},"properties":{"iata":"VBV","icao":"NFVB","name":"Vanua Balavu","tier":3}},{"type":"Feature","geometry":{"type":"Point","coordinates":[108.706,15.4033]},"properties":{"iata":"VCL","icao":"VVCA","name":"Tam Nghĩa","tier":3}},{"type":"Feature","geometry":{"type":"Point","coordinates":[-146.366,67.0087]},"properties":{"iata":"VEE","icao":"PAVE","name":"Venetie","tier":3}},{"type":"Feature","geometry":{"type":"Point","coordinates":[120.2692,63.4581]},"properties":{"iata":"VHV","icao":"UENI","name":"Verkhnevilyuisk","tier":3}},{"type":"Feature","geometry":{"type":"Point","coordinates":[33.753,-24.8929]},"properties":{"iata":"VJB","icao":"FQXA","name":"Xai-Xai","tier":3}},{"type":"Feature","geometry":{"type":"Point","coordinates":[168.177,-16.7961]},"properties":{"iata":"VLS","icao":"NVSV","name":"Epi Island","tier":3}},{"type":"Feature","geometry":{"type":"Point","coordinates":[82.0329,27.4997]},"properties":{"iata":"VSV","icao":"VISV","name":"Shravasti","tier":3}},{"type":"Feature","geometry":{"type":"Point","coordinates":[-168.095,65.6226]},"properties":{"iata":"WAA","icao":"PAIW","name":"Wales","tier":3}},{"type":"Feature","geometry":{"type":"Point","coordinates":[-162.278,63.516]},"properties":{"iata":"WBB","name":"Stebbins","tier":3}},{"type":"Feature","geometry":{"type":"Point","coordinates":[-147.407,66.3622]},"properties":{"iata":"WBQ","icao":"PAWB","name":"Beaver","tier":3}},{"type":"Feature","geometry":{"type":"Point","coordinates":[-123.0182,48.7114]},"properties":{"iata":"WDN","name":"Eastsound","tier":3}},{"type":"Feature","geometry":{"type":"Point","coordinates":[120.302,-9.6692]},"properties":{"iata":"WGP","icao":"WATU","name":"Waingapu-Sumba Island","tier":3}},{"type":"Feature","geometry":{"type":"Point","coordinates":[167.691,-15.412]},"properties":{"iata":"WLH","icao":"NVSW","name":"Walaha","tier":3}},{"type":"Feature","geometry":{"type":"Point","coordinates":[-159.986,66.6001]},"properties":{"iata":"WLK","icao":"PASK","name":"Selawik","tier":3}},{"type":"Feature","geometry":{"type":"Point","coordinates":[-163.413,64.6892]},"properties":{"iata":"WMO","icao":"PAWM","name":"White Mountain","tier":3}},{"type":"Feature","geometry":{"type":"Point","coordinates":[-161.979,60.6903]},"properties":{"iata":"WNA","icao":"PANA","name":"Napakiak","tier":3}},{"type":"Feature","geometry":{"type":"Point","coordinates":[104.3255,23.5583]},"properties":{"iata":"WNH","icao":"ZPWS","name":"Wenshan","tier":3}},{"type":"Feature","geometry":{"type":"Point","coordinates":[-89.2892,52.8939]},"properties":{"iata":"WNN","name":"Wunnumin Lake","tier":3}},{"type":"Feature","geometry":{"type":"Point","coordinates":[-2.9501,59.3505]},"properties":{"iata":"WRY","icao":"EGEW","name":"Westray, Orkney Islands","tier":3}},{"type":"Feature","geometry":{"type":"Point","coordinates":[109.709,31.069]},"properties":{"iata":"WSK","icao":"ZUWS","name":"Wushan","tier":3}},{"type":"Feature","geometry":{"type":"Point","coordinates":[-157.0054,58.7024]},"properties":{"iata":"WSN","icao":"PFWS","name":"South Naknek","tier":3}},{"type":"Feature","geometry":{"type":"Point","coordinates":[43.9728,-17.4761]},"properties":{"iata":"WTA","icao":"FMMU","name":"Tambohorano","tier":3}},{"type":"Feature","geometry":{"type":"Point","coordinates":[170.2386,9.4583]},"properties":{"iata":"WTE","name":"Wotje","tier":3}},{"type":"Feature","geometry":{"type":"Point","coordinates":[-162.9805,67.5612]},"properties":{"iata":"WTK","icao":"PAWN","name":"Noatak","tier":3}},{"type":"Feature","geometry":{"type":"Point","coordinates":[-162.6545,60.3512]},"properties":{"iata":"WTL","name":"Tuntutuliak","tier":3}},{"type":"Feature","geometry":{"type":"Point","coordinates":[166.003,10.1733]},"properties":{"iata":"WTO","name":"Wotho Island","tier":3}},{"type":"Feature","geometry":{"type":"Point","coordinates":[112.9692,38.5975]},"properties":{"iata":"WUT","icao":"ZBXZ","name":"Xinzhou","tier":3}},{"type":"Feature","geometry":{"type":"Point","coordinates":[-164.4995,60.8104]},"properties":{"iata":"WWT","icao":"PAEW","name":"Mertarvik","tier":3}},{"type":"Feature","geometry":{"type":"Point","coordinates":[108.433,30.8017]},"properties":{"iata":"WXN","icao":"ZUWX","name":"Wanzhou","tier":3}},{"type":"Feature","geometry":{"type":"Point","coordinates":[-91.0272,53.9656]},"properties":{"iata":"XBE","name":"Bearskin Lake","tier":3}},{"type":"Feature","geometry":{"type":"Point","coordinates":[-65.9928,58.7114]},"properties":{"iata":"XGR","icao":"CYLU","name":"Kangiqsualujjuaq","tier":3}},{"type":"Feature","geometry":{"type":"Point","coordinates":[103.158,19.45]},"properties":{"iata":"XKH","icao":"VLXK","name":"Xieng Khouang","tier":3}},{"type":"Feature","geometry":{"type":"Point","coordinates":[-101.469,58.6143]},"properties":{"iata":"XLB","icao":"CZWH","name":"Lac Brochet","tier":3}},{"type":"Feature","geometry":{"type":"Point","coordinates":[142.7743,-9.8992]},"properties":{"iata":"XMY","icao":"YYMI","name":"Yam Island","tier":3}},{"type":"Feature","geometry":{"type":"Point","coordinates":[-101.266,55.7492]},"properties":{"iata":"XPK","icao":"CZFG","name":"Pukatawagan","tier":3}},{"type":"Feature","geometry":{"type":"Point","coordinates":[-98.9072,56.7928]},"properties":{"iata":"XSI","icao":"CZSN","name":"South Indian Lake","tier":3}},{"type":"Feature","geometry":{"type":"Point","coordinates":[-98.5111,58.7063]},"properties":{"iata":"XTL","icao":"CYBQ","name":"Tadoule Lake","tier":3}},{"type":"Feature","geometry":{"type":"Point","coordinates":[159.2184,-9.0928]},"properties":{"iata":"XYA","icao":"AGGY","name":"Yandina","tier":3}},{"type":"Feature","geometry":{"type":"Point","coordinates":[-85.0462,73.0061]},"properties":{"iata":"YAB","icao":"CYAB","name":"Arctic Bay","tier":3}},{"type":"Feature","geometry":{"type":"Point","coordinates":[-91.8244,51.7272]},"properties":{"iata":"YAC","icao":"CYAC","name":"Cat Lake","tier":3}},{"type":"Feature","geometry":{"type":"Point","coordinates":[-126.916,50.5822]},"properties":{"iata":"YAL","icao":"CYAL","name":"Alert Bay","tier":3}},{"type":"Feature","geometry":{"type":"Point","coordinates":[177.545,-16.7589]},"properties":{"iata":"YAS","icao":"NFSW","name":"Yasawa Island","tier":3}},{"type":"Feature","geometry":{"type":"Point","coordinates":[-82.4319,52.9275]},"properties":{"iata":"YAT","icao":"CYAT","name":"Attawapiskat","tier":3}},{"type":"Feature","geometry":{"type":"Point","coordinates":[-89.5794,53.8492]},"properties":{"iata":"YAX","name":"Angling Lake","tier":3}},{"type":"Feature","geometry":{"type":"Point","coordinates":[-89.8055,68.5357]},"properties":{"iata":"YBB","icao":"CYBB","name":"Kugaaruk","tier":3}},{"type":"Feature","geometry":{"type":"Point","coordinates":[-108.481,59.5614]},"properties":{"iata":"YBE","icao":"CYBE","name":"Uranium City","tier":3}},{"type":"Feature","geometry":{"type":"Point","coordinates":[-55.7875,53.4698]},"properties":{"iata":"YBI","name":"Black Tickle","tier":3}},{"type":"Feature","geometry":{"type":"Point","coordinates":[-101.679,57.8894]},"properties":{"iata":"YBT","icao":"CYBT","name":"Brochet","tier":3}},{"type":"Feature","geometry":{"type":"Point","coordinates":[-97.0183,52.3589]},"properties":{"iata":"YBV","icao":"CYBV","name":"Berens River","tier":3}},{"type":"Feature","geometry":{"type":"Point","coordinates":[-126.1284,67.0202]},"properties":{"iata":"YCK","icao":"CYVL","name":"Colville Lake","tier":3}},{"type":"Feature","geometry":{"type":"Point","coordinates":[-115.1431,67.8164]},"properties":{"iata":"YCO","icao":"CYCO","name":"Kugluktuk","tier":3}},{"type":"Feature","geometry":{"type":"Point","coordinates":[-97.7624,54.6098]},"properties":{"iata":"YCR","icao":"CYCR","name":"Cross Lake","tier":3}},{"type":"Feature","geometry":{"type":"Point","coordinates":[-90.7311,63.3469]},"properties":{"iata":"YCS","icao":"CYCS","name":"Chesterfield Inlet","tier":3}},{"type":"Feature","geometry":{"type":"Point","coordinates":[-68.5167,70.4861]},"properties":{"iata":"YCY","icao":"CYCY","name":"Clyde River","tier":3}},{"type":"Feature","geometry":{"type":"Point","coordinates":[-130.032,58.4222]},"properties":{"iata":"YDL","icao":"CYDL","name":"Dease Lake","tier":3}},{"type":"Feature","geometry":{"type":"Point","coordinates":[-61.6822,56.5508]},"properties":{"iata":"YDP","icao":"CYDP","name":"Nain","tier":3}},{"type":"Feature","geometry":{"type":"Point","coordinates":[-96.6923,51.7846]},"properties":{"iata":"YDV","icao":"CZTA","name":"Bloodvein River","tier":3}},{"type":"Feature","geometry":{"type":"Point","coordinates":[-94.0708,61.0942]},"properties":{"iata":"YEK","icao":"CYEK","name":"Arviat","tier":3}},{"type":"Feature","geometry":{"type":"Point","coordinates":[-87.6761,56.0189]},"properties":{"iata":"YER","icao":"CYER","name":"Fort Severn","tier":3}},{"type":"Feature","geometry":{"type":"Point","coordinates":[-81.6952,52.2035]},"properties":{"iata":"YFA","icao":"CYFA","name":"Fort Albany","tier":3}},{"type":"Feature","geometry":{"type":"Point","coordinates":[-87.9078,51.5619]},"properties":{"iata":"YFH","icao":"CYFH","name":"Fort Hope","tier":3}},{"type":"Feature","geometry":{"type":"Point","coordinates":[-114.077,64.1908]},"properties":{"iata":"YFJ","icao":"CYWE","name":"Wekweètì","tier":3}},{"type":"Feature","geometry":{"type":"Point","coordinates":[-101.682,54.6781]},"properties":{"iata":"YFO","icao":"CYFO","name":"Flin Flon","tier":3}},{"type":"Feature","geometry":{"type":"Point","coordinates":[-55.6739,52.3728]},"properties":{"iata":"YFX","name":"St. Lewis","tier":3}},{"type":"Feature","geometry":{"type":"Point","coordinates":[-128.6478,66.2407]},"properties":{"iata":"YGH","icao":"CYGH","name":"Fort Good Hope","tier":3}},{"type":"Feature","geometry":{"type":"Point","coordinates":[-94.4901,54.5577]},"properties":{"iata":"YGO","icao":"CYGO","name":"Gods Lake Narrows","tier":3}},{"type":"Feature","geometry":{"type":"Point","coordinates":[-81.8161,69.3647]},"properties":{"iata":"YGT","icao":"CYGT","name":"Igloolik","tier":3}},{"type":"Feature","geometry":{"type":"Point","coordinates":[-94.7115,56.3571]},"properties":{"iata":"YGX","icao":"CYGX","name":"Gillam","tier":3}},{"type":"Feature","geometry":{"type":"Point","coordinates":[-82.9086,76.4258]},"properties":{"iata":"YGZ","icao":"CYGZ","name":"Grise Fiord","tier":3}},{"type":"Feature","geometry":{"type":"Point","coordinates":[-56.2861,52.5281]},"properties":{"iata":"YHA","name":"Port Hope Simpson","tier":3}},{"type":"Feature","geometry":{"type":"Point","coordinates":[-56.1124,52.7658]},"properties":{"iata":"YHG","name":"Charlottetown","tier":3}},{"type":"Feature","geometry":{"type":"Point","coordinates":[-117.806,70.7628]},"properties":{"iata":"YHI","icao":"CYHI","name":"Ulukhaktok","tier":3}},{"type":"Feature","geometry":{"type":"Point","coordinates":[-95.8497,68.6356]},"properties":{"iata":"YHK","icao":"CYHK","name":"Gjoa Haven","tier":3}},{"type":"Feature","geometry":{"type":"Point","coordinates":[-60.2281,55.4488]},"properties":{"iata":"YHO","icao":"CYHO","name":"Hopedale","tier":3}},{"type":"Feature","geometry":{"type":"Point","coordinates":[-94.2556,52.1133]},"properties":{"iata":"YHP","icao":"CYHP","name":"Poplar Hill","tier":3}},{"type":"Feature","geometry":{"type":"Point","coordinates":[-59.6378,50.4683]},"properties":{"iata":"YHR","icao":"CYHR","name":"Chevery","tier":3}},{"type":"Feature","geometry":{"type":"Point","coordinates":[-77.9253,62.4173]},"properties":{"iata":"YIK","icao":"CYIK","name":"Ivujivik","tier":3}},{"type":"Feature","geometry":{"type":"Point","coordinates":[-77.9689,72.6895]},"properties":{"iata":"YIO","icao":"CYIO","name":"Pond Inlet","tier":3}},{"type":"Feature","geometry":{"type":"Point","coordinates":[-69.9992,60.0272]},"properties":{"iata":"YKG","icao":"CYAS","name":"Kangirsuk","tier":3}},{"type":"Feature","geometry":{"type":"Point","coordinates":[-78.7583,51.4733]},"properties":{"iata":"YKQ","icao":"CYKQ","name":"Waskaganish","tier":3}},{"type":"Feature","geometry":{"type":"Point","coordinates":[-78.9169,53.8056]},"properties":{"iata":"YKU","name":"Chisasibi","tier":3}},{"type":"Feature","geometry":{"type":"Point","coordinates":[-69.8779,62.8483]},"properties":{"iata":"YLC","icao":"CYLC","name":"Kimmirut","tier":3}},{"type":"Feature","geometry":{"type":"Point","coordinates":[-117.246,63.1317]},"properties":{"iata":"YLE","name":"Whatì","tier":3}},{"type":"Feature","geometry":{"type":"Point","coordinates":[-87.9342,52.1956]},"properties":{"iata":"YLH","icao":"CYLH","name":"Lansdowne House","tier":3}},{"type":"Feature","geometry":{"type":"Point","coordinates":[-55.8474,52.3028]},"properties":{"iata":"YMH","icao":"CYMH","name":"Mary's Harbour","tier":3}},{"type":"Feature","geometry":{"type":"Point","coordinates":[-59.1879,55.0773]},"properties":{"iata":"YMN","icao":"CYFT","name":"Makkovik","tier":3}},{"type":"Feature","geometry":{"type":"Point","coordinates":[-127.0277,50.5735]},"properties":{"iata":"YMP","name":"Port McNeill","tier":3}},{"type":"Feature","geometry":{"type":"Point","coordinates":[-78.8311,53.0106]},"properties":{"iata":"YNC","icao":"CYNC","name":"Wemindji","tier":3}},{"type":"Feature","geometry":{"type":"Point","coordinates":[-97.8442,53.9583]},"properties":{"iata":"YNE","icao":"CYNE","name":"Norway House","tier":3}},{"type":"Feature","geometry":{"type":"Point","coordinates":[-92.9711,52.49]},"properties":{"iata":"YNO","name":"North Spirit Lake","tier":3}},{"type":"Feature","geometry":{"type":"Point","coordinates":[-61.1844,55.9139]},"properties":{"iata":"YNP","name":"Natuashish","tier":3}},{"type":"Feature","geometry":{"type":"Point","coordinates":[-76.1356,51.6911]},"properties":{"iata":"YNS","icao":"CYHH","name":"Nemiscau","tier":3}},{"type":"Feature","geometry":{"type":"Point","coordinates":[-139.839,67.5706]},"properties":{"iata":"YOC","icao":"CYOC","name":"Old Crow","tier":3}},{"type":"Feature","geometry":{"type":"Point","coordinates":[-85.9017,51.6586]},"properties":{"iata":"YOG","icao":"CYKP","name":"Ogoki Post","tier":3}},{"type":"Feature","geometry":{"type":"Point","coordinates":[-95.2789,54.9333]},"properties":{"iata":"YOH","icao":"CYOH","name":"Oxford House","tier":3}},{"type":"Feature","geometry":{"type":"Point","coordinates":[91.5146,27.2563]},"properties":{"iata":"YON","icao":"VQTY","name":"Yongphulla","tier":3}},{"type":"Feature","geometry":{"type":"Point","coordinates":[-124.0755,69.3608]},"properties":{"iata":"YPC","icao":"CYPC","name":"Paulatuk","tier":3}},{"type":"Feature","geometry":{"type":"Point","coordinates":[-78.0769,58.4719]},"properties":{"iata":"YPH","icao":"CYPH","name":"Inukjuak","tier":3}},{"type":"Feature","geometry":{"type":"Point","coordinates":[-69.5997,59.2967]},"properties":{"iata":"YPJ","icao":"CYLA","name":"Aupaluk","tier":3}},{"type":"Feature","geometry":{"type":"Point","coordinates":[-93.9733,51.8197]},"properties":{"iata":"YPM","icao":"CYPM","name":"Pikangikum","tier":3}},{"type":"Feature","geometry":{"type":"Point","coordinates":[-85.4426,54.9879]},"properties":{"iata":"YPO","icao":"CYPO","name":"Peawanuck","tier":3}},{"type":"Feature","geometry":{"type":"Point","coordinates":[-69.6178,61.0464]},"properties":{"iata":"YQC","icao":"CYHA","name":"Quaqtaq","tier":3}},{"type":"Feature","geometry":{"type":"Point","coordinates":[-117.31,64.1161]},"properties":{"iata":"YRA","icao":"CYRA","name":"Gamètì","tier":3}},{"type":"Feature","geometry":{"type":"Point","coordinates":[-57.0423,53.6825]},"properties":{"iata":"YRF","icao":"CYCA","name":"Cartwright","tier":3}},{"type":"Feature","geometry":{"type":"Point","coordinates":[-58.4575,54.1797]},"properties":{"iata":"YRG","name":"Rigolet","tier":3}},{"type":"Feature","geometry":{"type":"Point","coordinates":[-93.5572,54.1672]},"properties":{"iata":"YRS","icao":"CYRS","name":"Red Sucker Lake","tier":3}},{"type":"Feature","geometry":{"type":"Point","coordinates":[-110.6828,62.4178]},"properties":{"iata":"YSG","icao":"CYLK","name":"Lutselk'e","tier":3}},{"type":"Feature","geometry":{"type":"Point","coordinates":[-79.2502,56.5369]},"properties":{"iata":"YSK","icao":"CYSK","name":"Sanikiluaq","tier":3}},{"type":"Feature","geometry":{"type":"Point","coordinates":[-59.7851,54.9105]},"properties":{"iata":"YSO","name":"Postville","tier":3}},{"type":"Feature","geometry":{"type":"Point","coordinates":[-94.852,53.8453]},"properties":{"iata":"YST","icao":"CYST","name":"St. Theresa Point","tier":3}},{"type":"Feature","geometry":{"type":"Point","coordinates":[-125.243,71.9939]},"properties":{"iata":"YSY","icao":"CYSY","name":"Sachs Harbour","tier":3}},{"type":"Feature","geometry":{"type":"Point","coordinates":[-76.5267,64.23]},"properties":{"iata":"YTE","icao":"CYTE","name":"Kinngait","tier":3}},{"type":"Feature","geometry":{"type":"Point","coordinates":[-89.8969,53.8178]},"properties":{"iata":"YTL","icao":"CYTL","name":"Big Trout Lake","tier":3}},{"type":"Feature","geometry":{"type":"Point","coordinates":[-69.9558,58.6678]},"properties":{"iata":"YTQ","icao":"CYTQ","name":"Tasiujaq","tier":3}},{"type":"Feature","geometry":{"type":"Point","coordinates":[81.7827,36.8085]},"properties":{"iata":"YTW","icao":"ZWYT","name":"Hotan (Yutian)","tier":3}},{"type":"Feature","geometry":{"type":"Point","coordinates":[-76.5183,56.5361]},"properties":{"iata":"YUD","icao":"CYMU","name":"Umiujaq","tier":3}},{"type":"Feature","geometry":{"type":"Point","coordinates":[-86.2252,66.521]},"properties":{"iata":"YUT","icao":"CYUT","name":"Repulse Bay","tier":3}},{"type":"Feature","geometry":{"type":"Point","coordinates":[-64.0314,67.5466]},"properties":{"iata":"YVM","icao":"CYVM","name":"Qikiqtarjuaq","tier":3}},{"type":"Feature","geometry":{"type":"Point","coordinates":[-94.0612,52.6556]},"properties":{"iata":"YVZ","icao":"CYVZ","name":"Deer Lake","tier":3}},{"type":"Feature","geometry":{"type":"Point","coordinates":[-71.9294,61.5886]},"properties":{"iata":"YWB","icao":"CYKG","name":"Kangiqsujuaq","tier":3}},{"type":"Feature","geometry":{"type":"Point","coordinates":[-123.436,65.2111]},"properties":{"iata":"YWJ","icao":"CYWJ","name":"Déline","tier":3}},{"type":"Feature","geometry":{"type":"Point","coordinates":[-55.7849,52.5674]},"properties":{"iata":"YWM","name":"Williams Harbour","tier":3}},{"type":"Feature","geometry":{"type":"Point","coordinates":[-87.3749,52.9594]},"properties":{"iata":"YWP","icao":"CYWP","name":"Webequie","tier":3}},{"type":"Feature","geometry":{"type":"Point","coordinates":[-92.5981,62.24]},"properties":{"iata":"YXN","icao":"CYXN","name":"Whale Cove","tier":3}},{"type":"Feature","geometry":{"type":"Point","coordinates":[-65.7136,66.1449]},"properties":{"iata":"YXP","icao":"CYXP","name":"Pangnirtung","tier":3}},{"type":"Feature","geometry":{"type":"Point","coordinates":[-93.5767,69.5467]},"properties":{"iata":"YYH","icao":"CYYH","name":"Taloyoak","tier":3}},{"type":"Feature","geometry":{"type":"Point","coordinates":[-75.6672,62.1794]},"properties":{"iata":"YZG","icao":"CYZG","name":"Salluit","tier":3}},{"type":"Feature","geometry":{"type":"Point","coordinates":[-117.609,49.0556]},"properties":{"iata":"YZZ","name":"Trail","tier":3}},{"type":"Feature","geometry":{"type":"Point","coordinates":[52.3352,24.51]},"properties":{"iata":"ZDY","icao":"OMDL","name":"Delma Island","tier":3}},{"type":"Feature","geometry":{"type":"Point","coordinates":[-78.5225,52.2264]},"properties":{"iata":"ZEM","icao":"CZEM","name":"Eastmain River","tier":3}},{"type":"Feature","geometry":{"type":"Point","coordinates":[-107.182,59.3344]},"properties":{"iata":"ZFD","icao":"CZFD","name":"Fond-du-Lac","tier":3}},{"type":"Feature","geometry":{"type":"Point","coordinates":[81.223,43.0885]},"properties":{"iata":"ZFL","icao":"ZWZS","name":"Zhaosu","tier":3}},{"type":"Feature","geometry":{"type":"Point","coordinates":[-134.8602,67.407]},"properties":{"iata":"ZFM","icao":"CZFM","name":"Fort Mcpherson","tier":3}},{"type":"Feature","geometry":{"type":"Point","coordinates":[-125.5703,64.9095]},"properties":{"iata":"ZFN","icao":"CZFN","name":"Tulita","tier":3}},{"type":"Feature","geometry":{"type":"Point","coordinates":[-94.0786,54.8397]},"properties":{"iata":"ZGI","icao":"CZGI","name":"Gods River","tier":3}},{"type":"Feature","geometry":{"type":"Point","coordinates":[-60.6744,50.2596]},"properties":{"iata":"ZGS","name":"Le Golfe-du-Saint-Laurent","tier":3}},{"type":"Feature","geometry":{"type":"Point","coordinates":[-81.6778,52.2825]},"properties":{"iata":"ZKE","icao":"CZKE","name":"Kashechewan","tier":3}},{"type":"Feature","geometry":{"type":"Point","coordinates":[-58.9756,50.8308]},"properties":{"iata":"ZLT","name":"La Tabatière","tier":3}},{"type":"Feature","geometry":{"type":"Point","coordinates":[-92.1959,53.8909]},"properties":{"iata":"ZPB","icao":"CZPB","name":"Sachigo Lake","tier":3}},{"type":"Feature","geometry":{"type":"Point","coordinates":[-71.9159,-39.2928]},"properties":{"iata":"ZPC","icao":"SCPC","name":"Pucon","tier":3}},{"type":"Feature","geometry":{"type":"Point","coordinates":[-91.3128,52.9436]},"properties":{"iata":"ZRJ","icao":"CZRJ","name":"Round Lake","tier":3}},{"type":"Feature","geometry":{"type":"Point","coordinates":[-59.3836,50.6744]},"properties":{"iata":"ZTB","name":"Tête-à-la-Baleine","tier":3}},{"type":"Feature","geometry":{"type":"Point","coordinates":[-92.0811,55.8636]},"properties":{"iata":"ZTM","icao":"CZTM","name":"Shamattawa","tier":3}},{"type":"Feature","geometry":{"type":"Point","coordinates":[-64.1064,53.5619]},"properties":{"iata":"ZUM","icao":"CZUM","name":"Churchill Falls","tier":3}},{"type":"Feature","geometry":{"type":"Point","coordinates":[-103.172,58.1069]},"properties":{"iata":"ZWL","icao":"CZWL","name":"Wollaston Lake","tier":3}}]}